"County FIPS","County","State","Signed Value","Magnitude","Label","Tooltip Detail","Source"
"01001","Autauga County","Alabama","62","62","Autauga County, Alabama","Population density 103 people/sq mi; gap vs county median 62","Public county population and density dataset from balsama/us_counties_data"
"01003","Baldwin County","Alabama","124","124","Baldwin County, Alabama","Population density 165 people/sq mi; gap vs county median 124","Public county population and density dataset from balsama/us_counties_data"
"01005","Barbour County","Alabama","-13","13","Barbour County, Alabama","Population density 28 people/sq mi; gap vs county median -13","Public county population and density dataset from balsama/us_counties_data"
"01007","Bibb County","Alabama","-5","5","Bibb County, Alabama","Population density 36 people/sq mi; gap vs county median -5","Public county population and density dataset from balsama/us_counties_data"
"01009","Blount County","Alabama","52","52","Blount County, Alabama","Population density 93 people/sq mi; gap vs county median 52","Public county population and density dataset from balsama/us_counties_data"
"01011","Bullock County","Alabama","-25","25","Bullock County, Alabama","Population density 16 people/sq mi; gap vs county median -25","Public county population and density dataset from balsama/us_counties_data"
"01013","Butler County","Alabama","-17","17","Butler County, Alabama","Population density 24 people/sq mi; gap vs county median -17","Public county population and density dataset from balsama/us_counties_data"
"01015","Calhoun County","Alabama","151","151","Calhoun County, Alabama","Population density 192 people/sq mi; gap vs county median 151","Public county population and density dataset from balsama/us_counties_data"
"01017","Chambers County","Alabama","16","16","Chambers County, Alabama","Population density 57 people/sq mi; gap vs county median 16","Public county population and density dataset from balsama/us_counties_data"
"01019","Cherokee County","Alabama","6","6","Cherokee County, Alabama","Population density 47 people/sq mi; gap vs county median 6","Public county population and density dataset from balsama/us_counties_data"
"01021","Chilton County","Alabama","27","27","Chilton County, Alabama","Population density 68 people/sq mi; gap vs county median 27","Public county population and density dataset from balsama/us_counties_data"
"01023","Choctaw County","Alabama","-28","28","Choctaw County, Alabama","Population density 13 people/sq mi; gap vs county median -28","Public county population and density dataset from balsama/us_counties_data"
"01025","Clarke County","Alabama","-23","23","Clarke County, Alabama","Population density 18 people/sq mi; gap vs county median -23","Public county population and density dataset from balsama/us_counties_data"
"01027","Clay County","Alabama","-17","17","Clay County, Alabama","Population density 24 people/sq mi; gap vs county median -17","Public county population and density dataset from balsama/us_counties_data"
"01029","Cleburne County","Alabama","-13","13","Cleburne County, Alabama","Population density 28 people/sq mi; gap vs county median -13","Public county population and density dataset from balsama/us_counties_data"
"01031","Coffee County","Alabama","42","42","Coffee County, Alabama","Population density 83 people/sq mi; gap vs county median 42","Public county population and density dataset from balsama/us_counties_data"
"01033","Colbert County","Alabama","58","58","Colbert County, Alabama","Population density 99 people/sq mi; gap vs county median 58","Public county population and density dataset from balsama/us_counties_data"
"01035","Conecuh County","Alabama","-28","28","Conecuh County, Alabama","Population density 13 people/sq mi; gap vs county median -28","Public county population and density dataset from balsama/us_counties_data"
"01037","Coosa County","Alabama","-25","25","Coosa County, Alabama","Population density 16 people/sq mi; gap vs county median -25","Public county population and density dataset from balsama/us_counties_data"
"01039","Covington County","Alabama","-4","4","Covington County, Alabama","Population density 37 people/sq mi; gap vs county median -4","Public county population and density dataset from balsama/us_counties_data"
"01041","Crenshaw County","Alabama","-19","19","Crenshaw County, Alabama","Population density 22 people/sq mi; gap vs county median -19","Public county population and density dataset from balsama/us_counties_data"
"01043","Cullman County","Alabama","85","85","Cullman County, Alabama","Population density 126 people/sq mi; gap vs county median 85","Public county population and density dataset from balsama/us_counties_data"
"01045","Dale County","Alabama","48","48","Dale County, Alabama","Population density 89 people/sq mi; gap vs county median 48","Public county population and density dataset from balsama/us_counties_data"
"01047","Dallas County","Alabama","-5","5","Dallas County, Alabama","Population density 36 people/sq mi; gap vs county median -5","Public county population and density dataset from balsama/us_counties_data"
"01049","DeKalb County","Alabama","53","53","DeKalb County, Alabama","Population density 94 people/sq mi; gap vs county median 53","Public county population and density dataset from balsama/us_counties_data"
"01051","Elmore County","Alabama","106","106","Elmore County, Alabama","Population density 147 people/sq mi; gap vs county median 106","Public county population and density dataset from balsama/us_counties_data"
"01053","Escambia County","Alabama","-2","2","Escambia County, Alabama","Population density 39 people/sq mi; gap vs county median -2","Public county population and density dataset from balsama/us_counties_data"
"01055","Etowah County","Alabama","152","152","Etowah County, Alabama","Population density 193 people/sq mi; gap vs county median 152","Public county population and density dataset from balsama/us_counties_data"
"01057","Fayette County","Alabama","-16","16","Fayette County, Alabama","Population density 25 people/sq mi; gap vs county median -16","Public county population and density dataset from balsama/us_counties_data"
"01059","Franklin County","Alabama","9","9","Franklin County, Alabama","Population density 50 people/sq mi; gap vs county median 9","Public county population and density dataset from balsama/us_counties_data"
"01061","Geneva County","Alabama","6","6","Geneva County, Alabama","Population density 47 people/sq mi; gap vs county median 6","Public county population and density dataset from balsama/us_counties_data"
"01063","Greene County","Alabama","-30","30","Greene County, Alabama","Population density 11 people/sq mi; gap vs county median -30","Public county population and density dataset from balsama/us_counties_data"
"01065","Hale County","Alabama","-17","17","Hale County, Alabama","Population density 24 people/sq mi; gap vs county median -17","Public county population and density dataset from balsama/us_counties_data"
"01067","Henry County","Alabama","-9","9","Henry County, Alabama","Population density 32 people/sq mi; gap vs county median -9","Public county population and density dataset from balsama/us_counties_data"
"01069","Houston County","Alabama","148","148","Houston County, Alabama","Population density 189 people/sq mi; gap vs county median 148","Public county population and density dataset from balsama/us_counties_data"
"01071","Jackson County","Alabama","9","9","Jackson County, Alabama","Population density 50 people/sq mi; gap vs county median 9","Public county population and density dataset from balsama/us_counties_data"
"01073","Jefferson County","Alabama","557","557","Jefferson County, Alabama","Population density 598 people/sq mi; gap vs county median 557","Public county population and density dataset from balsama/us_counties_data"
"01075","Lamar County","Alabama","-19","19","Lamar County, Alabama","Population density 22 people/sq mi; gap vs county median -19","Public county population and density dataset from balsama/us_counties_data"
"01077","Lauderdale County","Alabama","105","105","Lauderdale County, Alabama","Population density 146 people/sq mi; gap vs county median 105","Public county population and density dataset from balsama/us_counties_data"
"01079","Lawrence County","Alabama","8","8","Lawrence County, Alabama","Population density 49 people/sq mi; gap vs county median 8","Public county population and density dataset from balsama/us_counties_data"
"01081","Lee County","Alabama","268","268","Lee County, Alabama","Population density 309 people/sq mi; gap vs county median 268","Public county population and density dataset from balsama/us_counties_data"
"01083","Limestone County","Alabama","172","172","Limestone County, Alabama","Population density 213 people/sq mi; gap vs county median 172","Public county population and density dataset from balsama/us_counties_data"
"01085","Lowndes County","Alabama","-28","28","Lowndes County, Alabama","Population density 13 people/sq mi; gap vs county median -28","Public county population and density dataset from balsama/us_counties_data"
"01087","Macon County","Alabama","-11","11","Macon County, Alabama","Population density 30 people/sq mi; gap vs county median -11","Public county population and density dataset from balsama/us_counties_data"
"01089","Madison County","Alabama","488","488","Madison County, Alabama","Population density 529 people/sq mi; gap vs county median 488","Public county population and density dataset from balsama/us_counties_data"
"01091","Marengo County","Alabama","-22","22","Marengo County, Alabama","Population density 19 people/sq mi; gap vs county median -22","Public county population and density dataset from balsama/us_counties_data"
"01093","Marion County","Alabama","-1","1","Marion County, Alabama","Population density 40 people/sq mi; gap vs county median -1","Public county population and density dataset from balsama/us_counties_data"
"01095","Marshall County","Alabama","140","140","Marshall County, Alabama","Population density 181 people/sq mi; gap vs county median 140","Public county population and density dataset from balsama/us_counties_data"
"01097","Mobile County","Alabama","295","295","Mobile County, Alabama","Population density 336 people/sq mi; gap vs county median 295","Public county population and density dataset from balsama/us_counties_data"
"01099","Monroe County","Alabama","-22","22","Monroe County, Alabama","Population density 19 people/sq mi; gap vs county median -22","Public county population and density dataset from balsama/us_counties_data"
"01101","Montgomery County","Alabama","247","247","Montgomery County, Alabama","Population density 288 people/sq mi; gap vs county median 247","Public county population and density dataset from balsama/us_counties_data"
"01103","Morgan County","Alabama","177","177","Morgan County, Alabama","Population density 218 people/sq mi; gap vs county median 177","Public county population and density dataset from balsama/us_counties_data"
"01105","Perry County","Alabama","-30","30","Perry County, Alabama","Population density 11 people/sq mi; gap vs county median -30","Public county population and density dataset from balsama/us_counties_data"
"01107","Pickens County","Alabama","-20","20","Pickens County, Alabama","Population density 21 people/sq mi; gap vs county median -20","Public county population and density dataset from balsama/us_counties_data"
"01109","Pike County","Alabama","8","8","Pike County, Alabama","Population density 49 people/sq mi; gap vs county median 8","Public county population and density dataset from balsama/us_counties_data"
"01111","Randolph County","Alabama","-1","1","Randolph County, Alabama","Population density 40 people/sq mi; gap vs county median -1","Public county population and density dataset from balsama/us_counties_data"
"01113","Russell County","Alabama","51","51","Russell County, Alabama","Population density 92 people/sq mi; gap vs county median 51","Public county population and density dataset from balsama/us_counties_data"
"01115","St. Clair County","Alabama","113","113","St. Clair County, Alabama","Population density 154 people/sq mi; gap vs county median 113","Public county population and density dataset from balsama/us_counties_data"
"01117","Shelby County","Alabama","260","260","Shelby County, Alabama","Population density 301 people/sq mi; gap vs county median 260","Public county population and density dataset from balsama/us_counties_data"
"01119","Sumter County","Alabama","-28","28","Sumter County, Alabama","Population density 13 people/sq mi; gap vs county median -28","Public county population and density dataset from balsama/us_counties_data"
"01121","Talladega County","Alabama","70","70","Talladega County, Alabama","Population density 111 people/sq mi; gap vs county median 70","Public county population and density dataset from balsama/us_counties_data"
"01123","Tallapoosa County","Alabama","16","16","Tallapoosa County, Alabama","Population density 57 people/sq mi; gap vs county median 16","Public county population and density dataset from balsama/us_counties_data"
"01125","Tuscaloosa County","Alabama","142","142","Tuscaloosa County, Alabama","Population density 183 people/sq mi; gap vs county median 142","Public county population and density dataset from balsama/us_counties_data"
"01127","Walker County","Alabama","42","42","Walker County, Alabama","Population density 83 people/sq mi; gap vs county median 42","Public county population and density dataset from balsama/us_counties_data"
"01129","Washington County","Alabama","-27","27","Washington County, Alabama","Population density 14 people/sq mi; gap vs county median -27","Public county population and density dataset from balsama/us_counties_data"
"01131","Wilcox County","Alabama","-30","30","Wilcox County, Alabama","Population density 11 people/sq mi; gap vs county median -30","Public county population and density dataset from balsama/us_counties_data"
"01133","Winston County","Alabama","-2","2","Winston County, Alabama","Population density 39 people/sq mi; gap vs county median -2","Public county population and density dataset from balsama/us_counties_data"
"02013","Aleutians East Borough","Alaska","-40","40","Aleutians East Borough, Alaska","Population density 1 people/sq mi; gap vs county median -40","Public county population and density dataset from balsama/us_counties_data"
"02020","Anchorage","Alaska","129","129","Anchorage, Alaska","Population density 170 people/sq mi; gap vs county median 129","Public county population and density dataset from balsama/us_counties_data"
"02060","Bristol Bay Borough","Alaska","-39","39","Bristol Bay Borough, Alaska","Population density 2 people/sq mi; gap vs county median -39","Public county population and density dataset from balsama/us_counties_data"
"02068","Denali Borough","Alaska","-41","41","Denali Borough, Alaska","Population density 0 people/sq mi; gap vs county median -41","Public county population and density dataset from balsama/us_counties_data"
"02090","Fairbanks North Star Borough","Alaska","-28","28","Fairbanks North Star Borough, Alaska","Population density 13 people/sq mi; gap vs county median -28","Public county population and density dataset from balsama/us_counties_data"
"02100","Haines Borough","Alaska","-40","40","Haines Borough, Alaska","Population density 1 people/sq mi; gap vs county median -40","Public county population and density dataset from balsama/us_counties_data"
"02110","Juneau","Alaska","-29","29","Juneau, Alaska","Population density 12 people/sq mi; gap vs county median -29","Public county population and density dataset from balsama/us_counties_data"
"02122","Kenai Peninsula Borough","Alaska","-37","37","Kenai Peninsula Borough, Alaska","Population density 4 people/sq mi; gap vs county median -37","Public county population and density dataset from balsama/us_counties_data"
"02130","Ketchikan Gateway Borough","Alaska","-38","38","Ketchikan Gateway Borough, Alaska","Population density 3 people/sq mi; gap vs county median -38","Public county population and density dataset from balsama/us_counties_data"
"02150","Kodiak Island Borough","Alaska","-39","39","Kodiak Island Borough, Alaska","Population density 2 people/sq mi; gap vs county median -39","Public county population and density dataset from balsama/us_counties_data"
"02164","Lake and Peninsula Borough","Alaska","-41","41","Lake and Peninsula Borough, Alaska","Population density 0 people/sq mi; gap vs county median -41","Public county population and density dataset from balsama/us_counties_data"
"02170","Matanuska-Susitna Borough","Alaska","-36","36","Matanuska-Susitna Borough, Alaska","Population density 5 people/sq mi; gap vs county median -36","Public county population and density dataset from balsama/us_counties_data"
"02185","North Slope Borough","Alaska","-41","41","North Slope Borough, Alaska","Population density 0 people/sq mi; gap vs county median -41","Public county population and density dataset from balsama/us_counties_data"
"02188","Northwest Arctic Borough","Alaska","-41","41","Northwest Arctic Borough, Alaska","Population density 0 people/sq mi; gap vs county median -41","Public county population and density dataset from balsama/us_counties_data"
"02195","Petersburg Borough","Alaska","-40","40","Petersburg Borough, Alaska","Population density 1 people/sq mi; gap vs county median -40","Public county population and density dataset from balsama/us_counties_data"
"02220","Sitka","Alaska","-38","38","Sitka, Alaska","Population density 3 people/sq mi; gap vs county median -38","Public county population and density dataset from balsama/us_counties_data"
"02230","Skagway","Alaska","-38","38","Skagway, Alaska","Population density 3 people/sq mi; gap vs county median -38","Public county population and density dataset from balsama/us_counties_data"
"02275","Wrangell","Alaska","-40","40","Wrangell, Alaska","Population density 1 people/sq mi; gap vs county median -40","Public county population and density dataset from balsama/us_counties_data"
"02282","Yakutat","Alaska","-41","41","Yakutat, Alaska","Population density 0 people/sq mi; gap vs county median -41","Public county population and density dataset from balsama/us_counties_data"
"04001","Apache County","Arizona","-35","35","Apache County, Arizona","Population density 6 people/sq mi; gap vs county median -35","Public county population and density dataset from balsama/us_counties_data"
"04003","Cochise County","Arizona","-21","21","Cochise County, Arizona","Population density 20 people/sq mi; gap vs county median -21","Public county population and density dataset from balsama/us_counties_data"
"04005","Coconino County","Arizona","-33","33","Coconino County, Arizona","Population density 8 people/sq mi; gap vs county median -33","Public county population and density dataset from balsama/us_counties_data"
"04007","Gila County","Arizona","-30","30","Gila County, Arizona","Population density 11 people/sq mi; gap vs county median -30","Public county population and density dataset from balsama/us_counties_data"
"04009","Graham County","Arizona","-32","32","Graham County, Arizona","Population density 9 people/sq mi; gap vs county median -32","Public county population and density dataset from balsama/us_counties_data"
"04011","Greenlee County","Arizona","-36","36","Greenlee County, Arizona","Population density 5 people/sq mi; gap vs county median -36","Public county population and density dataset from balsama/us_counties_data"
"04012","La Paz County","Arizona","-37","37","La Paz County, Arizona","Population density 4 people/sq mi; gap vs county median -37","Public county population and density dataset from balsama/us_counties_data"
"04013","Maricopa County","Arizona","466","466","Maricopa County, Arizona","Population density 507 people/sq mi; gap vs county median 466","Public county population and density dataset from balsama/us_counties_data"
"04015","Mohave County","Arizona","-24","24","Mohave County, Arizona","Population density 17 people/sq mi; gap vs county median -24","Public county population and density dataset from balsama/us_counties_data"
"04017","Navajo County","Arizona","-30","30","Navajo County, Arizona","Population density 11 people/sq mi; gap vs county median -30","Public county population and density dataset from balsama/us_counties_data"
"04019","Pima County","Arizona","77","77","Pima County, Arizona","Population density 118 people/sq mi; gap vs county median 77","Public county population and density dataset from balsama/us_counties_data"
"04021","Pinal County","Arizona","55","55","Pinal County, Arizona","Population density 96 people/sq mi; gap vs county median 55","Public county population and density dataset from balsama/us_counties_data"
"04023","Santa Cruz County","Arizona","0","0","Santa Cruz County, Arizona","Population density 41 people/sq mi; gap vs county median 0","Public county population and density dataset from balsama/us_counties_data"
"04025","Yavapai County","Arizona","-10","10","Yavapai County, Arizona","Population density 31 people/sq mi; gap vs county median -10","Public county population and density dataset from balsama/us_counties_data"
"04027","Yuma County","Arizona","-1","1","Yuma County, Arizona","Population density 40 people/sq mi; gap vs county median -1","Public county population and density dataset from balsama/us_counties_data"
"05001","Arkansas County","Arkansas","-25","25","Arkansas County, Arkansas","Population density 16 people/sq mi; gap vs county median -25","Public county population and density dataset from balsama/us_counties_data"
"05003","Ashley County","Arkansas","-22","22","Ashley County, Arkansas","Population density 19 people/sq mi; gap vs county median -22","Public county population and density dataset from balsama/us_counties_data"
"05005","Baxter County","Arkansas","32","32","Baxter County, Arkansas","Population density 73 people/sq mi; gap vs county median 32","Public county population and density dataset from balsama/us_counties_data"
"05007","Benton County","Arkansas","323","323","Benton County, Arkansas","Population density 364 people/sq mi; gap vs county median 323","Public county population and density dataset from balsama/us_counties_data"
"05009","Boone County","Arkansas","23","23","Boone County, Arkansas","Population density 64 people/sq mi; gap vs county median 23","Public county population and density dataset from balsama/us_counties_data"
"05011","Bradley County","Arkansas","-26","26","Bradley County, Arkansas","Population density 15 people/sq mi; gap vs county median -26","Public county population and density dataset from balsama/us_counties_data"
"05013","Calhoun County","Arkansas","-34","34","Calhoun County, Arkansas","Population density 7 people/sq mi; gap vs county median -34","Public county population and density dataset from balsama/us_counties_data"
"05015","Carroll County","Arkansas","4","4","Carroll County, Arkansas","Population density 45 people/sq mi; gap vs county median 4","Public county population and density dataset from balsama/us_counties_data"
"05017","Chicot County","Arkansas","-28","28","Chicot County, Arkansas","Population density 13 people/sq mi; gap vs county median -28","Public county population and density dataset from balsama/us_counties_data"
"05019","Clark County","Arkansas","-17","17","Clark County, Arkansas","Population density 24 people/sq mi; gap vs county median -17","Public county population and density dataset from balsama/us_counties_data"
"05021","Clay County","Arkansas","-19","19","Clay County, Arkansas","Population density 22 people/sq mi; gap vs county median -19","Public county population and density dataset from balsama/us_counties_data"
"05023","Cleburne County","Arkansas","2","2","Cleburne County, Arkansas","Population density 43 people/sq mi; gap vs county median 2","Public county population and density dataset from balsama/us_counties_data"
"05025","Cleveland County","Arkansas","-29","29","Cleveland County, Arkansas","Population density 12 people/sq mi; gap vs county median -29","Public county population and density dataset from balsama/us_counties_data"
"05027","Columbia County","Arkansas","-12","12","Columbia County, Arkansas","Population density 29 people/sq mi; gap vs county median -12","Public county population and density dataset from balsama/us_counties_data"
"05029","Conway County","Arkansas","-3","3","Conway County, Arkansas","Population density 38 people/sq mi; gap vs county median -3","Public county population and density dataset from balsama/us_counties_data"
"05031","Craighead County","Arkansas","122","122","Craighead County, Arkansas","Population density 163 people/sq mi; gap vs county median 122","Public county population and density dataset from balsama/us_counties_data"
"05033","Crawford County","Arkansas","62","62","Crawford County, Arkansas","Population density 103 people/sq mi; gap vs county median 62","Public county population and density dataset from balsama/us_counties_data"
"05035","Crittenden County","Arkansas","32","32","Crittenden County, Arkansas","Population density 73 people/sq mi; gap vs county median 32","Public county population and density dataset from balsama/us_counties_data"
"05037","Cross County","Arkansas","-15","15","Cross County, Arkansas","Population density 26 people/sq mi; gap vs county median -15","Public county population and density dataset from balsama/us_counties_data"
"05039","Dallas County","Arkansas","-32","32","Dallas County, Arkansas","Population density 9 people/sq mi; gap vs county median -32","Public county population and density dataset from balsama/us_counties_data"
"05041","Desha County","Arkansas","-28","28","Desha County, Arkansas","Population density 13 people/sq mi; gap vs county median -28","Public county population and density dataset from balsama/us_counties_data"
"05043","Drew County","Arkansas","-21","21","Drew County, Arkansas","Population density 20 people/sq mi; gap vs county median -21","Public county population and density dataset from balsama/us_counties_data"
"05045","Faulkner County","Arkansas","157","157","Faulkner County, Arkansas","Population density 198 people/sq mi; gap vs county median 157","Public county population and density dataset from balsama/us_counties_data"
"05047","Franklin County","Arkansas","-13","13","Franklin County, Arkansas","Population density 28 people/sq mi; gap vs county median -13","Public county population and density dataset from balsama/us_counties_data"
"05049","Fulton County","Arkansas","-21","21","Fulton County, Arkansas","Population density 20 people/sq mi; gap vs county median -21","Public county population and density dataset from balsama/us_counties_data"
"05051","Garland County","Arkansas","95","95","Garland County, Arkansas","Population density 136 people/sq mi; gap vs county median 95","Public county population and density dataset from balsama/us_counties_data"
"05053","Grant County","Arkansas","-12","12","Grant County, Arkansas","Population density 29 people/sq mi; gap vs county median -12","Public county population and density dataset from balsama/us_counties_data"
"05055","Greene County","Arkansas","40","40","Greene County, Arkansas","Population density 81 people/sq mi; gap vs county median 40","Public county population and density dataset from balsama/us_counties_data"
"05057","Hempstead County","Arkansas","-15","15","Hempstead County, Arkansas","Population density 26 people/sq mi; gap vs county median -15","Public county population and density dataset from balsama/us_counties_data"
"05059","Hot Spring County","Arkansas","13","13","Hot Spring County, Arkansas","Population density 54 people/sq mi; gap vs county median 13","Public county population and density dataset from balsama/us_counties_data"
"05061","Howard County","Arkansas","-20","20","Howard County, Arkansas","Population density 21 people/sq mi; gap vs county median -20","Public county population and density dataset from balsama/us_counties_data"
"05063","Independence County","Arkansas","9","9","Independence County, Arkansas","Population density 50 people/sq mi; gap vs county median 9","Public county population and density dataset from balsama/us_counties_data"
"05065","Izard County","Arkansas","-17","17","Izard County, Arkansas","Population density 24 people/sq mi; gap vs county median -17","Public county population and density dataset from balsama/us_counties_data"
"05067","Jackson County","Arkansas","-15","15","Jackson County, Arkansas","Population density 26 people/sq mi; gap vs county median -15","Public county population and density dataset from balsama/us_counties_data"
"05069","Jefferson County","Arkansas","29","29","Jefferson County, Arkansas","Population density 70 people/sq mi; gap vs county median 29","Public county population and density dataset from balsama/us_counties_data"
"05071","Johnson County","Arkansas","-3","3","Johnson County, Arkansas","Population density 38 people/sq mi; gap vs county median -3","Public county population and density dataset from balsama/us_counties_data"
"05073","Lafayette County","Arkansas","-30","30","Lafayette County, Arkansas","Population density 11 people/sq mi; gap vs county median -30","Public county population and density dataset from balsama/us_counties_data"
"05075","Lawrence County","Arkansas","-13","13","Lawrence County, Arkansas","Population density 28 people/sq mi; gap vs county median -13","Public county population and density dataset from balsama/us_counties_data"
"05077","Lee County","Arkansas","-28","28","Lee County, Arkansas","Population density 13 people/sq mi; gap vs county median -28","Public county population and density dataset from balsama/us_counties_data"
"05079","Lincoln County","Arkansas","-19","19","Lincoln County, Arkansas","Population density 22 people/sq mi; gap vs county median -19","Public county population and density dataset from balsama/us_counties_data"
"05081","Little River County","Arkansas","-20","20","Little River County, Arkansas","Population density 21 people/sq mi; gap vs county median -20","Public county population and density dataset from balsama/us_counties_data"
"05083","Logan County","Arkansas","-12","12","Logan County, Arkansas","Population density 29 people/sq mi; gap vs county median -12","Public county population and density dataset from balsama/us_counties_data"
"05085","Lonoke County","Arkansas","54","54","Lonoke County, Arkansas","Population density 95 people/sq mi; gap vs county median 54","Public county population and density dataset from balsama/us_counties_data"
"05087","Madison County","Arkansas","-20","20","Madison County, Arkansas","Population density 21 people/sq mi; gap vs county median -20","Public county population and density dataset from balsama/us_counties_data"
"05089","Marion County","Arkansas","-14","14","Marion County, Arkansas","Population density 27 people/sq mi; gap vs county median -14","Public county population and density dataset from balsama/us_counties_data"
"05091","Miller County","Arkansas","25","25","Miller County, Arkansas","Population density 66 people/sq mi; gap vs county median 25","Public county population and density dataset from balsama/us_counties_data"
"05093","Mississippi County","Arkansas","0","0","Mississippi County, Arkansas","Population density 41 people/sq mi; gap vs county median 0","Public county population and density dataset from balsama/us_counties_data"
"05095","Monroe County","Arkansas","-31","31","Monroe County, Arkansas","Population density 10 people/sq mi; gap vs county median -31","Public county population and density dataset from balsama/us_counties_data"
"05097","Montgomery County","Arkansas","-30","30","Montgomery County, Arkansas","Population density 11 people/sq mi; gap vs county median -30","Public county population and density dataset from balsama/us_counties_data"
"05099","Nevada County","Arkansas","-28","28","Nevada County, Arkansas","Population density 13 people/sq mi; gap vs county median -28","Public county population and density dataset from balsama/us_counties_data"
"05101","Newton County","Arkansas","-32","32","Newton County, Arkansas","Population density 9 people/sq mi; gap vs county median -32","Public county population and density dataset from balsama/us_counties_data"
"05103","Ouachita County","Arkansas","-12","12","Ouachita County, Arkansas","Population density 29 people/sq mi; gap vs county median -12","Public county population and density dataset from balsama/us_counties_data"
"05105","Perry County","Arkansas","-23","23","Perry County, Arkansas","Population density 18 people/sq mi; gap vs county median -23","Public county population and density dataset from balsama/us_counties_data"
"05107","Phillips County","Arkansas","-21","21","Phillips County, Arkansas","Population density 20 people/sq mi; gap vs county median -21","Public county population and density dataset from balsama/us_counties_data"
"05109","Pike County","Arkansas","-25","25","Pike County, Arkansas","Population density 16 people/sq mi; gap vs county median -25","Public county population and density dataset from balsama/us_counties_data"
"05111","Poinsett County","Arkansas","-12","12","Poinsett County, Arkansas","Population density 29 people/sq mi; gap vs county median -12","Public county population and density dataset from balsama/us_counties_data"
"05113","Polk County","Arkansas","-18","18","Polk County, Arkansas","Population density 23 people/sq mi; gap vs county median -18","Public county population and density dataset from balsama/us_counties_data"
"05115","Pope County","Arkansas","37","37","Pope County, Arkansas","Population density 78 people/sq mi; gap vs county median 37","Public county population and density dataset from balsama/us_counties_data"
"05117","Prairie County","Arkansas","-29","29","Prairie County, Arkansas","Population density 12 people/sq mi; gap vs county median -29","Public county population and density dataset from balsama/us_counties_data"
"05119","Pulaski County","Arkansas","456","456","Pulaski County, Arkansas","Population density 497 people/sq mi; gap vs county median 456","Public county population and density dataset from balsama/us_counties_data"
"05121","Randolph County","Arkansas","-12","12","Randolph County, Arkansas","Population density 29 people/sq mi; gap vs county median -12","Public county population and density dataset from balsama/us_counties_data"
"05123","St. Francis County","Arkansas","-7","7","St. Francis County, Arkansas","Population density 34 people/sq mi; gap vs county median -7","Public county population and density dataset from balsama/us_counties_data"
"05125","Saline County","Arkansas","139","139","Saline County, Arkansas","Population density 180 people/sq mi; gap vs county median 139","Public county population and density dataset from balsama/us_counties_data"
"05127","Scott County","Arkansas","-30","30","Scott County, Arkansas","Population density 11 people/sq mi; gap vs county median -30","Public county population and density dataset from balsama/us_counties_data"
"05129","Searcy County","Arkansas","-29","29","Searcy County, Arkansas","Population density 12 people/sq mi; gap vs county median -29","Public county population and density dataset from balsama/us_counties_data"
"05131","Sebastian County","Arkansas","197","197","Sebastian County, Arkansas","Population density 238 people/sq mi; gap vs county median 197","Public county population and density dataset from balsama/us_counties_data"
"05133","Sevier County","Arkansas","-14","14","Sevier County, Arkansas","Population density 27 people/sq mi; gap vs county median -14","Public county population and density dataset from balsama/us_counties_data"
"05135","Sharp County","Arkansas","-11","11","Sharp County, Arkansas","Population density 30 people/sq mi; gap vs county median -11","Public county population and density dataset from balsama/us_counties_data"
"05137","Stone County","Arkansas","-20","20","Stone County, Arkansas","Population density 21 people/sq mi; gap vs county median -20","Public county population and density dataset from balsama/us_counties_data"
"05139","Union County","Arkansas","-6","6","Union County, Arkansas","Population density 35 people/sq mi; gap vs county median -6","Public county population and density dataset from balsama/us_counties_data"
"05141","Van Buren County","Arkansas","-19","19","Van Buren County, Arkansas","Population density 22 people/sq mi; gap vs county median -19","Public county population and density dataset from balsama/us_counties_data"
"05143","Washington County","Arkansas","239","239","Washington County, Arkansas","Population density 280 people/sq mi; gap vs county median 239","Public county population and density dataset from balsama/us_counties_data"
"05145","White County","Arkansas","35","35","White County, Arkansas","Population density 76 people/sq mi; gap vs county median 35","Public county population and density dataset from balsama/us_counties_data"
"05147","Woodruff County","Arkansas","-31","31","Woodruff County, Arkansas","Population density 10 people/sq mi; gap vs county median -31","Public county population and density dataset from balsama/us_counties_data"
"05149","Yell County","Arkansas","-20","20","Yell County, Arkansas","Population density 21 people/sq mi; gap vs county median -20","Public county population and density dataset from balsama/us_counties_data"
"06001","Alameda County","California","2193","2193","Alameda County, California","Population density 2234 people/sq mi; gap vs county median 2193","Public county population and density dataset from balsama/us_counties_data"
"06003","Alpine County","California","-40","40","Alpine County, California","Population density 1 people/sq mi; gap vs county median -40","Public county population and density dataset from balsama/us_counties_data"
"06005","Amador County","California","28","28","Amador County, California","Population density 69 people/sq mi; gap vs county median 28","Public county population and density dataset from balsama/us_counties_data"
"06007","Butte County","California","86","86","Butte County, California","Population density 127 people/sq mi; gap vs county median 86","Public county population and density dataset from balsama/us_counties_data"
"06009","Calaveras County","California","5","5","Calaveras County, California","Population density 46 people/sq mi; gap vs county median 5","Public county population and density dataset from balsama/us_counties_data"
"06011","Colusa County","California","-22","22","Colusa County, California","Population density 19 people/sq mi; gap vs county median -22","Public county population and density dataset from balsama/us_counties_data"
"06013","Contra Costa County","California","1588","1588","Contra Costa County, California","Population density 1629 people/sq mi; gap vs county median 1588","Public county population and density dataset from balsama/us_counties_data"
"06015","Del Norte County","California","-14","14","Del Norte County, California","Population density 27 people/sq mi; gap vs county median -14","Public county population and density dataset from balsama/us_counties_data"
"06017","El Dorado County","California","72","72","El Dorado County, California","Population density 113 people/sq mi; gap vs county median 72","Public county population and density dataset from balsama/us_counties_data"
"06019","Fresno County","California","131","131","Fresno County, California","Population density 172 people/sq mi; gap vs county median 131","Public county population and density dataset from balsama/us_counties_data"
"06021","Glenn County","California","-19","19","Glenn County, California","Population density 22 people/sq mi; gap vs county median -19","Public county population and density dataset from balsama/us_counties_data"
"06023","Humboldt County","California","-4","4","Humboldt County, California","Population density 37 people/sq mi; gap vs county median -4","Public county population and density dataset from balsama/us_counties_data"
"06025","Imperial County","California","3","3","Imperial County, California","Population density 44 people/sq mi; gap vs county median 3","Public county population and density dataset from balsama/us_counties_data"
"06027","Inyo County","California","-39","39","Inyo County, California","Population density 2 people/sq mi; gap vs county median -39","Public county population and density dataset from balsama/us_counties_data"
"06029","Kern County","California","72","72","Kern County, California","Population density 113 people/sq mi; gap vs county median 72","Public county population and density dataset from balsama/us_counties_data"
"06031","Kings County","California","70","70","Kings County, California","Population density 111 people/sq mi; gap vs county median 70","Public county population and density dataset from balsama/us_counties_data"
"06033","Lake County","California","13","13","Lake County, California","Population density 54 people/sq mi; gap vs county median 13","Public county population and density dataset from balsama/us_counties_data"
"06035","Lassen County","California","-35","35","Lassen County, California","Population density 6 people/sq mi; gap vs county median -35","Public county population and density dataset from balsama/us_counties_data"
"06037","Los Angeles County","California","2362","2362","Los Angeles County, California","Population density 2403 people/sq mi; gap vs county median 2362","Public county population and density dataset from balsama/us_counties_data"
"06039","Madera County","California","36","36","Madera County, California","Population density 77 people/sq mi; gap vs county median 36","Public county population and density dataset from balsama/us_counties_data"
"06041","Marin County","California","452","452","Marin County, California","Population density 493 people/sq mi; gap vs county median 452","Public county population and density dataset from balsama/us_counties_data"
"06043","Mariposa County","California","-29","29","Mariposa County, California","Population density 12 people/sq mi; gap vs county median -29","Public county population and density dataset from balsama/us_counties_data"
"06045","Mendocino County","California","-16","16","Mendocino County, California","Population density 25 people/sq mi; gap vs county median -16","Public county population and density dataset from balsama/us_counties_data"
"06047","Merced County","California","113","113","Merced County, California","Population density 154 people/sq mi; gap vs county median 113","Public county population and density dataset from balsama/us_counties_data"
"06049","Modoc County","California","-39","39","Modoc County, California","Population density 2 people/sq mi; gap vs county median -39","Public county population and density dataset from balsama/us_counties_data"
"06051","Mono County","California","-37","37","Mono County, California","Population density 4 people/sq mi; gap vs county median -37","Public county population and density dataset from balsama/us_counties_data"
"06053","Monterey County","California","90","90","Monterey County, California","Population density 131 people/sq mi; gap vs county median 90","Public county population and density dataset from balsama/us_counties_data"
"06055","Napa County","California","135","135","Napa County, California","Population density 176 people/sq mi; gap vs county median 135","Public county population and density dataset from balsama/us_counties_data"
"06057","Nevada County","California","66","66","Nevada County, California","Population density 107 people/sq mi; gap vs county median 66","Public county population and density dataset from balsama/us_counties_data"
"06059","Orange County","California","3303","3303","Orange County, California","Population density 3344 people/sq mi; gap vs county median 3303","Public county population and density dataset from balsama/us_counties_data"
"06061","Placer County","California","267","267","Placer County, California","Population density 308 people/sq mi; gap vs county median 267","Public county population and density dataset from balsama/us_counties_data"
"06063","Plumas County","California","-34","34","Plumas County, California","Population density 7 people/sq mi; gap vs county median -34","Public county population and density dataset from balsama/us_counties_data"
"06065","Riverside County","California","310","310","Riverside County, California","Population density 351 people/sq mi; gap vs county median 310","Public county population and density dataset from balsama/us_counties_data"
"06067","Sacramento County","California","1627","1627","Sacramento County, California","Population density 1668 people/sq mi; gap vs county median 1627","Public county population and density dataset from balsama/us_counties_data"
"06069","San Benito County","California","9","9","San Benito County, California","Population density 50 people/sq mi; gap vs county median 9","Public county population and density dataset from balsama/us_counties_data"
"06071","San Bernardino County","California","69","69","San Bernardino County, California","Population density 110 people/sq mi; gap vs county median 69","Public county population and density dataset from balsama/us_counties_data"
"06073","San Diego County","California","744","744","San Diego County, California","Population density 785 people/sq mi; gap vs county median 744","Public county population and density dataset from balsama/us_counties_data"
"06075","City and County of San Francisco","California","17566","17566","City and County of San Francisco, California","Population density 17607 people/sq mi; gap vs county median 17566","Public county population and density dataset from balsama/us_counties_data"
"06077","San Joaquin County","California","542","542","San Joaquin County, California","Population density 583 people/sq mi; gap vs county median 542","Public county population and density dataset from balsama/us_counties_data"
"06079","San Luis Obispo County","California","44","44","San Luis Obispo County, California","Population density 85 people/sq mi; gap vs county median 44","Public county population and density dataset from balsama/us_counties_data"
"06081","San Mateo County","California","1614","1614","San Mateo County, California","Population density 1655 people/sq mi; gap vs county median 1614","Public county population and density dataset from balsama/us_counties_data"
"06083","Santa Barbara County","California","121","121","Santa Barbara County, California","Population density 162 people/sq mi; gap vs county median 121","Public county population and density dataset from balsama/us_counties_data"
"06085","Santa Clara County","California","1451","1451","Santa Clara County, California","Population density 1492 people/sq mi; gap vs county median 1451","Public county population and density dataset from balsama/us_counties_data"
"06087","Santa Cruz County","California","547","547","Santa Cruz County, California","Population density 588 people/sq mi; gap vs county median 547","Public county population and density dataset from balsama/us_counties_data"
"06089","Shasta County","California","7","7","Shasta County, California","Population density 48 people/sq mi; gap vs county median 7","Public county population and density dataset from balsama/us_counties_data"
"06091","Sierra County","California","-38","38","Sierra County, California","Population density 3 people/sq mi; gap vs county median -38","Public county population and density dataset from balsama/us_counties_data"
"06093","Siskiyou County","California","-34","34","Siskiyou County, California","Population density 7 people/sq mi; gap vs county median -34","Public county population and density dataset from balsama/us_counties_data"
"06095","Solano County","California","509","509","Solano County, California","Population density 550 people/sq mi; gap vs county median 509","Public county population and density dataset from balsama/us_counties_data"
"06097","Sonoma County","California","267","267","Sonoma County, California","Population density 308 people/sq mi; gap vs county median 267","Public county population and density dataset from balsama/us_counties_data"
"06099","Stanislaus County","California","332","332","Stanislaus County, California","Population density 373 people/sq mi; gap vs county median 332","Public county population and density dataset from balsama/us_counties_data"
"06101","Sutter County","California","122","122","Sutter County, California","Population density 163 people/sq mi; gap vs county median 122","Public county population and density dataset from balsama/us_counties_data"
"06103","Tehama County","California","-19","19","Tehama County, California","Population density 22 people/sq mi; gap vs county median -19","Public county population and density dataset from balsama/us_counties_data"
"06105","Trinity County","California","-36","36","Trinity County, California","Population density 5 people/sq mi; gap vs county median -36","Public county population and density dataset from balsama/us_counties_data"
"06107","Tulare County","California","59","59","Tulare County, California","Population density 100 people/sq mi; gap vs county median 59","Public county population and density dataset from balsama/us_counties_data"
"06109","Tuolumne County","California","-17","17","Tuolumne County, California","Population density 24 people/sq mi; gap vs county median -17","Public county population and density dataset from balsama/us_counties_data"
"06111","Ventura County","California","412","412","Ventura County, California","Population density 453 people/sq mi; gap vs county median 412","Public county population and density dataset from balsama/us_counties_data"
"06113","Yolo County","California","182","182","Yolo County, California","Population density 223 people/sq mi; gap vs county median 182","Public county population and density dataset from balsama/us_counties_data"
"06115","Yuba County","California","98","98","Yuba County, California","Population density 139 people/sq mi; gap vs county median 98","Public county population and density dataset from balsama/us_counties_data"
"08001","Adams County","Colorado","418","418","Adams County, Colorado","Population density 459 people/sq mi; gap vs county median 418","Public county population and density dataset from balsama/us_counties_data"
"08003","Alamosa County","Colorado","-18","18","Alamosa County, Colorado","Population density 23 people/sq mi; gap vs county median -18","Public county population and density dataset from balsama/us_counties_data"
"08005","Arapahoe County","Colorado","789","789","Arapahoe County, Colorado","Population density 830 people/sq mi; gap vs county median 789","Public county population and density dataset from balsama/us_counties_data"
"08007","Archuleta County","Colorado","-31","31","Archuleta County, Colorado","Population density 10 people/sq mi; gap vs county median -31","Public county population and density dataset from balsama/us_counties_data"
"08009","Baca County","Colorado","-40","40","Baca County, Colorado","Population density 1 people/sq mi; gap vs county median -40","Public county population and density dataset from balsama/us_counties_data"
"08011","Bent County","Colorado","-37","37","Bent County, Colorado","Population density 4 people/sq mi; gap vs county median -37","Public county population and density dataset from balsama/us_counties_data"
"08013","Boulder County","Colorado","405","405","Boulder County, Colorado","Population density 446 people/sq mi; gap vs county median 405","Public county population and density dataset from balsama/us_counties_data"
"08014","City and County of Broomfield","Colorado","2332","2332","City and County of Broomfield, Colorado","Population density 2373 people/sq mi; gap vs county median 2332","Public county population and density dataset from balsama/us_counties_data"
"08015","Chaffee County","Colorado","-21","21","Chaffee County, Colorado","Population density 20 people/sq mi; gap vs county median -21","Public county population and density dataset from balsama/us_counties_data"
"08017","Cheyenne County","Colorado","-40","40","Cheyenne County, Colorado","Population density 1 people/sq mi; gap vs county median -40","Public county population and density dataset from balsama/us_counties_data"
"08019","Clear Creek County","Colorado","-18","18","Clear Creek County, Colorado","Population density 23 people/sq mi; gap vs county median -18","Public county population and density dataset from balsama/us_counties_data"
"08021","Conejos County","Colorado","-35","35","Conejos County, Colorado","Population density 6 people/sq mi; gap vs county median -35","Public county population and density dataset from balsama/us_counties_data"
"08023","Costilla County","Colorado","-38","38","Costilla County, Colorado","Population density 3 people/sq mi; gap vs county median -38","Public county population and density dataset from balsama/us_counties_data"
"08025","Crowley County","Colorado","-34","34","Crowley County, Colorado","Population density 7 people/sq mi; gap vs county median -34","Public county population and density dataset from balsama/us_counties_data"
"08027","Custer County","Colorado","-33","33","Custer County, Colorado","Population density 8 people/sq mi; gap vs county median -33","Public county population and density dataset from balsama/us_counties_data"
"08029","Delta County","Colorado","-13","13","Delta County, Colorado","Population density 28 people/sq mi; gap vs county median -13","Public county population and density dataset from balsama/us_counties_data"
"08031","City and County of Denver","Colorado","4662","4662","City and County of Denver, Colorado","Population density 4703 people/sq mi; gap vs county median 4662","Public county population and density dataset from balsama/us_counties_data"
"08033","Dolores County","Colorado","-39","39","Dolores County, Colorado","Population density 2 people/sq mi; gap vs county median -39","Public county population and density dataset from balsama/us_counties_data"
"08035","Douglas County","Colorado","427","427","Douglas County, Colorado","Population density 468 people/sq mi; gap vs county median 427","Public county population and density dataset from balsama/us_counties_data"
"08037","Eagle County","Colorado","-9","9","Eagle County, Colorado","Population density 32 people/sq mi; gap vs county median -9","Public county population and density dataset from balsama/us_counties_data"
"08039","Elbert County","Colorado","-25","25","Elbert County, Colorado","Population density 16 people/sq mi; gap vs county median -25","Public county population and density dataset from balsama/us_counties_data"
"08041","El Paso County","Colorado","313","313","El Paso County, Colorado","Population density 354 people/sq mi; gap vs county median 313","Public county population and density dataset from balsama/us_counties_data"
"08043","Fremont County","Colorado","-8","8","Fremont County, Colorado","Population density 33 people/sq mi; gap vs county median -8","Public county population and density dataset from balsama/us_counties_data"
"08045","Garfield County","Colorado","-20","20","Garfield County, Colorado","Population density 21 people/sq mi; gap vs county median -20","Public county population and density dataset from balsama/us_counties_data"
"08047","Gilpin County","Colorado","-1","1","Gilpin County, Colorado","Population density 40 people/sq mi; gap vs county median -1","Public county population and density dataset from balsama/us_counties_data"
"08049","Grand County","Colorado","-32","32","Grand County, Colorado","Population density 9 people/sq mi; gap vs county median -32","Public county population and density dataset from balsama/us_counties_data"
"08051","Gunnison County","Colorado","-36","36","Gunnison County, Colorado","Population density 5 people/sq mi; gap vs county median -36","Public county population and density dataset from balsama/us_counties_data"
"08053","Hinsdale County","Colorado","-40","40","Hinsdale County, Colorado","Population density 1 people/sq mi; gap vs county median -40","Public county population and density dataset from balsama/us_counties_data"
"08055","Huerfano County","Colorado","-37","37","Huerfano County, Colorado","Population density 4 people/sq mi; gap vs county median -37","Public county population and density dataset from balsama/us_counties_data"
"08057","Jackson County","Colorado","-40","40","Jackson County, Colorado","Population density 1 people/sq mi; gap vs county median -40","Public county population and density dataset from balsama/us_counties_data"
"08059","Jefferson County","Colorado","708","708","Jefferson County, Colorado","Population density 749 people/sq mi; gap vs county median 708","Public county population and density dataset from balsama/us_counties_data"
"08061","Kiowa County","Colorado","-40","40","Kiowa County, Colorado","Population density 1 people/sq mi; gap vs county median -40","Public county population and density dataset from balsama/us_counties_data"
"08063","Kit Carson County","Colorado","-38","38","Kit Carson County, Colorado","Population density 3 people/sq mi; gap vs county median -38","Public county population and density dataset from balsama/us_counties_data"
"08065","Lake County","Colorado","-22","22","Lake County, Colorado","Population density 19 people/sq mi; gap vs county median -22","Public county population and density dataset from balsama/us_counties_data"
"08067","La Plata County","Colorado","-8","8","La Plata County, Colorado","Population density 33 people/sq mi; gap vs county median -8","Public county population and density dataset from balsama/us_counties_data"
"08069","Larimer County","Colorado","101","101","Larimer County, Colorado","Population density 142 people/sq mi; gap vs county median 101","Public county population and density dataset from balsama/us_counties_data"
"08071","Las Animas County","Colorado","-38","38","Las Animas County, Colorado","Population density 3 people/sq mi; gap vs county median -38","Public county population and density dataset from balsama/us_counties_data"
"08073","Lincoln County","Colorado","-39","39","Lincoln County, Colorado","Population density 2 people/sq mi; gap vs county median -39","Public county population and density dataset from balsama/us_counties_data"
"08075","Logan County","Colorado","-30","30","Logan County, Colorado","Population density 11 people/sq mi; gap vs county median -30","Public county population and density dataset from balsama/us_counties_data"
"08077","Mesa County","Colorado","7","7","Mesa County, Colorado","Population density 48 people/sq mi; gap vs county median 7","Public county population and density dataset from balsama/us_counties_data"
"08079","Mineral County","Colorado","-40","40","Mineral County, Colorado","Population density 1 people/sq mi; gap vs county median -40","Public county population and density dataset from balsama/us_counties_data"
"08081","Moffat County","Colorado","-38","38","Moffat County, Colorado","Population density 3 people/sq mi; gap vs county median -38","Public county population and density dataset from balsama/us_counties_data"
"08083","Montezuma County","Colorado","-28","28","Montezuma County, Colorado","Population density 13 people/sq mi; gap vs county median -28","Public county population and density dataset from balsama/us_counties_data"
"08085","Montrose County","Colorado","-21","21","Montrose County, Colorado","Population density 20 people/sq mi; gap vs county median -21","Public county population and density dataset from balsama/us_counties_data"
"08087","Morgan County","Colorado","-18","18","Morgan County, Colorado","Population density 23 people/sq mi; gap vs county median -18","Public county population and density dataset from balsama/us_counties_data"
"08089","Otero County","Colorado","-27","27","Otero County, Colorado","Population density 14 people/sq mi; gap vs county median -27","Public county population and density dataset from balsama/us_counties_data"
"08091","Ouray County","Colorado","-31","31","Ouray County, Colorado","Population density 10 people/sq mi; gap vs county median -31","Public county population and density dataset from balsama/us_counties_data"
"08093","Park County","Colorado","-33","33","Park County, Colorado","Population density 8 people/sq mi; gap vs county median -33","Public county population and density dataset from balsama/us_counties_data"
"08095","Phillips County","Colorado","-34","34","Phillips County, Colorado","Population density 7 people/sq mi; gap vs county median -34","Public county population and density dataset from balsama/us_counties_data"
"08097","Pitkin County","Colorado","-24","24","Pitkin County, Colorado","Population density 17 people/sq mi; gap vs county median -24","Public county population and density dataset from balsama/us_counties_data"
"08099","Prowers County","Colorado","-34","34","Prowers County, Colorado","Population density 7 people/sq mi; gap vs county median -34","Public county population and density dataset from balsama/us_counties_data"
"08101","Pueblo County","Colorado","30","30","Pueblo County, Colorado","Population density 71 people/sq mi; gap vs county median 30","Public county population and density dataset from balsama/us_counties_data"
"08103","Rio Blanco County","Colorado","-39","39","Rio Blanco County, Colorado","Population density 2 people/sq mi; gap vs county median -39","Public county population and density dataset from balsama/us_counties_data"
"08105","Rio Grande County","Colorado","-29","29","Rio Grande County, Colorado","Population density 12 people/sq mi; gap vs county median -29","Public county population and density dataset from balsama/us_counties_data"
"08107","Routt County","Colorado","-30","30","Routt County, Colorado","Population density 11 people/sq mi; gap vs county median -30","Public county population and density dataset from balsama/us_counties_data"
"08109","Saguache County","Colorado","-39","39","Saguache County, Colorado","Population density 2 people/sq mi; gap vs county median -39","Public county population and density dataset from balsama/us_counties_data"
"08111","San Juan County","Colorado","-39","39","San Juan County, Colorado","Population density 2 people/sq mi; gap vs county median -39","Public county population and density dataset from balsama/us_counties_data"
"08113","San Miguel County","Colorado","-35","35","San Miguel County, Colorado","Population density 6 people/sq mi; gap vs county median -35","Public county population and density dataset from balsama/us_counties_data"
"08115","Sedgwick County","Colorado","-37","37","Sedgwick County, Colorado","Population density 4 people/sq mi; gap vs county median -37","Public county population and density dataset from balsama/us_counties_data"
"08117","Summit County","Colorado","9","9","Summit County, Colorado","Population density 50 people/sq mi; gap vs county median 9","Public county population and density dataset from balsama/us_counties_data"
"08119","Teller County","Colorado","4","4","Teller County, Colorado","Population density 45 people/sq mi; gap vs county median 4","Public county population and density dataset from balsama/us_counties_data"
"08121","Washington County","Colorado","-39","39","Washington County, Colorado","Population density 2 people/sq mi; gap vs county median -39","Public county population and density dataset from balsama/us_counties_data"
"08123","Weld County","Colorado","51","51","Weld County, Colorado","Population density 92 people/sq mi; gap vs county median 51","Public county population and density dataset from balsama/us_counties_data"
"08125","Yuma County","Colorado","-37","37","Yuma County, Colorado","Population density 4 people/sq mi; gap vs county median -37","Public county population and density dataset from balsama/us_counties_data"
"09001","Fairfield County","Connecticut","1492","1492","Fairfield County, Connecticut","Population density 1533 people/sq mi; gap vs county median 1492","Public county population and density dataset from balsama/us_counties_data"
"09003","Hartford County","Connecticut","1178","1178","Hartford County, Connecticut","Population density 1219 people/sq mi; gap vs county median 1178","Public county population and density dataset from balsama/us_counties_data"
"09005","Litchfield County","Connecticut","160","160","Litchfield County, Connecticut","Population density 201 people/sq mi; gap vs county median 160","Public county population and density dataset from balsama/us_counties_data"
"09007","Middlesex County","Connecticut","406","406","Middlesex County, Connecticut","Population density 447 people/sq mi; gap vs county median 406","Public county population and density dataset from balsama/us_counties_data"
"09009","New Haven County","Connecticut","1384","1384","New Haven County, Connecticut","Population density 1425 people/sq mi; gap vs county median 1384","Public county population and density dataset from balsama/us_counties_data"
"09011","New London County","Connecticut","363","363","New London County, Connecticut","Population density 404 people/sq mi; gap vs county median 363","Public county population and density dataset from balsama/us_counties_data"
"09013","Tolland County","Connecticut","326","326","Tolland County, Connecticut","Population density 367 people/sq mi; gap vs county median 326","Public county population and density dataset from balsama/us_counties_data"
"09015","Windham County","Connecticut","186","186","Windham County, Connecticut","Population density 227 people/sq mi; gap vs county median 186","Public county population and density dataset from balsama/us_counties_data"
"10001","Kent County","Delaware","200","200","Kent County, Delaware","Population density 241 people/sq mi; gap vs county median 200","Public county population and density dataset from balsama/us_counties_data"
"10003","New Castle County","Delaware","1149","1149","New Castle County, Delaware","Population density 1190 people/sq mi; gap vs county median 1149","Public county population and density dataset from balsama/us_counties_data"
"10005","Sussex County","Delaware","186","186","Sussex County, Delaware","Population density 227 people/sq mi; gap vs county median 186","Public county population and density dataset from balsama/us_counties_data"
"12001","Alachua County","Florida","293","293","Alachua County, Florida","Population density 334 people/sq mi; gap vs county median 293","Public county population and density dataset from balsama/us_counties_data"
"12003","Baker County","Florida","9","9","Baker County, Florida","Population density 50 people/sq mi; gap vs county median 9","Public county population and density dataset from balsama/us_counties_data"
"12005","Bay County","Florida","220","220","Bay County, Florida","Population density 261 people/sq mi; gap vs county median 220","Public county population and density dataset from balsama/us_counties_data"
"12007","Bradford County","Florida","55","55","Bradford County, Florida","Population density 96 people/sq mi; gap vs county median 55","Public county population and density dataset from balsama/us_counties_data"
"12009","Brevard County","Florida","606","606","Brevard County, Florida","Population density 647 people/sq mi; gap vs county median 606","Public county population and density dataset from balsama/us_counties_data"
"12011","Broward County","Florida","1644","1644","Broward County, Florida","Population density 1685 people/sq mi; gap vs county median 1644","Public county population and density dataset from balsama/us_counties_data"
"12013","Calhoun County","Florida","-18","18","Calhoun County, Florida","Population density 23 people/sq mi; gap vs county median -18","Public county population and density dataset from balsama/us_counties_data"
"12015","Charlotte County","Florida","265","265","Charlotte County, Florida","Population density 306 people/sq mi; gap vs county median 265","Public county population and density dataset from balsama/us_counties_data"
"12017","Citrus County","Florida","250","250","Citrus County, Florida","Population density 291 people/sq mi; gap vs county median 250","Public county population and density dataset from balsama/us_counties_data"
"12019","Clay County","Florida","353","353","Clay County, Florida","Population density 394 people/sq mi; gap vs county median 353","Public county population and density dataset from balsama/us_counties_data"
"12021","Collier County","Florida","164","164","Collier County, Florida","Population density 205 people/sq mi; gap vs county median 164","Public county population and density dataset from balsama/us_counties_data"
"12023","Columbia County","Florida","52","52","Columbia County, Florida","Population density 93 people/sq mi; gap vs county median 52","Public county population and density dataset from balsama/us_counties_data"
"12027","DeSoto County","Florida","17","17","DeSoto County, Florida","Population density 58 people/sq mi; gap vs county median 17","Public county population and density dataset from balsama/us_counties_data"
"12029","Dixie County","Florida","-16","16","Dixie County, Florida","Population density 25 people/sq mi; gap vs county median -16","Public county population and density dataset from balsama/us_counties_data"
"12031","Duval County","Florida","1322","1322","Duval County, Florida","Population density 1363 people/sq mi; gap vs county median 1322","Public county population and density dataset from balsama/us_counties_data"
"12033","Escambia County","Florida","458","458","Escambia County, Florida","Population density 499 people/sq mi; gap vs county median 458","Public county population and density dataset from balsama/us_counties_data"
"12035","Flagler County","Florida","241","241","Flagler County, Florida","Population density 282 people/sq mi; gap vs county median 241","Public county population and density dataset from balsama/us_counties_data"
"12037","Franklin County","Florida","-17","17","Franklin County, Florida","Population density 24 people/sq mi; gap vs county median -17","Public county population and density dataset from balsama/us_counties_data"
"12039","Gadsden County","Florida","45","45","Gadsden County, Florida","Population density 86 people/sq mi; gap vs county median 45","Public county population and density dataset from balsama/us_counties_data"
"12041","Gilchrist County","Florida","17","17","Gilchrist County, Florida","Population density 58 people/sq mi; gap vs county median 17","Public county population and density dataset from balsama/us_counties_data"
"12043","Glades County","Florida","-24","24","Glades County, Florida","Population density 17 people/sq mi; gap vs county median -24","Public county population and density dataset from balsama/us_counties_data"
"12045","Gulf County","Florida","-13","13","Gulf County, Florida","Population density 28 people/sq mi; gap vs county median -13","Public county population and density dataset from balsama/us_counties_data"
"12047","Hamilton County","Florida","-13","13","Hamilton County, Florida","Population density 28 people/sq mi; gap vs county median -13","Public county population and density dataset from balsama/us_counties_data"
"12049","Hardee County","Florida","0","0","Hardee County, Florida","Population density 41 people/sq mi; gap vs county median 0","Public county population and density dataset from balsama/us_counties_data"
"12051","Hendry County","Florida","-1","1","Hendry County, Florida","Population density 40 people/sq mi; gap vs county median -1","Public county population and density dataset from balsama/us_counties_data"
"12053","Hernando County","Florida","415","415","Hernando County, Florida","Population density 456 people/sq mi; gap vs county median 415","Public county population and density dataset from balsama/us_counties_data"
"12055","Highlands County","Florida","66","66","Highlands County, Florida","Population density 107 people/sq mi; gap vs county median 66","Public county population and density dataset from balsama/us_counties_data"
"12057","Hillsborough County","Florida","1464","1464","Hillsborough County, Florida","Population density 1505 people/sq mi; gap vs county median 1464","Public county population and density dataset from balsama/us_counties_data"
"12059","Holmes County","Florida","0","0","Holmes County, Florida","Population density 41 people/sq mi; gap vs county median 0","Public county population and density dataset from balsama/us_counties_data"
"12061","Indian River County","Florida","301","301","Indian River County, Florida","Population density 342 people/sq mi; gap vs county median 301","Public county population and density dataset from balsama/us_counties_data"
"12063","Jackson County","Florida","14","14","Jackson County, Florida","Population density 55 people/sq mi; gap vs county median 14","Public county population and density dataset from balsama/us_counties_data"
"12065","Jefferson County","Florida","-14","14","Jefferson County, Florida","Population density 27 people/sq mi; gap vs county median -14","Public county population and density dataset from balsama/us_counties_data"
"12067","Lafayette County","Florida","-25","25","Lafayette County, Florida","Population density 16 people/sq mi; gap vs county median -25","Public county population and density dataset from balsama/us_counties_data"
"12069","Lake County","Florida","425","425","Lake County, Florida","Population density 466 people/sq mi; gap vs county median 425","Public county population and density dataset from balsama/us_counties_data"
"12071","Lee County","Florida","1030","1030","Lee County, Florida","Population density 1071 people/sq mi; gap vs county median 1030","Public county population and density dataset from balsama/us_counties_data"
"12073","Leon County","Florida","410","410","Leon County, Florida","Population density 451 people/sq mi; gap vs county median 410","Public county population and density dataset from balsama/us_counties_data"
"12075","Levy County","Florida","2","2","Levy County, Florida","Population density 43 people/sq mi; gap vs county median 2","Public county population and density dataset from balsama/us_counties_data"
"12077","Liberty County","Florida","-31","31","Liberty County, Florida","Population density 10 people/sq mi; gap vs county median -31","Public county population and density dataset from balsama/us_counties_data"
"12079","Madison County","Florida","-14","14","Madison County, Florida","Population density 27 people/sq mi; gap vs county median -14","Public county population and density dataset from balsama/us_counties_data"
"12081","Manatee County","Florida","578","578","Manatee County, Florida","Population density 619 people/sq mi; gap vs county median 578","Public county population and density dataset from balsama/us_counties_data"
"12083","Marion County","Florida","231","231","Marion County, Florida","Population density 272 people/sq mi; gap vs county median 231","Public county population and density dataset from balsama/us_counties_data"
"12085","Martin County","Florida","257","257","Martin County, Florida","Population density 298 people/sq mi; gap vs county median 257","Public county population and density dataset from balsama/us_counties_data"
"12086","Miami-Dade County","Florida","1418","1418","Miami-Dade County, Florida","Population density 1459 people/sq mi; gap vs county median 1418","Public county population and density dataset from balsama/us_counties_data"
"12087","Monroe County","Florida","40","40","Monroe County, Florida","Population density 81 people/sq mi; gap vs county median 40","Public county population and density dataset from balsama/us_counties_data"
"12089","Nassau County","Florida","119","119","Nassau County, Florida","Population density 160 people/sq mi; gap vs county median 119","Public county population and density dataset from balsama/us_counties_data"
"12091","Okaloosa County","Florida","195","195","Okaloosa County, Florida","Population density 236 people/sq mi; gap vs county median 195","Public county population and density dataset from balsama/us_counties_data"
"12093","Okeechobee County","Florida","14","14","Okeechobee County, Florida","Population density 55 people/sq mi; gap vs county median 14","Public county population and density dataset from balsama/us_counties_data"
"12095","Orange County","Florida","1648","1648","Orange County, Florida","Population density 1689 people/sq mi; gap vs county median 1648","Public county population and density dataset from balsama/us_counties_data"
"12097","Osceola County","Florida","313","313","Osceola County, Florida","Population density 354 people/sq mi; gap vs county median 313","Public county population and density dataset from balsama/us_counties_data"
"12099","Palm Beach County","Florida","737","737","Palm Beach County, Florida","Population density 778 people/sq mi; gap vs county median 737","Public county population and density dataset from balsama/us_counties_data"
"12101","Pasco County","Florida","844","844","Pasco County, Florida","Population density 885 people/sq mi; gap vs county median 844","Public county population and density dataset from balsama/us_counties_data"
"12103","Pinellas County","Florida","3409","3409","Pinellas County, Florida","Population density 3450 people/sq mi; gap vs county median 3409","Public county population and density dataset from balsama/us_counties_data"
"12105","Polk County","Florida","414","414","Polk County, Florida","Population density 455 people/sq mi; gap vs county median 414","Public county population and density dataset from balsama/us_counties_data"
"12107","Putnam County","Florida","66","66","Putnam County, Florida","Population density 107 people/sq mi; gap vs county median 66","Public county population and density dataset from balsama/us_counties_data"
"12109","St. Johns County","Florida","509","509","St. Johns County, Florida","Population density 550 people/sq mi; gap vs county median 509","Public county population and density dataset from balsama/us_counties_data"
"12111","St. Lucie County","Florida","642","642","St. Lucie County, Florida","Population density 683 people/sq mi; gap vs county median 642","Public county population and density dataset from balsama/us_counties_data"
"12113","Santa Rosa County","Florida","163","163","Santa Rosa County, Florida","Population density 204 people/sq mi; gap vs county median 163","Public county population and density dataset from balsama/us_counties_data"
"12115","Sarasota County","Florida","792","792","Sarasota County, Florida","Population density 833 people/sq mi; gap vs county median 792","Public county population and density dataset from balsama/us_counties_data"
"12117","Seminole County","Florida","1565","1565","Seminole County, Florida","Population density 1606 people/sq mi; gap vs county median 1565","Public county population and density dataset from balsama/us_counties_data"
"12119","Sumter County","Florida","242","242","Sumter County, Florida","Population density 283 people/sq mi; gap vs county median 242","Public county population and density dataset from balsama/us_counties_data"
"12121","Suwannee County","Florida","28","28","Suwannee County, Florida","Population density 69 people/sq mi; gap vs county median 28","Public county population and density dataset from balsama/us_counties_data"
"12123","Taylor County","Florida","-20","20","Taylor County, Florida","Population density 21 people/sq mi; gap vs county median -20","Public county population and density dataset from balsama/us_counties_data"
"12125","Union County","Florida","25","25","Union County, Florida","Population density 66 people/sq mi; gap vs county median 25","Public county population and density dataset from balsama/us_counties_data"
"12127","Volusia County","Florida","504","504","Volusia County, Florida","Population density 545 people/sq mi; gap vs county median 504","Public county population and density dataset from balsama/us_counties_data"
"12129","Wakulla County","Florida","20","20","Wakulla County, Florida","Population density 61 people/sq mi; gap vs county median 20","Public county population and density dataset from balsama/us_counties_data"
"12131","Walton County","Florida","44","44","Walton County, Florida","Population density 85 people/sq mi; gap vs county median 44","Public county population and density dataset from balsama/us_counties_data"
"12133","Washington County","Florida","5","5","Washington County, Florida","Population density 46 people/sq mi; gap vs county median 5","Public county population and density dataset from balsama/us_counties_data"
"13001","Appling County","Georgia","-4","4","Appling County, Georgia","Population density 37 people/sq mi; gap vs county median -4","Public county population and density dataset from balsama/us_counties_data"
"13003","Atkinson County","Georgia","-16","16","Atkinson County, Georgia","Population density 25 people/sq mi; gap vs county median -16","Public county population and density dataset from balsama/us_counties_data"
"13005","Bacon County","Georgia","-2","2","Bacon County, Georgia","Population density 39 people/sq mi; gap vs county median -2","Public county population and density dataset from balsama/us_counties_data"
"13007","Baker County","Georgia","-33","33","Baker County, Georgia","Population density 8 people/sq mi; gap vs county median -33","Public county population and density dataset from balsama/us_counties_data"
"13009","Baldwin County","Georgia","128","128","Baldwin County, Georgia","Population density 169 people/sq mi; gap vs county median 128","Public county population and density dataset from balsama/us_counties_data"
"13011","Banks County","Georgia","46","46","Banks County, Georgia","Population density 87 people/sq mi; gap vs county median 46","Public county population and density dataset from balsama/us_counties_data"
"13013","Barrow County","Georgia","553","553","Barrow County, Georgia","Population density 594 people/sq mi; gap vs county median 553","Public county population and density dataset from balsama/us_counties_data"
"13015","Bartow County","Georgia","214","214","Bartow County, Georgia","Population density 255 people/sq mi; gap vs county median 214","Public county population and density dataset from balsama/us_counties_data"
"13017","Ben Hill County","Georgia","26","26","Ben Hill County, Georgia","Population density 67 people/sq mi; gap vs county median 26","Public county population and density dataset from balsama/us_counties_data"
"13019","Berrien County","Georgia","0","0","Berrien County, Georgia","Population density 41 people/sq mi; gap vs county median 0","Public county population and density dataset from balsama/us_counties_data"
"13021","Bibb County","Georgia","587","587","Bibb County, Georgia","Population density 628 people/sq mi; gap vs county median 587","Public county population and density dataset from balsama/us_counties_data"
"13023","Bleckley County","Georgia","17","17","Bleckley County, Georgia","Population density 58 people/sq mi; gap vs county median 17","Public county population and density dataset from balsama/us_counties_data"
"13025","Brantley County","Georgia","1","1","Brantley County, Georgia","Population density 42 people/sq mi; gap vs county median 1","Public county population and density dataset from balsama/us_counties_data"
"13027","Brooks County","Georgia","-8","8","Brooks County, Georgia","Population density 33 people/sq mi; gap vs county median -8","Public county population and density dataset from balsama/us_counties_data"
"13029","Bryan County","Georgia","75","75","Bryan County, Georgia","Population density 116 people/sq mi; gap vs county median 75","Public county population and density dataset from balsama/us_counties_data"
"13031","Bulloch County","Georgia","84","84","Bulloch County, Georgia","Population density 125 people/sq mi; gap vs county median 84","Public county population and density dataset from balsama/us_counties_data"
"13033","Burke County","Georgia","-12","12","Burke County, Georgia","Population density 29 people/sq mi; gap vs county median -12","Public county population and density dataset from balsama/us_counties_data"
"13035","Butts County","Georgia","104","104","Butts County, Georgia","Population density 145 people/sq mi; gap vs county median 104","Public county population and density dataset from balsama/us_counties_data"
"13037","Calhoun County","Georgia","-22","22","Calhoun County, Georgia","Population density 19 people/sq mi; gap vs county median -22","Public county population and density dataset from balsama/us_counties_data"
"13039","Camden County","Georgia","53","53","Camden County, Georgia","Population density 94 people/sq mi; gap vs county median 53","Public county population and density dataset from balsama/us_counties_data"
"13043","Candler County","Georgia","4","4","Candler County, Georgia","Population density 45 people/sq mi; gap vs county median 4","Public county population and density dataset from balsama/us_counties_data"
"13045","Carroll County","Georgia","219","219","Carroll County, Georgia","Population density 260 people/sq mi; gap vs county median 219","Public county population and density dataset from balsama/us_counties_data"
"13047","Catoosa County","Georgia","385","385","Catoosa County, Georgia","Population density 426 people/sq mi; gap vs county median 385","Public county population and density dataset from balsama/us_counties_data"
"13049","Charlton County","Georgia","-24","24","Charlton County, Georgia","Population density 17 people/sq mi; gap vs county median -24","Public county population and density dataset from balsama/us_counties_data"
"13051","Chatham County","Georgia","657","657","Chatham County, Georgia","Population density 698 people/sq mi; gap vs county median 657","Public county population and density dataset from balsama/us_counties_data"
"13053","Chattahoochee County","Georgia","-7","7","Chattahoochee County, Georgia","Population density 34 people/sq mi; gap vs county median -7","Public county population and density dataset from balsama/us_counties_data"
"13055","Chattooga County","Georgia","40","40","Chattooga County, Georgia","Population density 81 people/sq mi; gap vs county median 40","Public county population and density dataset from balsama/us_counties_data"
"13057","Cherokee County","Georgia","651","651","Cherokee County, Georgia","Population density 692 people/sq mi; gap vs county median 651","Public county population and density dataset from balsama/us_counties_data"
"13059","Clarke County","Georgia","1033","1033","Clarke County, Georgia","Population density 1074 people/sq mi; gap vs county median 1033","Public county population and density dataset from balsama/us_counties_data"
"13061","Clay County","Georgia","-27","27","Clay County, Georgia","Population density 14 people/sq mi; gap vs county median -27","Public county population and density dataset from balsama/us_counties_data"
"13063","Clayton County","Georgia","2041","2041","Clayton County, Georgia","Population density 2082 people/sq mi; gap vs county median 2041","Public county population and density dataset from balsama/us_counties_data"
"13065","Clinch County","Georgia","-33","33","Clinch County, Georgia","Population density 8 people/sq mi; gap vs county median -33","Public county population and density dataset from balsama/us_counties_data"
"13067","Cobb County","Georgia","2275","2275","Cobb County, Georgia","Population density 2316 people/sq mi; gap vs county median 2275","Public county population and density dataset from balsama/us_counties_data"
"13069","Coffee County","Georgia","32","32","Coffee County, Georgia","Population density 73 people/sq mi; gap vs county median 32","Public county population and density dataset from balsama/us_counties_data"
"13071","Colquitt County","Georgia","44","44","Colquitt County, Georgia","Population density 85 people/sq mi; gap vs county median 44","Public county population and density dataset from balsama/us_counties_data"
"13073","Columbia County","Georgia","536","536","Columbia County, Georgia","Population density 577 people/sq mi; gap vs county median 536","Public county population and density dataset from balsama/us_counties_data"
"13075","Cook County","Georgia","38","38","Cook County, Georgia","Population density 79 people/sq mi; gap vs county median 38","Public county population and density dataset from balsama/us_counties_data"
"13077","Coweta County","Georgia","316","316","Coweta County, Georgia","Population density 357 people/sq mi; gap vs county median 316","Public county population and density dataset from balsama/us_counties_data"
"13079","Crawford County","Georgia","-3","3","Crawford County, Georgia","Population density 38 people/sq mi; gap vs county median -3","Public county population and density dataset from balsama/us_counties_data"
"13081","Crisp County","Georgia","30","30","Crisp County, Georgia","Population density 71 people/sq mi; gap vs county median 30","Public county population and density dataset from balsama/us_counties_data"
"13083","Dade County","Georgia","51","51","Dade County, Georgia","Population density 92 people/sq mi; gap vs county median 51","Public county population and density dataset from balsama/us_counties_data"
"13085","Dawson County","Georgia","119","119","Dawson County, Georgia","Population density 160 people/sq mi; gap vs county median 119","Public county population and density dataset from balsama/us_counties_data"
"13087","Decatur County","Georgia","8","8","Decatur County, Georgia","Population density 49 people/sq mi; gap vs county median 8","Public county population and density dataset from balsama/us_counties_data"
"13089","DeKalb County","Georgia","2833","2833","DeKalb County, Georgia","Population density 2874 people/sq mi; gap vs county median 2833","Public county population and density dataset from balsama/us_counties_data"
"13091","Dodge County","Georgia","-2","2","Dodge County, Georgia","Population density 39 people/sq mi; gap vs county median -2","Public county population and density dataset from balsama/us_counties_data"
"13093","Dooly County","Georgia","-13","13","Dooly County, Georgia","Population density 28 people/sq mi; gap vs county median -13","Public county population and density dataset from balsama/us_counties_data"
"13095","Dougherty County","Georgia","209","209","Dougherty County, Georgia","Population density 250 people/sq mi; gap vs county median 209","Public county population and density dataset from balsama/us_counties_data"
"13097","Douglas County","Georgia","722","722","Douglas County, Georgia","Population density 763 people/sq mi; gap vs county median 722","Public county population and density dataset from balsama/us_counties_data"
"13099","Early County","Georgia","-21","21","Early County, Georgia","Population density 20 people/sq mi; gap vs county median -21","Public county population and density dataset from balsama/us_counties_data"
"13101","Echols County","Georgia","-32","32","Echols County, Georgia","Population density 9 people/sq mi; gap vs county median -32","Public county population and density dataset from balsama/us_counties_data"
"13103","Effingham County","Georgia","111","111","Effingham County, Georgia","Population density 152 people/sq mi; gap vs county median 111","Public county population and density dataset from balsama/us_counties_data"
"13105","Elbert County","Georgia","14","14","Elbert County, Georgia","Population density 55 people/sq mi; gap vs county median 14","Public county population and density dataset from balsama/us_counties_data"
"13107","Emanuel County","Georgia","-7","7","Emanuel County, Georgia","Population density 34 people/sq mi; gap vs county median -7","Public county population and density dataset from balsama/us_counties_data"
"13109","Evans County","Georgia","18","18","Evans County, Georgia","Population density 59 people/sq mi; gap vs county median 18","Public county population and density dataset from balsama/us_counties_data"
"13111","Fannin County","Georgia","26","26","Fannin County, Georgia","Population density 67 people/sq mi; gap vs county median 26","Public county population and density dataset from balsama/us_counties_data"
"13113","Fayette County","Georgia","594","594","Fayette County, Georgia","Population density 635 people/sq mi; gap vs county median 594","Public county population and density dataset from balsama/us_counties_data"
"13115","Floyd County","Georgia","157","157","Floyd County, Georgia","Population density 198 people/sq mi; gap vs county median 157","Public county population and density dataset from balsama/us_counties_data"
"13117","Forsyth County","Georgia","1198","1198","Forsyth County, Georgia","Population density 1239 people/sq mi; gap vs county median 1198","Public county population and density dataset from balsama/us_counties_data"
"13119","Franklin County","Georgia","55","55","Franklin County, Georgia","Population density 96 people/sq mi; gap vs county median 55","Public county population and density dataset from balsama/us_counties_data"
"13121","Fulton County","Georgia","2020","2020","Fulton County, Georgia","Population density 2061 people/sq mi; gap vs county median 2020","Public county population and density dataset from balsama/us_counties_data"
"13123","Gilmer County","Georgia","37","37","Gilmer County, Georgia","Population density 78 people/sq mi; gap vs county median 37","Public county population and density dataset from balsama/us_counties_data"
"13125","Glascock County","Georgia","-20","20","Glascock County, Georgia","Population density 21 people/sq mi; gap vs county median -20","Public county population and density dataset from balsama/us_counties_data"
"13127","Glynn County","Georgia","164","164","Glynn County, Georgia","Population density 205 people/sq mi; gap vs county median 164","Public county population and density dataset from balsama/us_counties_data"
"13129","Gordon County","Georgia","130","130","Gordon County, Georgia","Population density 171 people/sq mi; gap vs county median 130","Public county population and density dataset from balsama/us_counties_data"
"13131","Grady County","Georgia","16","16","Grady County, Georgia","Population density 57 people/sq mi; gap vs county median 16","Public county population and density dataset from balsama/us_counties_data"
"13133","Greene County","Georgia","13","13","Greene County, Georgia","Population density 54 people/sq mi; gap vs county median 13","Public county population and density dataset from balsama/us_counties_data"
"13135","Gwinnett County","Georgia","2277","2277","Gwinnett County, Georgia","Population density 2318 people/sq mi; gap vs county median 2277","Public county population and density dataset from balsama/us_counties_data"
"13137","Habersham County","Georgia","138","138","Habersham County, Georgia","Population density 179 people/sq mi; gap vs county median 138","Public county population and density dataset from balsama/us_counties_data"
"13139","Hall County","Georgia","522","522","Hall County, Georgia","Population density 563 people/sq mi; gap vs county median 522","Public county population and density dataset from balsama/us_counties_data"
"13141","Hancock County","Georgia","-23","23","Hancock County, Georgia","Population density 18 people/sq mi; gap vs county median -23","Public county population and density dataset from balsama/us_counties_data"
"13143","Haralson County","Georgia","74","74","Haralson County, Georgia","Population density 115 people/sq mi; gap vs county median 74","Public county population and density dataset from balsama/us_counties_data"
"13145","Harris County","Georgia","39","39","Harris County, Georgia","Population density 80 people/sq mi; gap vs county median 39","Public county population and density dataset from balsama/us_counties_data"
"13147","Hart County","Georgia","80","80","Hart County, Georgia","Population density 121 people/sq mi; gap vs county median 80","Public county population and density dataset from balsama/us_counties_data"
"13149","Heard County","Georgia","0","0","Heard County, Georgia","Population density 41 people/sq mi; gap vs county median 0","Public county population and density dataset from balsama/us_counties_data"
"13151","Henry County","Georgia","762","762","Henry County, Georgia","Population density 803 people/sq mi; gap vs county median 762","Public county population and density dataset from balsama/us_counties_data"
"13153","Houston County","Georgia","423","423","Houston County, Georgia","Population density 464 people/sq mi; gap vs county median 423","Public county population and density dataset from balsama/us_counties_data"
"13155","Irwin County","Georgia","-15","15","Irwin County, Georgia","Population density 26 people/sq mi; gap vs county median -15","Public county population and density dataset from balsama/us_counties_data"
"13157","Jackson County","Georgia","233","233","Jackson County, Georgia","Population density 274 people/sq mi; gap vs county median 233","Public county population and density dataset from balsama/us_counties_data"
"13159","Jasper County","Georgia","6","6","Jasper County, Georgia","Population density 47 people/sq mi; gap vs county median 6","Public county population and density dataset from balsama/us_counties_data"
"13161","Jeff Davis County","Georgia","4","4","Jeff Davis County, Georgia","Population density 45 people/sq mi; gap vs county median 4","Public county population and density dataset from balsama/us_counties_data"
"13163","Jefferson County","Georgia","-13","13","Jefferson County, Georgia","Population density 28 people/sq mi; gap vs county median -13","Public county population and density dataset from balsama/us_counties_data"
"13165","Jenkins County","Georgia","-16","16","Jenkins County, Georgia","Population density 25 people/sq mi; gap vs county median -16","Public county population and density dataset from balsama/us_counties_data"
"13167","Johnson County","Georgia","-11","11","Johnson County, Georgia","Population density 30 people/sq mi; gap vs county median -11","Public county population and density dataset from balsama/us_counties_data"
"13169","Jones County","Georgia","33","33","Jones County, Georgia","Population density 74 people/sq mi; gap vs county median 33","Public county population and density dataset from balsama/us_counties_data"
"13171","Lamar County","Georgia","71","71","Lamar County, Georgia","Population density 112 people/sq mi; gap vs county median 71","Public county population and density dataset from balsama/us_counties_data"
"13173","Lanier County","Georgia","15","15","Lanier County, Georgia","Population density 56 people/sq mi; gap vs county median 15","Public county population and density dataset from balsama/us_counties_data"
"13175","Laurens County","Georgia","21","21","Laurens County, Georgia","Population density 62 people/sq mi; gap vs county median 21","Public county population and density dataset from balsama/us_counties_data"
"13177","Lee County","Georgia","55","55","Lee County, Georgia","Population density 96 people/sq mi; gap vs county median 55","Public county population and density dataset from balsama/us_counties_data"
"13179","Liberty County","Georgia","91","91","Liberty County, Georgia","Population density 132 people/sq mi; gap vs county median 91","Public county population and density dataset from balsama/us_counties_data"
"13181","Lincoln County","Georgia","-3","3","Lincoln County, Georgia","Population density 38 people/sq mi; gap vs county median -3","Public county population and density dataset from balsama/us_counties_data"
"13183","Long County","Georgia","10","10","Long County, Georgia","Population density 51 people/sq mi; gap vs county median 10","Public county population and density dataset from balsama/us_counties_data"
"13185","Lowndes County","Georgia","201","201","Lowndes County, Georgia","Population density 242 people/sq mi; gap vs county median 201","Public county population and density dataset from balsama/us_counties_data"
"13187","Lumpkin County","Georgia","86","86","Lumpkin County, Georgia","Population density 127 people/sq mi; gap vs county median 86","Public county population and density dataset from balsama/us_counties_data"
"13189","McDuffie County","Georgia","43","43","McDuffie County, Georgia","Population density 84 people/sq mi; gap vs county median 43","Public county population and density dataset from balsama/us_counties_data"
"13191","McIntosh County","Georgia","-14","14","McIntosh County, Georgia","Population density 27 people/sq mi; gap vs county median -14","Public county population and density dataset from balsama/us_counties_data"
"13193","Macon County","Georgia","-12","12","Macon County, Georgia","Population density 29 people/sq mi; gap vs county median -12","Public county population and density dataset from balsama/us_counties_data"
"13195","Madison County","Georgia","74","74","Madison County, Georgia","Population density 115 people/sq mi; gap vs county median 74","Public county population and density dataset from balsama/us_counties_data"
"13197","Marion County","Georgia","-20","20","Marion County, Georgia","Population density 21 people/sq mi; gap vs county median -20","Public county population and density dataset from balsama/us_counties_data"
"13199","Meriwether County","Georgia","2","2","Meriwether County, Georgia","Population density 43 people/sq mi; gap vs county median 2","Public county population and density dataset from balsama/us_counties_data"
"13201","Miller County","Georgia","-20","20","Miller County, Georgia","Population density 21 people/sq mi; gap vs county median -20","Public county population and density dataset from balsama/us_counties_data"
"13205","Mitchell County","Georgia","-1","1","Mitchell County, Georgia","Population density 40 people/sq mi; gap vs county median -1","Public county population and density dataset from balsama/us_counties_data"
"13207","Monroe County","Georgia","38","38","Monroe County, Georgia","Population density 79 people/sq mi; gap vs county median 38","Public county population and density dataset from balsama/us_counties_data"
"13209","Montgomery County","Georgia","-6","6","Montgomery County, Georgia","Population density 35 people/sq mi; gap vs county median -6","Public county population and density dataset from balsama/us_counties_data"
"13211","Morgan County","Georgia","22","22","Morgan County, Georgia","Population density 63 people/sq mi; gap vs county median 22","Public county population and density dataset from balsama/us_counties_data"
"13213","Murray County","Georgia","79","79","Murray County, Georgia","Population density 120 people/sq mi; gap vs county median 79","Public county population and density dataset from balsama/us_counties_data"
"13215","Muscogee County","Georgia","893","893","Muscogee County, Georgia","Population density 934 people/sq mi; gap vs county median 893","Public county population and density dataset from balsama/us_counties_data"
"13217","Newton County","Georgia","408","408","Newton County, Georgia","Population density 449 people/sq mi; gap vs county median 408","Public county population and density dataset from balsama/us_counties_data"
"13219","Oconee County","Georgia","200","200","Oconee County, Georgia","Population density 241 people/sq mi; gap vs county median 200","Public county population and density dataset from balsama/us_counties_data"
"13221","Oglethorpe County","Georgia","-4","4","Oglethorpe County, Georgia","Population density 37 people/sq mi; gap vs county median -4","Public county population and density dataset from balsama/us_counties_data"
"13223","Paulding County","Georgia","559","559","Paulding County, Georgia","Population density 600 people/sq mi; gap vs county median 559","Public county population and density dataset from balsama/us_counties_data"
"13225","Peach County","Georgia","152","152","Peach County, Georgia","Population density 193 people/sq mi; gap vs county median 152","Public county population and density dataset from balsama/us_counties_data"
"13227","Pickens County","Georgia","117","117","Pickens County, Georgia","Population density 158 people/sq mi; gap vs county median 117","Public county population and density dataset from balsama/us_counties_data"
"13229","Pierce County","Georgia","19","19","Pierce County, Georgia","Population density 60 people/sq mi; gap vs county median 19","Public county population and density dataset from balsama/us_counties_data"
"13231","Pike County","Georgia","54","54","Pike County, Georgia","Population density 95 people/sq mi; gap vs county median 54","Public county population and density dataset from balsama/us_counties_data"
"13233","Polk County","Georgia","102","102","Polk County, Georgia","Population density 143 people/sq mi; gap vs county median 102","Public county population and density dataset from balsama/us_counties_data"
"13235","Pulaski County","Georgia","0","0","Pulaski County, Georgia","Population density 41 people/sq mi; gap vs county median 0","Public county population and density dataset from balsama/us_counties_data"
"13237","Putnam County","Georgia","27","27","Putnam County, Georgia","Population density 68 people/sq mi; gap vs county median 27","Public county population and density dataset from balsama/us_counties_data"
"13239","Quitman County","Georgia","-26","26","Quitman County, Georgia","Population density 15 people/sq mi; gap vs county median -26","Public county population and density dataset from balsama/us_counties_data"
"13241","Rabun County","Georgia","7","7","Rabun County, Georgia","Population density 48 people/sq mi; gap vs county median 7","Public county population and density dataset from balsama/us_counties_data"
"13243","Randolph County","Georgia","-27","27","Randolph County, Georgia","Population density 14 people/sq mi; gap vs county median -27","Public county population and density dataset from balsama/us_counties_data"
"13245","Richmond County","Georgia","596","596","Richmond County, Georgia","Population density 637 people/sq mi; gap vs county median 596","Public county population and density dataset from balsama/us_counties_data"
"13247","Rockdale County","Georgia","704","704","Rockdale County, Georgia","Population density 745 people/sq mi; gap vs county median 704","Public county population and density dataset from balsama/us_counties_data"
"13249","Schley County","Georgia","-14","14","Schley County, Georgia","Population density 27 people/sq mi; gap vs county median -14","Public county population and density dataset from balsama/us_counties_data"
"13251","Screven County","Georgia","-19","19","Screven County, Georgia","Population density 22 people/sq mi; gap vs county median -19","Public county population and density dataset from balsama/us_counties_data"
"13253","Seminole County","Georgia","-2","2","Seminole County, Georgia","Population density 39 people/sq mi; gap vs county median -2","Public county population and density dataset from balsama/us_counties_data"
"13255","Spalding County","Georgia","314","314","Spalding County, Georgia","Population density 355 people/sq mi; gap vs county median 314","Public county population and density dataset from balsama/us_counties_data"
"13257","Stephens County","Georgia","113","113","Stephens County, Georgia","Population density 154 people/sq mi; gap vs county median 113","Public county population and density dataset from balsama/us_counties_data"
"13259","Stewart County","Georgia","-31","31","Stewart County, Georgia","Population density 10 people/sq mi; gap vs county median -31","Public county population and density dataset from balsama/us_counties_data"
"13261","Sumter County","Georgia","19","19","Sumter County, Georgia","Population density 60 people/sq mi; gap vs county median 19","Public county population and density dataset from balsama/us_counties_data"
"13263","Talbot County","Georgia","-26","26","Talbot County, Georgia","Population density 15 people/sq mi; gap vs county median -26","Public county population and density dataset from balsama/us_counties_data"
"13265","Taliaferro County","Georgia","-33","33","Taliaferro County, Georgia","Population density 8 people/sq mi; gap vs county median -33","Public county population and density dataset from balsama/us_counties_data"
"13267","Tattnall County","Georgia","9","9","Tattnall County, Georgia","Population density 50 people/sq mi; gap vs county median 9","Public county population and density dataset from balsama/us_counties_data"
"13269","Taylor County","Georgia","-20","20","Taylor County, Georgia","Population density 21 people/sq mi; gap vs county median -20","Public county population and density dataset from balsama/us_counties_data"
"13271","Telfair County","Georgia","-16","16","Telfair County, Georgia","Population density 25 people/sq mi; gap vs county median -16","Public county population and density dataset from balsama/us_counties_data"
"13273","Terrell County","Georgia","-15","15","Terrell County, Georgia","Population density 26 people/sq mi; gap vs county median -15","Public county population and density dataset from balsama/us_counties_data"
"13275","Thomas County","Georgia","43","43","Thomas County, Georgia","Population density 84 people/sq mi; gap vs county median 43","Public county population and density dataset from balsama/us_counties_data"
"13277","Tift County","Georgia","116","116","Tift County, Georgia","Population density 157 people/sq mi; gap vs county median 116","Public county population and density dataset from balsama/us_counties_data"
"13279","Toombs County","Georgia","34","34","Toombs County, Georgia","Population density 75 people/sq mi; gap vs county median 34","Public county population and density dataset from balsama/us_counties_data"
"13281","Towns County","Georgia","38","38","Towns County, Georgia","Population density 79 people/sq mi; gap vs county median 38","Public county population and density dataset from balsama/us_counties_data"
"13283","Treutlen County","Georgia","-9","9","Treutlen County, Georgia","Population density 32 people/sq mi; gap vs county median -9","Public county population and density dataset from balsama/us_counties_data"
"13285","Troup County","Georgia","132","132","Troup County, Georgia","Population density 173 people/sq mi; gap vs county median 132","Public county population and density dataset from balsama/us_counties_data"
"13287","Turner County","Georgia","-9","9","Turner County, Georgia","Population density 32 people/sq mi; gap vs county median -9","Public county population and density dataset from balsama/us_counties_data"
"13289","Twiggs County","Georgia","-20","20","Twiggs County, Georgia","Population density 21 people/sq mi; gap vs county median -20","Public county population and density dataset from balsama/us_counties_data"
"13291","Union County","Georgia","44","44","Union County, Georgia","Population density 85 people/sq mi; gap vs county median 44","Public county population and density dataset from balsama/us_counties_data"
"13293","Upson County","Georgia","46","46","Upson County, Georgia","Population density 87 people/sq mi; gap vs county median 46","Public county population and density dataset from balsama/us_counties_data"
"13295","Walker County","Georgia","114","114","Walker County, Georgia","Population density 155 people/sq mi; gap vs county median 114","Public county population and density dataset from balsama/us_counties_data"
"13297","Walton County","Georgia","293","293","Walton County, Georgia","Population density 334 people/sq mi; gap vs county median 293","Public county population and density dataset from balsama/us_counties_data"
"13299","Ware County","Georgia","-1","1","Ware County, Georgia","Population density 40 people/sq mi; gap vs county median -1","Public county population and density dataset from balsama/us_counties_data"
"13301","Warren County","Georgia","-23","23","Warren County, Georgia","Population density 18 people/sq mi; gap vs county median -23","Public county population and density dataset from balsama/us_counties_data"
"13303","Washington County","Georgia","-12","12","Washington County, Georgia","Population density 29 people/sq mi; gap vs county median -12","Public county population and density dataset from balsama/us_counties_data"
"13305","Wayne County","Georgia","9","9","Wayne County, Georgia","Population density 50 people/sq mi; gap vs county median 9","Public county population and density dataset from balsama/us_counties_data"
"13307","Webster County","Georgia","-30","30","Webster County, Georgia","Population density 11 people/sq mi; gap vs county median -30","Public county population and density dataset from balsama/us_counties_data"
"13309","Wheeler County","Georgia","-17","17","Wheeler County, Georgia","Population density 24 people/sq mi; gap vs county median -17","Public county population and density dataset from balsama/us_counties_data"
"13311","White County","Georgia","82","82","White County, Georgia","Population density 123 people/sq mi; gap vs county median 82","Public county population and density dataset from balsama/us_counties_data"
"13313","Whitfield County","Georgia","321","321","Whitfield County, Georgia","Population density 362 people/sq mi; gap vs county median 321","Public county population and density dataset from balsama/us_counties_data"
"13315","Wilcox County","Georgia","-18","18","Wilcox County, Georgia","Population density 23 people/sq mi; gap vs county median -18","Public county population and density dataset from balsama/us_counties_data"
"13317","Wilkes County","Georgia","-21","21","Wilkes County, Georgia","Population density 20 people/sq mi; gap vs county median -21","Public county population and density dataset from balsama/us_counties_data"
"13319","Wilkinson County","Georgia","-22","22","Wilkinson County, Georgia","Population density 19 people/sq mi; gap vs county median -22","Public county population and density dataset from balsama/us_counties_data"
"13321","Worth County","Georgia","-5","5","Worth County, Georgia","Population density 36 people/sq mi; gap vs county median -5","Public county population and density dataset from balsama/us_counties_data"
"15001","Hawai'i County","Hawaii","11","11","Hawai'i County, Hawaii","Population density 52 people/sq mi; gap vs county median 11","Public county population and density dataset from balsama/us_counties_data"
"15003","Honolulu County","Hawaii","1632","1632","Honolulu County, Hawaii","Population density 1673 people/sq mi; gap vs county median 1632","Public county population and density dataset from balsama/us_counties_data"
"15005","Kalawao County","Hawaii","-25","25","Kalawao County, Hawaii","Population density 16 people/sq mi; gap vs county median -25","Public county population and density dataset from balsama/us_counties_data"
"15007","Kauai County","Hawaii","78","78","Kauai County, Hawaii","Population density 119 people/sq mi; gap vs county median 78","Public county population and density dataset from balsama/us_counties_data"
"15009","Maui County","Hawaii","105","105","Maui County, Hawaii","Population density 146 people/sq mi; gap vs county median 105","Public county population and density dataset from balsama/us_counties_data"
"16001","Ada County","Idaho","467","467","Ada County, Idaho","Population density 508 people/sq mi; gap vs county median 467","Public county population and density dataset from balsama/us_counties_data"
"16003","Adams County","Idaho","-37","37","Adams County, Idaho","Population density 4 people/sq mi; gap vs county median -37","Public county population and density dataset from balsama/us_counties_data"
"16005","Bannock County","Idaho","41","41","Bannock County, Idaho","Population density 82 people/sq mi; gap vs county median 41","Public county population and density dataset from balsama/us_counties_data"
"16007","Bear Lake County","Idaho","-34","34","Bear Lake County, Idaho","Population density 7 people/sq mi; gap vs county median -34","Public county population and density dataset from balsama/us_counties_data"
"16009","Benewah County","Idaho","-27","27","Benewah County, Idaho","Population density 14 people/sq mi; gap vs county median -27","Public county population and density dataset from balsama/us_counties_data"
"16011","Bingham County","Idaho","-17","17","Bingham County, Idaho","Population density 24 people/sq mi; gap vs county median -17","Public county population and density dataset from balsama/us_counties_data"
"16013","Blaine County","Idaho","-31","31","Blaine County, Idaho","Population density 10 people/sq mi; gap vs county median -31","Public county population and density dataset from balsama/us_counties_data"
"16015","Boise County","Idaho","-36","36","Boise County, Idaho","Population density 5 people/sq mi; gap vs county median -36","Public county population and density dataset from balsama/us_counties_data"
"16017","Bonner County","Idaho","-10","10","Bonner County, Idaho","Population density 31 people/sq mi; gap vs county median -10","Public county population and density dataset from balsama/us_counties_data"
"16019","Bonneville County","Idaho","31","31","Bonneville County, Idaho","Population density 72 people/sq mi; gap vs county median 31","Public county population and density dataset from balsama/us_counties_data"
"16021","Boundary County","Idaho","-30","30","Boundary County, Idaho","Population density 11 people/sq mi; gap vs county median -30","Public county population and density dataset from balsama/us_counties_data"
"16023","Butte County","Idaho","-40","40","Butte County, Idaho","Population density 1 people/sq mi; gap vs county median -40","Public county population and density dataset from balsama/us_counties_data"
"16025","Camas County","Idaho","-40","40","Camas County, Idaho","Population density 1 people/sq mi; gap vs county median -40","Public county population and density dataset from balsama/us_counties_data"
"16027","Canyon County","Idaho","411","411","Canyon County, Idaho","Population density 452 people/sq mi; gap vs county median 411","Public county population and density dataset from balsama/us_counties_data"
"16029","Caribou County","Idaho","-37","37","Caribou County, Idaho","Population density 4 people/sq mi; gap vs county median -37","Public county population and density dataset from balsama/us_counties_data"
"16031","Cassia County","Idaho","-31","31","Cassia County, Idaho","Population density 10 people/sq mi; gap vs county median -31","Public county population and density dataset from balsama/us_counties_data"
"16033","Clark County","Idaho","-41","41","Clark County, Idaho","Population density 0 people/sq mi; gap vs county median -41","Public county population and density dataset from balsama/us_counties_data"
"16035","Clearwater County","Idaho","-37","37","Clearwater County, Idaho","Population density 4 people/sq mi; gap vs county median -37","Public county population and density dataset from balsama/us_counties_data"
"16037","Custer County","Idaho","-40","40","Custer County, Idaho","Population density 1 people/sq mi; gap vs county median -40","Public county population and density dataset from balsama/us_counties_data"
"16039","Elmore County","Idaho","-31","31","Elmore County, Idaho","Population density 10 people/sq mi; gap vs county median -31","Public county population and density dataset from balsama/us_counties_data"
"16041","Franklin County","Idaho","-18","18","Franklin County, Idaho","Population density 23 people/sq mi; gap vs county median -18","Public county population and density dataset from balsama/us_counties_data"
"16043","Fremont County","Idaho","-33","33","Fremont County, Idaho","Population density 8 people/sq mi; gap vs county median -33","Public county population and density dataset from balsama/us_counties_data"
"16045","Gem County","Idaho","-2","2","Gem County, Idaho","Population density 39 people/sq mi; gap vs county median -2","Public county population and density dataset from balsama/us_counties_data"
"16047","Gooding County","Idaho","-19","19","Gooding County, Idaho","Population density 22 people/sq mi; gap vs county median -19","Public county population and density dataset from balsama/us_counties_data"
"16049","Idaho County","Idaho","-39","39","Idaho County, Idaho","Population density 2 people/sq mi; gap vs county median -39","Public county population and density dataset from balsama/us_counties_data"
"16051","Jefferson County","Idaho","-9","9","Jefferson County, Idaho","Population density 32 people/sq mi; gap vs county median -9","Public county population and density dataset from balsama/us_counties_data"
"16053","Jerome County","Idaho","2","2","Jerome County, Idaho","Population density 43 people/sq mi; gap vs county median 2","Public county population and density dataset from balsama/us_counties_data"
"16055","Kootenai County","Idaho","110","110","Kootenai County, Idaho","Population density 151 people/sq mi; gap vs county median 110","Public county population and density dataset from balsama/us_counties_data"
"16057","Latah County","Idaho","-2","2","Latah County, Idaho","Population density 39 people/sq mi; gap vs county median -2","Public county population and density dataset from balsama/us_counties_data"
"16059","Lemhi County","Idaho","-39","39","Lemhi County, Idaho","Population density 2 people/sq mi; gap vs county median -39","Public county population and density dataset from balsama/us_counties_data"
"16061","Lewis County","Idaho","-33","33","Lewis County, Idaho","Population density 8 people/sq mi; gap vs county median -33","Public county population and density dataset from balsama/us_counties_data"
"16063","Lincoln County","Idaho","-36","36","Lincoln County, Idaho","Population density 5 people/sq mi; gap vs county median -36","Public county population and density dataset from balsama/us_counties_data"
"16065","Madison County","Idaho","77","77","Madison County, Idaho","Population density 118 people/sq mi; gap vs county median 77","Public county population and density dataset from balsama/us_counties_data"
"16067","Minidoka County","Idaho","-11","11","Minidoka County, Idaho","Population density 30 people/sq mi; gap vs county median -11","Public county population and density dataset from balsama/us_counties_data"
"16069","Nez Perce County","Idaho","9","9","Nez Perce County, Idaho","Population density 50 people/sq mi; gap vs county median 9","Public county population and density dataset from balsama/us_counties_data"
"16071","Oneida County","Idaho","-37","37","Oneida County, Idaho","Population density 4 people/sq mi; gap vs county median -37","Public county population and density dataset from balsama/us_counties_data"
"16073","Owyhee County","Idaho","-39","39","Owyhee County, Idaho","Population density 2 people/sq mi; gap vs county median -39","Public county population and density dataset from balsama/us_counties_data"
"16075","Payette County","Idaho","27","27","Payette County, Idaho","Population density 68 people/sq mi; gap vs county median 27","Public county population and density dataset from balsama/us_counties_data"
"16077","Power County","Idaho","-35","35","Power County, Idaho","Population density 6 people/sq mi; gap vs county median -35","Public county population and density dataset from balsama/us_counties_data"
"16079","Shoshone County","Idaho","-36","36","Shoshone County, Idaho","Population density 5 people/sq mi; gap vs county median -36","Public county population and density dataset from balsama/us_counties_data"
"16081","Teton County","Idaho","-12","12","Teton County, Idaho","Population density 29 people/sq mi; gap vs county median -12","Public county population and density dataset from balsama/us_counties_data"
"16083","Twin Falls County","Idaho","9","9","Twin Falls County, Idaho","Population density 50 people/sq mi; gap vs county median 9","Public county population and density dataset from balsama/us_counties_data"
"16085","Valley County","Idaho","-38","38","Valley County, Idaho","Population density 3 people/sq mi; gap vs county median -38","Public county population and density dataset from balsama/us_counties_data"
"16087","Washington County","Idaho","-33","33","Washington County, Idaho","Population density 8 people/sq mi; gap vs county median -33","Public county population and density dataset from balsama/us_counties_data"
"17001","Adams County","Illinois","34","34","Adams County, Illinois","Population density 75 people/sq mi; gap vs county median 34","Public county population and density dataset from balsama/us_counties_data"
"17003","Alexander County","Illinois","-22","22","Alexander County, Illinois","Population density 19 people/sq mi; gap vs county median -22","Public county population and density dataset from balsama/us_counties_data"
"17005","Bond County","Illinois","3","3","Bond County, Illinois","Population density 44 people/sq mi; gap vs county median 3","Public county population and density dataset from balsama/us_counties_data"
"17007","Boone County","Illinois","149","149","Boone County, Illinois","Population density 190 people/sq mi; gap vs county median 149","Public county population and density dataset from balsama/us_counties_data"
"17009","Brown County","Illinois","-20","20","Brown County, Illinois","Population density 21 people/sq mi; gap vs county median -20","Public county population and density dataset from balsama/us_counties_data"
"17011","Bureau County","Illinois","-4","4","Bureau County, Illinois","Population density 37 people/sq mi; gap vs county median -4","Public county population and density dataset from balsama/us_counties_data"
"17013","Calhoun County","Illinois","-24","24","Calhoun County, Illinois","Population density 17 people/sq mi; gap vs county median -24","Public county population and density dataset from balsama/us_counties_data"
"17015","Carroll County","Illinois","-6","6","Carroll County, Illinois","Population density 35 people/sq mi; gap vs county median -6","Public county population and density dataset from balsama/us_counties_data"
"17017","Cass County","Illinois","-7","7","Cass County, Illinois","Population density 34 people/sq mi; gap vs county median -7","Public county population and density dataset from balsama/us_counties_data"
"17019","Champaign County","Illinois","172","172","Champaign County, Illinois","Population density 213 people/sq mi; gap vs county median 172","Public county population and density dataset from balsama/us_counties_data"
"17021","Christian County","Illinois","6","6","Christian County, Illinois","Population density 47 people/sq mi; gap vs county median 6","Public county population and density dataset from balsama/us_counties_data"
"17023","Clark County","Illinois","-11","11","Clark County, Illinois","Population density 30 people/sq mi; gap vs county median -11","Public county population and density dataset from balsama/us_counties_data"
"17025","Clay County","Illinois","-14","14","Clay County, Illinois","Population density 27 people/sq mi; gap vs county median -14","Public county population and density dataset from balsama/us_counties_data"
"17027","Clinton County","Illinois","37","37","Clinton County, Illinois","Population density 78 people/sq mi; gap vs county median 37","Public county population and density dataset from balsama/us_counties_data"
"17029","Coles County","Illinois","50","50","Coles County, Illinois","Population density 91 people/sq mi; gap vs county median 50","Public county population and density dataset from balsama/us_counties_data"
"17031","Cook County","Illinois","5449","5449","Cook County, Illinois","Population density 5490 people/sq mi; gap vs county median 5449","Public county population and density dataset from balsama/us_counties_data"
"17033","Crawford County","Illinois","1","1","Crawford County, Illinois","Population density 42 people/sq mi; gap vs county median 1","Public county population and density dataset from balsama/us_counties_data"
"17035","Cumberland County","Illinois","-11","11","Cumberland County, Illinois","Population density 30 people/sq mi; gap vs county median -11","Public county population and density dataset from balsama/us_counties_data"
"17037","DeKalb County","Illinois","120","120","DeKalb County, Illinois","Population density 161 people/sq mi; gap vs county median 120","Public county population and density dataset from balsama/us_counties_data"
"17039","DeWitt County","Illinois","-2","2","DeWitt County, Illinois","Population density 39 people/sq mi; gap vs county median -2","Public county population and density dataset from balsama/us_counties_data"
"17041","Douglas County","Illinois","7","7","Douglas County, Illinois","Population density 48 people/sq mi; gap vs county median 7","Public county population and density dataset from balsama/us_counties_data"
"17043","DuPage County","Illinois","2825","2825","DuPage County, Illinois","Population density 2866 people/sq mi; gap vs county median 2825","Public county population and density dataset from balsama/us_counties_data"
"17045","Edgar County","Illinois","-15","15","Edgar County, Illinois","Population density 26 people/sq mi; gap vs county median -15","Public county population and density dataset from balsama/us_counties_data"
"17047","Edwards County","Illinois","-14","14","Edwards County, Illinois","Population density 27 people/sq mi; gap vs county median -14","Public county population and density dataset from balsama/us_counties_data"
"17049","Effingham County","Illinois","31","31","Effingham County, Illinois","Population density 72 people/sq mi; gap vs county median 31","Public county population and density dataset from balsama/us_counties_data"
"17051","Fayette County","Illinois","-11","11","Fayette County, Illinois","Population density 30 people/sq mi; gap vs county median -11","Public county population and density dataset from balsama/us_counties_data"
"17053","Ford County","Illinois","-13","13","Ford County, Illinois","Population density 28 people/sq mi; gap vs county median -13","Public county population and density dataset from balsama/us_counties_data"
"17055","Franklin County","Illinois","50","50","Franklin County, Illinois","Population density 91 people/sq mi; gap vs county median 50","Public county population and density dataset from balsama/us_counties_data"
"17057","Fulton County","Illinois","-3","3","Fulton County, Illinois","Population density 38 people/sq mi; gap vs county median -3","Public county population and density dataset from balsama/us_counties_data"
"17059","Gallatin County","Illinois","-26","26","Gallatin County, Illinois","Population density 15 people/sq mi; gap vs county median -26","Public county population and density dataset from balsama/us_counties_data"
"17061","Greene County","Illinois","-20","20","Greene County, Illinois","Population density 21 people/sq mi; gap vs county median -20","Public county population and density dataset from balsama/us_counties_data"
"17063","Grundy County","Illinois","88","88","Grundy County, Illinois","Population density 129 people/sq mi; gap vs county median 88","Public county population and density dataset from balsama/us_counties_data"
"17065","Hamilton County","Illinois","-23","23","Hamilton County, Illinois","Population density 18 people/sq mi; gap vs county median -23","Public county population and density dataset from balsama/us_counties_data"
"17067","Hancock County","Illinois","-20","20","Hancock County, Illinois","Population density 21 people/sq mi; gap vs county median -20","Public county population and density dataset from balsama/us_counties_data"
"17069","Hardin County","Illinois","-21","21","Hardin County, Illinois","Population density 20 people/sq mi; gap vs county median -21","Public county population and density dataset from balsama/us_counties_data"
"17071","Henderson County","Illinois","-25","25","Henderson County, Illinois","Population density 16 people/sq mi; gap vs county median -25","Public county population and density dataset from balsama/us_counties_data"
"17073","Henry County","Illinois","18","18","Henry County, Illinois","Population density 59 people/sq mi; gap vs county median 18","Public county population and density dataset from balsama/us_counties_data"
"17075","Iroquois County","Illinois","-18","18","Iroquois County, Illinois","Population density 23 people/sq mi; gap vs county median -18","Public county population and density dataset from balsama/us_counties_data"
"17077","Jackson County","Illinois","50","50","Jackson County, Illinois","Population density 91 people/sq mi; gap vs county median 50","Public county population and density dataset from balsama/us_counties_data"
"17079","Jasper County","Illinois","-23","23","Jasper County, Illinois","Population density 18 people/sq mi; gap vs county median -23","Public county population and density dataset from balsama/us_counties_data"
"17081","Jefferson County","Illinois","22","22","Jefferson County, Illinois","Population density 63 people/sq mi; gap vs county median 22","Public county population and density dataset from balsama/us_counties_data"
"17083","Jersey County","Illinois","16","16","Jersey County, Illinois","Population density 57 people/sq mi; gap vs county median 16","Public county population and density dataset from balsama/us_counties_data"
"17085","Jo Daviess County","Illinois","-5","5","Jo Daviess County, Illinois","Population density 36 people/sq mi; gap vs county median -5","Public county population and density dataset from balsama/us_counties_data"
"17087","Johnson County","Illinois","-2","2","Johnson County, Illinois","Population density 39 people/sq mi; gap vs county median -2","Public county population and density dataset from balsama/us_counties_data"
"17089","Kane County","Illinois","963","963","Kane County, Illinois","Population density 1004 people/sq mi; gap vs county median 963","Public county population and density dataset from balsama/us_counties_data"
"17091","Kankakee County","Illinois","116","116","Kankakee County, Illinois","Population density 157 people/sq mi; gap vs county median 116","Public county population and density dataset from balsama/us_counties_data"
"17093","Kendall County","Illinois","406","406","Kendall County, Illinois","Population density 447 people/sq mi; gap vs county median 406","Public county population and density dataset from balsama/us_counties_data"
"17095","Knox County","Illinois","27","27","Knox County, Illinois","Population density 68 people/sq mi; gap vs county median 27","Public county population and density dataset from balsama/us_counties_data"
"17097","Lake County","Illinois","1581","1581","Lake County, Illinois","Population density 1622 people/sq mi; gap vs county median 1581","Public county population and density dataset from balsama/us_counties_data"
"17099","LaSalle County","Illinois","54","54","LaSalle County, Illinois","Population density 95 people/sq mi; gap vs county median 54","Public county population and density dataset from balsama/us_counties_data"
"17101","Lawrence County","Illinois","-1","1","Lawrence County, Illinois","Population density 40 people/sq mi; gap vs county median -1","Public county population and density dataset from balsama/us_counties_data"
"17103","Lee County","Illinois","5","5","Lee County, Illinois","Population density 46 people/sq mi; gap vs county median 5","Public county population and density dataset from balsama/us_counties_data"
"17105","Livingston County","Illinois","-7","7","Livingston County, Illinois","Population density 34 people/sq mi; gap vs county median -7","Public county population and density dataset from balsama/us_counties_data"
"17107","Logan County","Illinois","4","4","Logan County, Illinois","Population density 45 people/sq mi; gap vs county median 4","Public county population and density dataset from balsama/us_counties_data"
"17109","McDonough County","Illinois","4","4","McDonough County, Illinois","Population density 45 people/sq mi; gap vs county median 4","Public county population and density dataset from balsama/us_counties_data"
"17111","McHenry County","Illinois","483","483","McHenry County, Illinois","Population density 524 people/sq mi; gap vs county median 483","Public county population and density dataset from balsama/us_counties_data"
"17113","McLean County","Illinois","104","104","McLean County, Illinois","Population density 145 people/sq mi; gap vs county median 104","Public county population and density dataset from balsama/us_counties_data"
"17115","Macon County","Illinois","133","133","Macon County, Illinois","Population density 174 people/sq mi; gap vs county median 133","Public county population and density dataset from balsama/us_counties_data"
"17117","Macoupin County","Illinois","10","10","Macoupin County, Illinois","Population density 51 people/sq mi; gap vs county median 10","Public county population and density dataset from balsama/us_counties_data"
"17119","Madison County","Illinois","326","326","Madison County, Illinois","Population density 367 people/sq mi; gap vs county median 326","Public county population and density dataset from balsama/us_counties_data"
"17121","Marion County","Illinois","23","23","Marion County, Illinois","Population density 64 people/sq mi; gap vs county median 23","Public county population and density dataset from balsama/us_counties_data"
"17123","Marshall County","Illinois","-11","11","Marshall County, Illinois","Population density 30 people/sq mi; gap vs county median -11","Public county population and density dataset from balsama/us_counties_data"
"17125","Mason County","Illinois","-18","18","Mason County, Illinois","Population density 23 people/sq mi; gap vs county median -18","Public county population and density dataset from balsama/us_counties_data"
"17127","Massac County","Illinois","16","16","Massac County, Illinois","Population density 57 people/sq mi; gap vs county median 16","Public county population and density dataset from balsama/us_counties_data"
"17129","Menard County","Illinois","-3","3","Menard County, Illinois","Population density 38 people/sq mi; gap vs county median -3","Public county population and density dataset from balsama/us_counties_data"
"17131","Mercer County","Illinois","-14","14","Mercer County, Illinois","Population density 27 people/sq mi; gap vs county median -14","Public county population and density dataset from balsama/us_counties_data"
"17133","Monroe County","Illinois","50","50","Monroe County, Illinois","Population density 91 people/sq mi; gap vs county median 50","Public county population and density dataset from balsama/us_counties_data"
"17135","Montgomery County","Illinois","-2","2","Montgomery County, Illinois","Population density 39 people/sq mi; gap vs county median -2","Public county population and density dataset from balsama/us_counties_data"
"17137","Morgan County","Illinois","16","16","Morgan County, Illinois","Population density 57 people/sq mi; gap vs county median 16","Public county population and density dataset from balsama/us_counties_data"
"17139","Moultrie County","Illinois","2","2","Moultrie County, Illinois","Population density 43 people/sq mi; gap vs county median 2","Public county population and density dataset from balsama/us_counties_data"
"17141","Ogle County","Illinois","27","27","Ogle County, Illinois","Population density 68 people/sq mi; gap vs county median 27","Public county population and density dataset from balsama/us_counties_data"
"17143","Peoria County","Illinois","250","250","Peoria County, Illinois","Population density 291 people/sq mi; gap vs county median 250","Public county population and density dataset from balsama/us_counties_data"
"17145","Perry County","Illinois","5","5","Perry County, Illinois","Population density 46 people/sq mi; gap vs county median 5","Public county population and density dataset from balsama/us_counties_data"
"17147","Piatt County","Illinois","-3","3","Piatt County, Illinois","Population density 38 people/sq mi; gap vs county median -3","Public county population and density dataset from balsama/us_counties_data"
"17149","Pike County","Illinois","-24","24","Pike County, Illinois","Population density 17 people/sq mi; gap vs county median -24","Public county population and density dataset from balsama/us_counties_data"
"17151","Pope County","Illinois","-31","31","Pope County, Illinois","Population density 10 people/sq mi; gap vs county median -31","Public county population and density dataset from balsama/us_counties_data"
"17153","Pulaski County","Illinois","-16","16","Pulaski County, Illinois","Population density 25 people/sq mi; gap vs county median -16","Public county population and density dataset from balsama/us_counties_data"
"17155","Putnam County","Illinois","-6","6","Putnam County, Illinois","Population density 35 people/sq mi; gap vs county median -6","Public county population and density dataset from balsama/us_counties_data"
"17157","Randolph County","Illinois","11","11","Randolph County, Illinois","Population density 52 people/sq mi; gap vs county median 11","Public county population and density dataset from balsama/us_counties_data"
"17159","Richland County","Illinois","2","2","Richland County, Illinois","Population density 43 people/sq mi; gap vs county median 2","Public county population and density dataset from balsama/us_counties_data"
"17161","Rock Island County","Illinois","293","293","Rock Island County, Illinois","Population density 334 people/sq mi; gap vs county median 293","Public county population and density dataset from balsama/us_counties_data"
"17163","St. Clair County","Illinois","341","341","St. Clair County, Illinois","Population density 382 people/sq mi; gap vs county median 341","Public county population and density dataset from balsama/us_counties_data"
"17165","Saline County","Illinois","19","19","Saline County, Illinois","Population density 60 people/sq mi; gap vs county median 19","Public county population and density dataset from balsama/us_counties_data"
"17167","Sangamon County","Illinois","183","183","Sangamon County, Illinois","Population density 224 people/sq mi; gap vs county median 183","Public county population and density dataset from balsama/us_counties_data"
"17169","Schuyler County","Illinois","-26","26","Schuyler County, Illinois","Population density 15 people/sq mi; gap vs county median -26","Public county population and density dataset from balsama/us_counties_data"
"17171","Scott County","Illinois","-21","21","Scott County, Illinois","Population density 20 people/sq mi; gap vs county median -21","Public county population and density dataset from balsama/us_counties_data"
"17173","Shelby County","Illinois","-14","14","Shelby County, Illinois","Population density 27 people/sq mi; gap vs county median -14","Public county population and density dataset from balsama/us_counties_data"
"17175","Stark County","Illinois","-23","23","Stark County, Illinois","Population density 18 people/sq mi; gap vs county median -23","Public county population and density dataset from balsama/us_counties_data"
"17177","Stephenson County","Illinois","35","35","Stephenson County, Illinois","Population density 76 people/sq mi; gap vs county median 35","Public county population and density dataset from balsama/us_counties_data"
"17179","Tazewell County","Illinois","160","160","Tazewell County, Illinois","Population density 201 people/sq mi; gap vs county median 160","Public county population and density dataset from balsama/us_counties_data"
"17181","Union County","Illinois","0","0","Union County, Illinois","Population density 41 people/sq mi; gap vs county median 0","Public county population and density dataset from balsama/us_counties_data"
"17183","Vermilion County","Illinois","38","38","Vermilion County, Illinois","Population density 79 people/sq mi; gap vs county median 38","Public county population and density dataset from balsama/us_counties_data"
"17185","Wabash County","Illinois","8","8","Wabash County, Illinois","Population density 49 people/sq mi; gap vs county median 8","Public county population and density dataset from balsama/us_counties_data"
"17187","Warren County","Illinois","-11","11","Warren County, Illinois","Population density 30 people/sq mi; gap vs county median -11","Public county population and density dataset from balsama/us_counties_data"
"17189","Washington County","Illinois","-17","17","Washington County, Illinois","Population density 24 people/sq mi; gap vs county median -17","Public county population and density dataset from balsama/us_counties_data"
"17191","Wayne County","Illinois","-19","19","Wayne County, Illinois","Population density 22 people/sq mi; gap vs county median -19","Public county population and density dataset from balsama/us_counties_data"
"17193","White County","Illinois","-14","14","White County, Illinois","Population density 27 people/sq mi; gap vs county median -14","Public county population and density dataset from balsama/us_counties_data"
"17195","Whiteside County","Illinois","39","39","Whiteside County, Illinois","Population density 80 people/sq mi; gap vs county median 39","Public county population and density dataset from balsama/us_counties_data"
"17197","Will County","Illinois","808","808","Will County, Illinois","Population density 849 people/sq mi; gap vs county median 808","Public county population and density dataset from balsama/us_counties_data"
"17199","Williamson County","Illinois","119","119","Williamson County, Illinois","Population density 160 people/sq mi; gap vs county median 119","Public county population and density dataset from balsama/us_counties_data"
"17201","Winnebago County","Illinois","512","512","Winnebago County, Illinois","Population density 553 people/sq mi; gap vs county median 512","Public county population and density dataset from balsama/us_counties_data"
"17203","Woodford County","Illinois","32","32","Woodford County, Illinois","Population density 73 people/sq mi; gap vs county median 32","Public county population and density dataset from balsama/us_counties_data"
"18001","Adams County","Indiana","67","67","Adams County, Indiana","Population density 108 people/sq mi; gap vs county median 67","Public county population and density dataset from balsama/us_counties_data"
"18003","Allen County","Indiana","567","567","Allen County, Indiana","Population density 608 people/sq mi; gap vs county median 567","Public county population and density dataset from balsama/us_counties_data"
"18005","Bartholomew County","Indiana","167","167","Bartholomew County, Indiana","Population density 208 people/sq mi; gap vs county median 167","Public county population and density dataset from balsama/us_counties_data"
"18007","Benton County","Indiana","-19","19","Benton County, Indiana","Population density 22 people/sq mi; gap vs county median -19","Public county population and density dataset from balsama/us_counties_data"
"18009","Blackford County","Indiana","31","31","Blackford County, Indiana","Population density 72 people/sq mi; gap vs county median 31","Public county population and density dataset from balsama/us_counties_data"
"18011","Boone County","Indiana","145","145","Boone County, Indiana","Population density 186 people/sq mi; gap vs county median 145","Public county population and density dataset from balsama/us_counties_data"
"18013","Brown County","Indiana","9","9","Brown County, Indiana","Population density 50 people/sq mi; gap vs county median 9","Public county population and density dataset from balsama/us_counties_data"
"18015","Carroll County","Indiana","15","15","Carroll County, Indiana","Population density 56 people/sq mi; gap vs county median 15","Public county population and density dataset from balsama/us_counties_data"
"18017","Cass County","Indiana","50","50","Cass County, Indiana","Population density 91 people/sq mi; gap vs county median 50","Public county population and density dataset from balsama/us_counties_data"
"18019","Clark County","Indiana","301","301","Clark County, Indiana","Population density 342 people/sq mi; gap vs county median 301","Public county population and density dataset from balsama/us_counties_data"
"18021","Clay County","Indiana","33","33","Clay County, Indiana","Population density 74 people/sq mi; gap vs county median 33","Public county population and density dataset from balsama/us_counties_data"
"18023","Clinton County","Indiana","40","40","Clinton County, Indiana","Population density 81 people/sq mi; gap vs county median 40","Public county population and density dataset from balsama/us_counties_data"
"18025","Crawford County","Indiana","-7","7","Crawford County, Indiana","Population density 34 people/sq mi; gap vs county median -7","Public county population and density dataset from balsama/us_counties_data"
"18027","Daviess County","Indiana","38","38","Daviess County, Indiana","Population density 79 people/sq mi; gap vs county median 38","Public county population and density dataset from balsama/us_counties_data"
"18029","Dearborn County","Indiana","128","128","Dearborn County, Indiana","Population density 169 people/sq mi; gap vs county median 128","Public county population and density dataset from balsama/us_counties_data"
"18031","Decatur County","Indiana","30","30","Decatur County, Indiana","Population density 71 people/sq mi; gap vs county median 30","Public county population and density dataset from balsama/us_counties_data"
"18033","DeKalb County","Indiana","81","81","DeKalb County, Indiana","Population density 122 people/sq mi; gap vs county median 81","Public county population and density dataset from balsama/us_counties_data"
"18035","Delaware County","Indiana","247","247","Delaware County, Indiana","Population density 288 people/sq mi; gap vs county median 247","Public county population and density dataset from balsama/us_counties_data"
"18037","Dubois County","Indiana","61","61","Dubois County, Indiana","Population density 102 people/sq mi; gap vs county median 61","Public county population and density dataset from balsama/us_counties_data"
"18039","Elkhart County","Indiana","407","407","Elkhart County, Indiana","Population density 448 people/sq mi; gap vs county median 407","Public county population and density dataset from balsama/us_counties_data"
"18041","Fayette County","Indiana","68","68","Fayette County, Indiana","Population density 109 people/sq mi; gap vs county median 68","Public county population and density dataset from balsama/us_counties_data"
"18043","Floyd County","Indiana","513","513","Floyd County, Indiana","Population density 554 people/sq mi; gap vs county median 513","Public county population and density dataset from balsama/us_counties_data"
"18045","Fountain County","Indiana","2","2","Fountain County, Indiana","Population density 43 people/sq mi; gap vs county median 2","Public county population and density dataset from balsama/us_counties_data"
"18047","Franklin County","Indiana","19","19","Franklin County, Indiana","Population density 60 people/sq mi; gap vs county median 19","Public county population and density dataset from balsama/us_counties_data"
"18049","Fulton County","Indiana","13","13","Fulton County, Indiana","Population density 54 people/sq mi; gap vs county median 13","Public county population and density dataset from balsama/us_counties_data"
"18051","Gibson County","Indiana","27","27","Gibson County, Indiana","Population density 68 people/sq mi; gap vs county median 27","Public county population and density dataset from balsama/us_counties_data"
"18053","Grant County","Indiana","120","120","Grant County, Indiana","Population density 161 people/sq mi; gap vs county median 120","Public county population and density dataset from balsama/us_counties_data"
"18055","Greene County","Indiana","16","16","Greene County, Indiana","Population density 57 people/sq mi; gap vs county median 16","Public county population and density dataset from balsama/us_counties_data"
"18057","Hamilton County","Indiana","923","923","Hamilton County, Indiana","Population density 964 people/sq mi; gap vs county median 923","Public county population and density dataset from balsama/us_counties_data"
"18059","Hancock County","Indiana","249","249","Hancock County, Indiana","Population density 290 people/sq mi; gap vs county median 249","Public county population and density dataset from balsama/us_counties_data"
"18061","Harrison County","Indiana","41","41","Harrison County, Indiana","Population density 82 people/sq mi; gap vs county median 41","Public county population and density dataset from balsama/us_counties_data"
"18063","Hendricks County","Indiana","427","427","Hendricks County, Indiana","Population density 468 people/sq mi; gap vs county median 427","Public county population and density dataset from balsama/us_counties_data"
"18065","Henry County","Indiana","84","84","Henry County, Indiana","Population density 125 people/sq mi; gap vs county median 84","Public county population and density dataset from balsama/us_counties_data"
"18067","Howard County","Indiana","246","246","Howard County, Indiana","Population density 287 people/sq mi; gap vs county median 246","Public county population and density dataset from balsama/us_counties_data"
"18069","Huntington County","Indiana","55","55","Huntington County, Indiana","Population density 96 people/sq mi; gap vs county median 55","Public county population and density dataset from balsama/us_counties_data"
"18071","Jackson County","Indiana","52","52","Jackson County, Indiana","Population density 93 people/sq mi; gap vs county median 52","Public county population and density dataset from balsama/us_counties_data"
"18073","Jasper County","Indiana","19","19","Jasper County, Indiana","Population density 60 people/sq mi; gap vs county median 19","Public county population and density dataset from balsama/us_counties_data"
"18075","Jay County","Indiana","12","12","Jay County, Indiana","Population density 53 people/sq mi; gap vs county median 12","Public county population and density dataset from balsama/us_counties_data"
"18077","Jefferson County","Indiana","50","50","Jefferson County, Indiana","Population density 91 people/sq mi; gap vs county median 50","Public county population and density dataset from balsama/us_counties_data"
"18079","Jennings County","Indiana","32","32","Jennings County, Indiana","Population density 73 people/sq mi; gap vs county median 32","Public county population and density dataset from balsama/us_counties_data"
"18081","Johnson County","Indiana","492","492","Johnson County, Indiana","Population density 533 people/sq mi; gap vs county median 492","Public county population and density dataset from balsama/us_counties_data"
"18083","Knox County","Indiana","29","29","Knox County, Indiana","Population density 70 people/sq mi; gap vs county median 29","Public county population and density dataset from balsama/us_counties_data"
"18085","Kosciusko County","Indiana","111","111","Kosciusko County, Indiana","Population density 152 people/sq mi; gap vs county median 111","Public county population and density dataset from balsama/us_counties_data"
"18087","LaGrange County","Indiana","67","67","LaGrange County, Indiana","Population density 108 people/sq mi; gap vs county median 67","Public county population and density dataset from balsama/us_counties_data"
"18089","Lake County","Indiana","967","967","Lake County, Indiana","Population density 1008 people/sq mi; gap vs county median 967","Public county population and density dataset from balsama/us_counties_data"
"18091","LaPorte County","Indiana","145","145","LaPorte County, Indiana","Population density 186 people/sq mi; gap vs county median 145","Public county population and density dataset from balsama/us_counties_data"
"18093","Lawrence County","Indiana","60","60","Lawrence County, Indiana","Population density 101 people/sq mi; gap vs county median 60","Public county population and density dataset from balsama/us_counties_data"
"18095","Madison County","Indiana","256","256","Madison County, Indiana","Population density 297 people/sq mi; gap vs county median 256","Public county population and density dataset from balsama/us_counties_data"
"18097","Marion County","Indiana","2438","2438","Marion County, Indiana","Population density 2479 people/sq mi; gap vs county median 2438","Public county population and density dataset from balsama/us_counties_data"
"18099","Marshall County","Indiana","64","64","Marshall County, Indiana","Population density 105 people/sq mi; gap vs county median 64","Public county population and density dataset from balsama/us_counties_data"
"18101","Martin County","Indiana","-12","12","Martin County, Indiana","Population density 29 people/sq mi; gap vs county median -12","Public county population and density dataset from balsama/us_counties_data"
"18103","Miami County","Indiana","54","54","Miami County, Indiana","Population density 95 people/sq mi; gap vs county median 54","Public county population and density dataset from balsama/us_counties_data"
"18105","Monroe County","Indiana","315","315","Monroe County, Indiana","Population density 356 people/sq mi; gap vs county median 315","Public county population and density dataset from balsama/us_counties_data"
"18107","Montgomery County","Indiana","36","36","Montgomery County, Indiana","Population density 77 people/sq mi; gap vs county median 36","Public county population and density dataset from balsama/us_counties_data"
"18109","Morgan County","Indiana","142","142","Morgan County, Indiana","Population density 183 people/sq mi; gap vs county median 142","Public county population and density dataset from balsama/us_counties_data"
"18111","Newton County","Indiana","-6","6","Newton County, Indiana","Population density 35 people/sq mi; gap vs county median -6","Public county population and density dataset from balsama/us_counties_data"
"18113","Noble County","Indiana","75","75","Noble County, Indiana","Population density 116 people/sq mi; gap vs county median 75","Public county population and density dataset from balsama/us_counties_data"
"18115","Ohio County","Indiana","29","29","Ohio County, Indiana","Population density 70 people/sq mi; gap vs county median 29","Public county population and density dataset from balsama/us_counties_data"
"18117","Orange County","Indiana","9","9","Orange County, Indiana","Population density 50 people/sq mi; gap vs county median 9","Public county population and density dataset from balsama/us_counties_data"
"18119","Owen County","Indiana","16","16","Owen County, Indiana","Population density 57 people/sq mi; gap vs county median 16","Public county population and density dataset from balsama/us_counties_data"
"18121","Parke County","Indiana","-4","4","Parke County, Indiana","Population density 37 people/sq mi; gap vs county median -4","Public county population and density dataset from balsama/us_counties_data"
"18123","Perry County","Indiana","10","10","Perry County, Indiana","Population density 51 people/sq mi; gap vs county median 10","Public county population and density dataset from balsama/us_counties_data"
"18125","Pike County","Indiana","-5","5","Pike County, Indiana","Population density 36 people/sq mi; gap vs county median -5","Public county population and density dataset from balsama/us_counties_data"
"18127","Porter County","Indiana","380","380","Porter County, Indiana","Population density 421 people/sq mi; gap vs county median 380","Public county population and density dataset from balsama/us_counties_data"
"18129","Posey County","Indiana","20","20","Posey County, Indiana","Population density 61 people/sq mi; gap vs county median 20","Public county population and density dataset from balsama/us_counties_data"
"18131","Pulaski County","Indiana","-12","12","Pulaski County, Indiana","Population density 29 people/sq mi; gap vs county median -12","Public county population and density dataset from balsama/us_counties_data"
"18133","Putnam County","Indiana","38","38","Putnam County, Indiana","Population density 79 people/sq mi; gap vs county median 38","Public county population and density dataset from balsama/us_counties_data"
"18135","Randolph County","Indiana","13","13","Randolph County, Indiana","Population density 54 people/sq mi; gap vs county median 13","Public county population and density dataset from balsama/us_counties_data"
"18137","Ripley County","Indiana","25","25","Ripley County, Indiana","Population density 66 people/sq mi; gap vs county median 25","Public county population and density dataset from balsama/us_counties_data"
"18139","Rush County","Indiana","0","0","Rush County, Indiana","Population density 41 people/sq mi; gap vs county median 0","Public county population and density dataset from balsama/us_counties_data"
"18141","St. Joseph County","Indiana","557","557","St. Joseph County, Indiana","Population density 598 people/sq mi; gap vs county median 557","Public county population and density dataset from balsama/us_counties_data"
"18143","Scott County","Indiana","89","89","Scott County, Indiana","Population density 130 people/sq mi; gap vs county median 89","Public county population and density dataset from balsama/us_counties_data"
"18145","Shelby County","Indiana","70","70","Shelby County, Indiana","Population density 111 people/sq mi; gap vs county median 70","Public county population and density dataset from balsama/us_counties_data"
"18147","Spencer County","Indiana","10","10","Spencer County, Indiana","Population density 51 people/sq mi; gap vs county median 10","Public county population and density dataset from balsama/us_counties_data"
"18149","Starke County","Indiana","35","35","Starke County, Indiana","Population density 76 people/sq mi; gap vs county median 35","Public county population and density dataset from balsama/us_counties_data"
"18151","Steuben County","Indiana","72","72","Steuben County, Indiana","Population density 113 people/sq mi; gap vs county median 72","Public county population and density dataset from balsama/us_counties_data"
"18153","Sullivan County","Indiana","5","5","Sullivan County, Indiana","Population density 46 people/sq mi; gap vs county median 5","Public county population and density dataset from balsama/us_counties_data"
"18155","Switzerland County","Indiana","4","4","Switzerland County, Indiana","Population density 45 people/sq mi; gap vs county median 4","Public county population and density dataset from balsama/us_counties_data"
"18157","Tippecanoe County","Indiana","342","342","Tippecanoe County, Indiana","Population density 383 people/sq mi; gap vs county median 342","Public county population and density dataset from balsama/us_counties_data"
"18159","Tipton County","Indiana","18","18","Tipton County, Indiana","Population density 59 people/sq mi; gap vs county median 18","Public county population and density dataset from balsama/us_counties_data"
"18161","Union County","Indiana","2","2","Union County, Indiana","Population density 43 people/sq mi; gap vs county median 2","Public county population and density dataset from balsama/us_counties_data"
"18163","Vanderburgh County","Indiana","733","733","Vanderburgh County, Indiana","Population density 774 people/sq mi; gap vs county median 733","Public county population and density dataset from balsama/us_counties_data"
"18165","Vermillion County","Indiana","19","19","Vermillion County, Indiana","Population density 60 people/sq mi; gap vs county median 19","Public county population and density dataset from balsama/us_counties_data"
"18167","Vigo County","Indiana","222","222","Vigo County, Indiana","Population density 263 people/sq mi; gap vs county median 222","Public county population and density dataset from balsama/us_counties_data"
"18169","Wabash County","Indiana","34","34","Wabash County, Indiana","Population density 75 people/sq mi; gap vs county median 34","Public county population and density dataset from balsama/us_counties_data"
"18171","Warren County","Indiana","-18","18","Warren County, Indiana","Population density 23 people/sq mi; gap vs county median -18","Public county population and density dataset from balsama/us_counties_data"
"18173","Warrick County","Indiana","131","131","Warrick County, Indiana","Population density 172 people/sq mi; gap vs county median 131","Public county population and density dataset from balsama/us_counties_data"
"18175","Washington County","Indiana","14","14","Washington County, Indiana","Population density 55 people/sq mi; gap vs county median 14","Public county population and density dataset from balsama/us_counties_data"
"18177","Wayne County","Indiana","124","124","Wayne County, Indiana","Population density 165 people/sq mi; gap vs county median 124","Public county population and density dataset from balsama/us_counties_data"
"18179","Wells County","Indiana","37","37","Wells County, Indiana","Population density 78 people/sq mi; gap vs county median 37","Public county population and density dataset from balsama/us_counties_data"
"18181","White County","Indiana","8","8","White County, Indiana","Population density 49 people/sq mi; gap vs county median 8","Public county population and density dataset from balsama/us_counties_data"
"18183","Whitley County","Indiana","63","63","Whitley County, Indiana","Population density 104 people/sq mi; gap vs county median 63","Public county population and density dataset from balsama/us_counties_data"
"19001","Adair County","Iowa","-28","28","Adair County, Iowa","Population density 13 people/sq mi; gap vs county median -28","Public county population and density dataset from balsama/us_counties_data"
"19003","Adams County","Iowa","-32","32","Adams County, Iowa","Population density 9 people/sq mi; gap vs county median -32","Public county population and density dataset from balsama/us_counties_data"
"19005","Allamakee County","Iowa","-19","19","Allamakee County, Iowa","Population density 22 people/sq mi; gap vs county median -19","Public county population and density dataset from balsama/us_counties_data"
"19007","Appanoose County","Iowa","-17","17","Appanoose County, Iowa","Population density 24 people/sq mi; gap vs county median -17","Public county population and density dataset from balsama/us_counties_data"
"19009","Audubon County","Iowa","-28","28","Audubon County, Iowa","Population density 13 people/sq mi; gap vs county median -28","Public county population and density dataset from balsama/us_counties_data"
"19011","Benton County","Iowa","-5","5","Benton County, Iowa","Population density 36 people/sq mi; gap vs county median -5","Public county population and density dataset from balsama/us_counties_data"
"19013","Black Hawk County","Iowa","192","192","Black Hawk County, Iowa","Population density 233 people/sq mi; gap vs county median 192","Public county population and density dataset from balsama/us_counties_data"
"19015","Boone County","Iowa","6","6","Boone County, Iowa","Population density 47 people/sq mi; gap vs county median 6","Public county population and density dataset from balsama/us_counties_data"
"19017","Bremer County","Iowa","18","18","Bremer County, Iowa","Population density 59 people/sq mi; gap vs county median 18","Public county population and density dataset from balsama/us_counties_data"
"19019","Buchanan County","Iowa","-5","5","Buchanan County, Iowa","Population density 36 people/sq mi; gap vs county median -5","Public county population and density dataset from balsama/us_counties_data"
"19021","Buena Vista County","Iowa","-5","5","Buena Vista County, Iowa","Population density 36 people/sq mi; gap vs county median -5","Public county population and density dataset from balsama/us_counties_data"
"19023","Butler County","Iowa","-17","17","Butler County, Iowa","Population density 24 people/sq mi; gap vs county median -17","Public county population and density dataset from balsama/us_counties_data"
"19025","Calhoun County","Iowa","-24","24","Calhoun County, Iowa","Population density 17 people/sq mi; gap vs county median -24","Public county population and density dataset from balsama/us_counties_data"
"19027","Carroll County","Iowa","-5","5","Carroll County, Iowa","Population density 36 people/sq mi; gap vs county median -5","Public county population and density dataset from balsama/us_counties_data"
"19029","Cass County","Iowa","-18","18","Cass County, Iowa","Population density 23 people/sq mi; gap vs county median -18","Public county population and density dataset from balsama/us_counties_data"
"19031","Cedar County","Iowa","-10","10","Cedar County, Iowa","Population density 31 people/sq mi; gap vs county median -10","Public county population and density dataset from balsama/us_counties_data"
"19033","Cerro Gordo County","Iowa","34","34","Cerro Gordo County, Iowa","Population density 75 people/sq mi; gap vs county median 34","Public county population and density dataset from balsama/us_counties_data"
"19035","Cherokee County","Iowa","-21","21","Cherokee County, Iowa","Population density 20 people/sq mi; gap vs county median -21","Public county population and density dataset from balsama/us_counties_data"
"19037","Chickasaw County","Iowa","-18","18","Chickasaw County, Iowa","Population density 23 people/sq mi; gap vs county median -18","Public county population and density dataset from balsama/us_counties_data"
"19039","Clarke County","Iowa","-19","19","Clarke County, Iowa","Population density 22 people/sq mi; gap vs county median -19","Public county population and density dataset from balsama/us_counties_data"
"19041","Clay County","Iowa","-12","12","Clay County, Iowa","Population density 29 people/sq mi; gap vs county median -12","Public county population and density dataset from balsama/us_counties_data"
"19043","Clayton County","Iowa","-19","19","Clayton County, Iowa","Population density 22 people/sq mi; gap vs county median -19","Public county population and density dataset from balsama/us_counties_data"
"19045","Clinton County","Iowa","25","25","Clinton County, Iowa","Population density 66 people/sq mi; gap vs county median 25","Public county population and density dataset from balsama/us_counties_data"
"19047","Crawford County","Iowa","-18","18","Crawford County, Iowa","Population density 23 people/sq mi; gap vs county median -18","Public county population and density dataset from balsama/us_counties_data"
"19049","Dallas County","Iowa","156","156","Dallas County, Iowa","Population density 197 people/sq mi; gap vs county median 156","Public county population and density dataset from balsama/us_counties_data"
"19051","Davis County","Iowa","-23","23","Davis County, Iowa","Population density 18 people/sq mi; gap vs county median -23","Public county population and density dataset from balsama/us_counties_data"
"19053","Decatur County","Iowa","-27","27","Decatur County, Iowa","Population density 14 people/sq mi; gap vs county median -27","Public county population and density dataset from balsama/us_counties_data"
"19055","Delaware County","Iowa","-11","11","Delaware County, Iowa","Population density 30 people/sq mi; gap vs county median -11","Public county population and density dataset from balsama/us_counties_data"
"19057","Des Moines County","Iowa","51","51","Des Moines County, Iowa","Population density 92 people/sq mi; gap vs county median 51","Public county population and density dataset from balsama/us_counties_data"
"19059","Dickinson County","Iowa","7","7","Dickinson County, Iowa","Population density 48 people/sq mi; gap vs county median 7","Public county population and density dataset from balsama/us_counties_data"
"19061","Dubuque County","Iowa","122","122","Dubuque County, Iowa","Population density 163 people/sq mi; gap vs county median 122","Public county population and density dataset from balsama/us_counties_data"
"19063","Emmet County","Iowa","-18","18","Emmet County, Iowa","Population density 23 people/sq mi; gap vs county median -18","Public county population and density dataset from balsama/us_counties_data"
"19065","Fayette County","Iowa","-15","15","Fayette County, Iowa","Population density 26 people/sq mi; gap vs county median -15","Public county population and density dataset from balsama/us_counties_data"
"19067","Floyd County","Iowa","-11","11","Floyd County, Iowa","Population density 30 people/sq mi; gap vs county median -11","Public county population and density dataset from balsama/us_counties_data"
"19069","Franklin County","Iowa","-24","24","Franklin County, Iowa","Population density 17 people/sq mi; gap vs county median -24","Public county population and density dataset from balsama/us_counties_data"
"19071","Fremont County","Iowa","-28","28","Fremont County, Iowa","Population density 13 people/sq mi; gap vs county median -28","Public county population and density dataset from balsama/us_counties_data"
"19073","Greene County","Iowa","-26","26","Greene County, Iowa","Population density 15 people/sq mi; gap vs county median -26","Public county population and density dataset from balsama/us_counties_data"
"19075","Grundy County","Iowa","-16","16","Grundy County, Iowa","Population density 25 people/sq mi; gap vs county median -16","Public county population and density dataset from balsama/us_counties_data"
"19077","Guthrie County","Iowa","-23","23","Guthrie County, Iowa","Population density 18 people/sq mi; gap vs county median -23","Public county population and density dataset from balsama/us_counties_data"
"19079","Hamilton County","Iowa","-15","15","Hamilton County, Iowa","Population density 26 people/sq mi; gap vs county median -15","Public county population and density dataset from balsama/us_counties_data"
"19081","Hancock County","Iowa","-22","22","Hancock County, Iowa","Population density 19 people/sq mi; gap vs county median -22","Public county population and density dataset from balsama/us_counties_data"
"19083","Hardin County","Iowa","-12","12","Hardin County, Iowa","Population density 29 people/sq mi; gap vs county median -12","Public county population and density dataset from balsama/us_counties_data"
"19085","Harrison County","Iowa","-20","20","Harrison County, Iowa","Population density 21 people/sq mi; gap vs county median -20","Public county population and density dataset from balsama/us_counties_data"
"19087","Henry County","Iowa","4","4","Henry County, Iowa","Population density 45 people/sq mi; gap vs county median 4","Public county population and density dataset from balsama/us_counties_data"
"19089","Howard County","Iowa","-21","21","Howard County, Iowa","Population density 20 people/sq mi; gap vs county median -21","Public county population and density dataset from balsama/us_counties_data"
"19091","Humboldt County","Iowa","-19","19","Humboldt County, Iowa","Population density 22 people/sq mi; gap vs county median -19","Public county population and density dataset from balsama/us_counties_data"
"19093","Ida County","Iowa","-25","25","Ida County, Iowa","Population density 16 people/sq mi; gap vs county median -25","Public county population and density dataset from balsama/us_counties_data"
"19095","Iowa County","Iowa","-13","13","Iowa County, Iowa","Population density 28 people/sq mi; gap vs county median -13","Public county population and density dataset from balsama/us_counties_data"
"19097","Jackson County","Iowa","-11","11","Jackson County, Iowa","Population density 30 people/sq mi; gap vs county median -11","Public county population and density dataset from balsama/us_counties_data"
"19099","Jasper County","Iowa","11","11","Jasper County, Iowa","Population density 52 people/sq mi; gap vs county median 11","Public county population and density dataset from balsama/us_counties_data"
"19101","Jefferson County","Iowa","-5","5","Jefferson County, Iowa","Population density 36 people/sq mi; gap vs county median -5","Public county population and density dataset from balsama/us_counties_data"
"19103","Johnson County","Iowa","220","220","Johnson County, Iowa","Population density 261 people/sq mi; gap vs county median 220","Public county population and density dataset from balsama/us_counties_data"
"19105","Jones County","Iowa","-4","4","Jones County, Iowa","Population density 37 people/sq mi; gap vs county median -4","Public county population and density dataset from balsama/us_counties_data"
"19107","Keokuk County","Iowa","-24","24","Keokuk County, Iowa","Population density 17 people/sq mi; gap vs county median -24","Public county population and density dataset from balsama/us_counties_data"
"19109","Kossuth County","Iowa","-26","26","Kossuth County, Iowa","Population density 15 people/sq mi; gap vs county median -26","Public county population and density dataset from balsama/us_counties_data"
"19111","Lee County","Iowa","22","22","Lee County, Iowa","Population density 63 people/sq mi; gap vs county median 22","Public county population and density dataset from balsama/us_counties_data"
"19113","Linn County","Iowa","282","282","Linn County, Iowa","Population density 323 people/sq mi; gap vs county median 282","Public county population and density dataset from balsama/us_counties_data"
"19115","Louisa County","Iowa","-15","15","Louisa County, Iowa","Population density 26 people/sq mi; gap vs county median -15","Public county population and density dataset from balsama/us_counties_data"
"19117","Lucas County","Iowa","-21","21","Lucas County, Iowa","Population density 20 people/sq mi; gap vs county median -21","Public county population and density dataset from balsama/us_counties_data"
"19119","Lyon County","Iowa","-20","20","Lyon County, Iowa","Population density 21 people/sq mi; gap vs county median -20","Public county population and density dataset from balsama/us_counties_data"
"19121","Madison County","Iowa","-10","10","Madison County, Iowa","Population density 31 people/sq mi; gap vs county median -10","Public county population and density dataset from balsama/us_counties_data"
"19123","Mahaska County","Iowa","-2","2","Mahaska County, Iowa","Population density 39 people/sq mi; gap vs county median -2","Public county population and density dataset from balsama/us_counties_data"
"19125","Marion County","Iowa","20","20","Marion County, Iowa","Population density 61 people/sq mi; gap vs county median 20","Public county population and density dataset from balsama/us_counties_data"
"19127","Marshall County","Iowa","30","30","Marshall County, Iowa","Population density 71 people/sq mi; gap vs county median 30","Public county population and density dataset from balsama/us_counties_data"
"19129","Mills County","Iowa","-7","7","Mills County, Iowa","Population density 34 people/sq mi; gap vs county median -7","Public county population and density dataset from balsama/us_counties_data"
"19131","Mitchell County","Iowa","-18","18","Mitchell County, Iowa","Population density 23 people/sq mi; gap vs county median -18","Public county population and density dataset from balsama/us_counties_data"
"19133","Monona County","Iowa","-29","29","Monona County, Iowa","Population density 12 people/sq mi; gap vs county median -29","Public county population and density dataset from balsama/us_counties_data"
"19135","Monroe County","Iowa","-24","24","Monroe County, Iowa","Population density 17 people/sq mi; gap vs county median -24","Public county population and density dataset from balsama/us_counties_data"
"19137","Montgomery County","Iowa","-17","17","Montgomery County, Iowa","Population density 24 people/sq mi; gap vs county median -17","Public county population and density dataset from balsama/us_counties_data"
"19139","Muscatine County","Iowa","55","55","Muscatine County, Iowa","Population density 96 people/sq mi; gap vs county median 55","Public county population and density dataset from balsama/us_counties_data"
"19141","O'Brien County","Iowa","-16","16","O'Brien County, Iowa","Population density 25 people/sq mi; gap vs county median -16","Public county population and density dataset from balsama/us_counties_data"
"19143","Osceola County","Iowa","-26","26","Osceola County, Iowa","Population density 15 people/sq mi; gap vs county median -26","Public county population and density dataset from balsama/us_counties_data"
"19145","Page County","Iowa","-13","13","Page County, Iowa","Population density 28 people/sq mi; gap vs county median -13","Public county population and density dataset from balsama/us_counties_data"
"19147","Palo Alto County","Iowa","-25","25","Palo Alto County, Iowa","Population density 16 people/sq mi; gap vs county median -25","Public county population and density dataset from balsama/us_counties_data"
"19149","Plymouth County","Iowa","-11","11","Plymouth County, Iowa","Population density 30 people/sq mi; gap vs county median -11","Public county population and density dataset from balsama/us_counties_data"
"19151","Pocahontas County","Iowa","-29","29","Pocahontas County, Iowa","Population density 12 people/sq mi; gap vs county median -29","Public county population and density dataset from balsama/us_counties_data"
"19153","Polk County","Iowa","865","865","Polk County, Iowa","Population density 906 people/sq mi; gap vs county median 865","Public county population and density dataset from balsama/us_counties_data"
"19155","Pottawattamie County","Iowa","57","57","Pottawattamie County, Iowa","Population density 98 people/sq mi; gap vs county median 57","Public county population and density dataset from balsama/us_counties_data"
"19157","Poweshiek County","Iowa","-9","9","Poweshiek County, Iowa","Population density 32 people/sq mi; gap vs county median -9","Public county population and density dataset from balsama/us_counties_data"
"19159","Ringgold County","Iowa","-32","32","Ringgold County, Iowa","Population density 9 people/sq mi; gap vs county median -32","Public county population and density dataset from balsama/us_counties_data"
"19161","Sac County","Iowa","-24","24","Sac County, Iowa","Population density 17 people/sq mi; gap vs county median -24","Public county population and density dataset from balsama/us_counties_data"
"19163","Scott County","Iowa","342","342","Scott County, Iowa","Population density 383 people/sq mi; gap vs county median 342","Public county population and density dataset from balsama/us_counties_data"
"19165","Shelby County","Iowa","-21","21","Shelby County, Iowa","Population density 20 people/sq mi; gap vs county median -21","Public county population and density dataset from balsama/us_counties_data"
"19167","Sioux County","Iowa","7","7","Sioux County, Iowa","Population density 48 people/sq mi; gap vs county median 7","Public county population and density dataset from balsama/us_counties_data"
"19169","Story County","Iowa","138","138","Story County, Iowa","Population density 179 people/sq mi; gap vs county median 138","Public county population and density dataset from balsama/us_counties_data"
"19171","Tama County","Iowa","-18","18","Tama County, Iowa","Population density 23 people/sq mi; gap vs county median -18","Public county population and density dataset from balsama/us_counties_data"
"19173","Taylor County","Iowa","-30","30","Taylor County, Iowa","Population density 11 people/sq mi; gap vs county median -30","Public county population and density dataset from balsama/us_counties_data"
"19175","Union County","Iowa","-13","13","Union County, Iowa","Population density 28 people/sq mi; gap vs county median -13","Public county population and density dataset from balsama/us_counties_data"
"19177","Van Buren County","Iowa","-26","26","Van Buren County, Iowa","Population density 15 people/sq mi; gap vs county median -26","Public county population and density dataset from balsama/us_counties_data"
"19179","Wapello County","Iowa","42","42","Wapello County, Iowa","Population density 83 people/sq mi; gap vs county median 42","Public county population and density dataset from balsama/us_counties_data"
"19181","Warren County","Iowa","58","58","Warren County, Iowa","Population density 99 people/sq mi; gap vs county median 58","Public county population and density dataset from balsama/us_counties_data"
"19183","Washington County","Iowa","-1","1","Washington County, Iowa","Population density 40 people/sq mi; gap vs county median -1","Public county population and density dataset from balsama/us_counties_data"
"19185","Wayne County","Iowa","-28","28","Wayne County, Iowa","Population density 13 people/sq mi; gap vs county median -28","Public county population and density dataset from balsama/us_counties_data"
"19187","Webster County","Iowa","11","11","Webster County, Iowa","Population density 52 people/sq mi; gap vs county median 11","Public county population and density dataset from balsama/us_counties_data"
"19189","Winnebago County","Iowa","-15","15","Winnebago County, Iowa","Population density 26 people/sq mi; gap vs county median -15","Public county population and density dataset from balsama/us_counties_data"
"19191","Winneshiek County","Iowa","-12","12","Winneshiek County, Iowa","Population density 29 people/sq mi; gap vs county median -12","Public county population and density dataset from balsama/us_counties_data"
"19193","Woodbury County","Iowa","82","82","Woodbury County, Iowa","Population density 123 people/sq mi; gap vs county median 82","Public county population and density dataset from balsama/us_counties_data"
"19195","Worth County","Iowa","-23","23","Worth County, Iowa","Population density 18 people/sq mi; gap vs county median -23","Public county population and density dataset from balsama/us_counties_data"
"19197","Wright County","Iowa","-19","19","Wright County, Iowa","Population density 22 people/sq mi; gap vs county median -19","Public county population and density dataset from balsama/us_counties_data"
"20001","Allen County","Kansas","-16","16","Allen County, Kansas","Population density 25 people/sq mi; gap vs county median -16","Public county population and density dataset from balsama/us_counties_data"
"20003","Anderson County","Kansas","-27","27","Anderson County, Kansas","Population density 14 people/sq mi; gap vs county median -27","Public county population and density dataset from balsama/us_counties_data"
"20005","Atchison County","Kansas","-3","3","Atchison County, Kansas","Population density 38 people/sq mi; gap vs county median -3","Public county population and density dataset from balsama/us_counties_data"
"20007","Barber County","Kansas","-37","37","Barber County, Kansas","Population density 4 people/sq mi; gap vs county median -37","Public county population and density dataset from balsama/us_counties_data"
"20009","Barton County","Kansas","-13","13","Barton County, Kansas","Population density 28 people/sq mi; gap vs county median -13","Public county population and density dataset from balsama/us_counties_data"
"20011","Bourbon County","Kansas","-18","18","Bourbon County, Kansas","Population density 23 people/sq mi; gap vs county median -18","Public county population and density dataset from balsama/us_counties_data"
"20013","Brown County","Kansas","-25","25","Brown County, Kansas","Population density 16 people/sq mi; gap vs county median -25","Public county population and density dataset from balsama/us_counties_data"
"20015","Butler County","Kansas","7","7","Butler County, Kansas","Population density 48 people/sq mi; gap vs county median 7","Public county population and density dataset from balsama/us_counties_data"
"20017","Chase County","Kansas","-38","38","Chase County, Kansas","Population density 3 people/sq mi; gap vs county median -38","Public county population and density dataset from balsama/us_counties_data"
"20019","Chautauqua County","Kansas","-36","36","Chautauqua County, Kansas","Population density 5 people/sq mi; gap vs county median -36","Public county population and density dataset from balsama/us_counties_data"
"20021","Cherokee County","Kansas","-8","8","Cherokee County, Kansas","Population density 33 people/sq mi; gap vs county median -8","Public county population and density dataset from balsama/us_counties_data"
"20023","Cheyenne County","Kansas","-38","38","Cheyenne County, Kansas","Population density 3 people/sq mi; gap vs county median -38","Public county population and density dataset from balsama/us_counties_data"
"20025","Clark County","Kansas","-39","39","Clark County, Kansas","Population density 2 people/sq mi; gap vs county median -39","Public county population and density dataset from balsama/us_counties_data"
"20027","Clay County","Kansas","-29","29","Clay County, Kansas","Population density 12 people/sq mi; gap vs county median -29","Public county population and density dataset from balsama/us_counties_data"
"20029","Cloud County","Kansas","-29","29","Cloud County, Kansas","Population density 12 people/sq mi; gap vs county median -29","Public county population and density dataset from balsama/us_counties_data"
"20031","Coffey County","Kansas","-28","28","Coffey County, Kansas","Population density 13 people/sq mi; gap vs county median -28","Public county population and density dataset from balsama/us_counties_data"
"20033","Comanche County","Kansas","-39","39","Comanche County, Kansas","Population density 2 people/sq mi; gap vs county median -39","Public county population and density dataset from balsama/us_counties_data"
"20035","Cowley County","Kansas","-11","11","Cowley County, Kansas","Population density 30 people/sq mi; gap vs county median -11","Public county population and density dataset from balsama/us_counties_data"
"20037","Crawford County","Kansas","25","25","Crawford County, Kansas","Population density 66 people/sq mi; gap vs county median 25","Public county population and density dataset from balsama/us_counties_data"
"20039","Decatur County","Kansas","-38","38","Decatur County, Kansas","Population density 3 people/sq mi; gap vs county median -38","Public county population and density dataset from balsama/us_counties_data"
"20041","Dickinson County","Kansas","-19","19","Dickinson County, Kansas","Population density 22 people/sq mi; gap vs county median -19","Public county population and density dataset from balsama/us_counties_data"
"20043","Doniphan County","Kansas","-22","22","Doniphan County, Kansas","Population density 19 people/sq mi; gap vs county median -22","Public county population and density dataset from balsama/us_counties_data"
"20045","Douglas County","Kansas","226","226","Douglas County, Kansas","Population density 267 people/sq mi; gap vs county median 226","Public county population and density dataset from balsama/us_counties_data"
"20047","Edwards County","Kansas","-37","37","Edwards County, Kansas","Population density 4 people/sq mi; gap vs county median -37","Public county population and density dataset from balsama/us_counties_data"
"20049","Elk County","Kansas","-37","37","Elk County, Kansas","Population density 4 people/sq mi; gap vs county median -37","Public county population and density dataset from balsama/us_counties_data"
"20051","Ellis County","Kansas","-9","9","Ellis County, Kansas","Population density 32 people/sq mi; gap vs county median -9","Public county population and density dataset from balsama/us_counties_data"
"20053","Ellsworth County","Kansas","-32","32","Ellsworth County, Kansas","Population density 9 people/sq mi; gap vs county median -32","Public county population and density dataset from balsama/us_counties_data"
"20055","Finney County","Kansas","-11","11","Finney County, Kansas","Population density 30 people/sq mi; gap vs county median -11","Public county population and density dataset from balsama/us_counties_data"
"20057","Ford County","Kansas","-10","10","Ford County, Kansas","Population density 31 people/sq mi; gap vs county median -10","Public county population and density dataset from balsama/us_counties_data"
"20059","Franklin County","Kansas","5","5","Franklin County, Kansas","Population density 46 people/sq mi; gap vs county median 5","Public county population and density dataset from balsama/us_counties_data"
"20061","Geary County","Kansas","51","51","Geary County, Kansas","Population density 92 people/sq mi; gap vs county median 51","Public county population and density dataset from balsama/us_counties_data"
"20063","Gove County","Kansas","-39","39","Gove County, Kansas","Population density 2 people/sq mi; gap vs county median -39","Public county population and density dataset from balsama/us_counties_data"
"20065","Graham County","Kansas","-38","38","Graham County, Kansas","Population density 3 people/sq mi; gap vs county median -38","Public county population and density dataset from balsama/us_counties_data"
"20067","Grant County","Kansas","-29","29","Grant County, Kansas","Population density 12 people/sq mi; gap vs county median -29","Public county population and density dataset from balsama/us_counties_data"
"20069","Gray County","Kansas","-34","34","Gray County, Kansas","Population density 7 people/sq mi; gap vs county median -34","Public county population and density dataset from balsama/us_counties_data"
"20071","Greeley County","Kansas","-40","40","Greeley County, Kansas","Population density 1 people/sq mi; gap vs county median -40","Public county population and density dataset from balsama/us_counties_data"
"20073","Greenwood County","Kansas","-36","36","Greenwood County, Kansas","Population density 5 people/sq mi; gap vs county median -36","Public county population and density dataset from balsama/us_counties_data"
"20075","Hamilton County","Kansas","-39","39","Hamilton County, Kansas","Population density 2 people/sq mi; gap vs county median -39","Public county population and density dataset from balsama/us_counties_data"
"20077","Harper County","Kansas","-34","34","Harper County, Kansas","Population density 7 people/sq mi; gap vs county median -34","Public county population and density dataset from balsama/us_counties_data"
"20079","Harvey County","Kansas","21","21","Harvey County, Kansas","Population density 62 people/sq mi; gap vs county median 21","Public county population and density dataset from balsama/us_counties_data"
"20081","Haskell County","Kansas","-35","35","Haskell County, Kansas","Population density 6 people/sq mi; gap vs county median -35","Public county population and density dataset from balsama/us_counties_data"
"20083","Hodgeman County","Kansas","-39","39","Hodgeman County, Kansas","Population density 2 people/sq mi; gap vs county median -39","Public county population and density dataset from balsama/us_counties_data"
"20085","Jackson County","Kansas","-20","20","Jackson County, Kansas","Population density 21 people/sq mi; gap vs county median -20","Public county population and density dataset from balsama/us_counties_data"
"20087","Jefferson County","Kansas","-7","7","Jefferson County, Kansas","Population density 34 people/sq mi; gap vs county median -7","Public county population and density dataset from balsama/us_counties_data"
"20089","Jewell County","Kansas","-38","38","Jewell County, Kansas","Population density 3 people/sq mi; gap vs county median -38","Public county population and density dataset from balsama/us_counties_data"
"20091","Johnson County","Kansas","1285","1285","Johnson County, Kansas","Population density 1326 people/sq mi; gap vs county median 1285","Public county population and density dataset from balsama/us_counties_data"
"20093","Kearny County","Kansas","-37","37","Kearny County, Kansas","Population density 4 people/sq mi; gap vs county median -37","Public county population and density dataset from balsama/us_counties_data"
"20095","Kingman County","Kansas","-33","33","Kingman County, Kansas","Population density 8 people/sq mi; gap vs county median -33","Public county population and density dataset from balsama/us_counties_data"
"20097","Kiowa County","Kansas","-38","38","Kiowa County, Kansas","Population density 3 people/sq mi; gap vs county median -38","Public county population and density dataset from balsama/us_counties_data"
"20099","Labette County","Kansas","-11","11","Labette County, Kansas","Population density 30 people/sq mi; gap vs county median -11","Public county population and density dataset from balsama/us_counties_data"
"20101","Lane County","Kansas","-39","39","Lane County, Kansas","Population density 2 people/sq mi; gap vs county median -39","Public county population and density dataset from balsama/us_counties_data"
"20103","Leavenworth County","Kansas","142","142","Leavenworth County, Kansas","Population density 183 people/sq mi; gap vs county median 142","Public county population and density dataset from balsama/us_counties_data"
"20105","Lincoln County","Kansas","-37","37","Lincoln County, Kansas","Population density 4 people/sq mi; gap vs county median -37","Public county population and density dataset from balsama/us_counties_data"
"20107","Linn County","Kansas","-25","25","Linn County, Kansas","Population density 16 people/sq mi; gap vs county median -25","Public county population and density dataset from balsama/us_counties_data"
"20109","Logan County","Kansas","-38","38","Logan County, Kansas","Population density 3 people/sq mi; gap vs county median -38","Public county population and density dataset from balsama/us_counties_data"
"20111","Lyon County","Kansas","-3","3","Lyon County, Kansas","Population density 38 people/sq mi; gap vs county median -3","Public county population and density dataset from balsama/us_counties_data"
"20113","McPherson County","Kansas","-7","7","McPherson County, Kansas","Population density 34 people/sq mi; gap vs county median -7","Public county population and density dataset from balsama/us_counties_data"
"20115","Marion County","Kansas","-29","29","Marion County, Kansas","Population density 12 people/sq mi; gap vs county median -29","Public county population and density dataset from balsama/us_counties_data"
"20117","Marshall County","Kansas","-30","30","Marshall County, Kansas","Population density 11 people/sq mi; gap vs county median -30","Public county population and density dataset from balsama/us_counties_data"
"20119","Meade County","Kansas","-37","37","Meade County, Kansas","Population density 4 people/sq mi; gap vs county median -37","Public county population and density dataset from balsama/us_counties_data"
"20121","Miami County","Kansas","21","21","Miami County, Kansas","Population density 62 people/sq mi; gap vs county median 21","Public county population and density dataset from balsama/us_counties_data"
"20123","Mitchell County","Kansas","-33","33","Mitchell County, Kansas","Population density 8 people/sq mi; gap vs county median -33","Public county population and density dataset from balsama/us_counties_data"
"20125","Montgomery County","Kansas","6","6","Montgomery County, Kansas","Population density 47 people/sq mi; gap vs county median 6","Public county population and density dataset from balsama/us_counties_data"
"20127","Morris County","Kansas","-33","33","Morris County, Kansas","Population density 8 people/sq mi; gap vs county median -33","Public county population and density dataset from balsama/us_counties_data"
"20129","Morton County","Kansas","-38","38","Morton County, Kansas","Population density 3 people/sq mi; gap vs county median -38","Public county population and density dataset from balsama/us_counties_data"
"20131","Nemaha County","Kansas","-27","27","Nemaha County, Kansas","Population density 14 people/sq mi; gap vs county median -27","Public county population and density dataset from balsama/us_counties_data"
"20133","Neosho County","Kansas","-14","14","Neosho County, Kansas","Population density 27 people/sq mi; gap vs county median -14","Public county population and density dataset from balsama/us_counties_data"
"20135","Ness County","Kansas","-39","39","Ness County, Kansas","Population density 2 people/sq mi; gap vs county median -39","Public county population and density dataset from balsama/us_counties_data"
"20137","Norton County","Kansas","-35","35","Norton County, Kansas","Population density 6 people/sq mi; gap vs county median -35","Public county population and density dataset from balsama/us_counties_data"
"20139","Osage County","Kansas","-19","19","Osage County, Kansas","Population density 22 people/sq mi; gap vs county median -19","Public county population and density dataset from balsama/us_counties_data"
"20141","Osborne County","Kansas","-37","37","Osborne County, Kansas","Population density 4 people/sq mi; gap vs county median -37","Public county population and density dataset from balsama/us_counties_data"
"20143","Ottawa County","Kansas","-33","33","Ottawa County, Kansas","Population density 8 people/sq mi; gap vs county median -33","Public county population and density dataset from balsama/us_counties_data"
"20145","Pawnee County","Kansas","-33","33","Pawnee County, Kansas","Population density 8 people/sq mi; gap vs county median -33","Public county population and density dataset from balsama/us_counties_data"
"20147","Phillips County","Kansas","-36","36","Phillips County, Kansas","Population density 5 people/sq mi; gap vs county median -36","Public county population and density dataset from balsama/us_counties_data"
"20149","Pottawatomie County","Kansas","-9","9","Pottawatomie County, Kansas","Population density 32 people/sq mi; gap vs county median -9","Public county population and density dataset from balsama/us_counties_data"
"20151","Pratt County","Kansas","-29","29","Pratt County, Kansas","Population density 12 people/sq mi; gap vs county median -29","Public county population and density dataset from balsama/us_counties_data"
"20153","Rawlins County","Kansas","-39","39","Rawlins County, Kansas","Population density 2 people/sq mi; gap vs county median -39","Public county population and density dataset from balsama/us_counties_data"
"20155","Reno County","Kansas","8","8","Reno County, Kansas","Population density 49 people/sq mi; gap vs county median 8","Public county population and density dataset from balsama/us_counties_data"
"20157","Republic County","Kansas","-35","35","Republic County, Kansas","Population density 6 people/sq mi; gap vs county median -35","Public county population and density dataset from balsama/us_counties_data"
"20159","Rice County","Kansas","-28","28","Rice County, Kansas","Population density 13 people/sq mi; gap vs county median -28","Public county population and density dataset from balsama/us_counties_data"
"20161","Riley County","Kansas","78","78","Riley County, Kansas","Population density 119 people/sq mi; gap vs county median 78","Public county population and density dataset from balsama/us_counties_data"
"20163","Rooks County","Kansas","-36","36","Rooks County, Kansas","Population density 5 people/sq mi; gap vs county median -36","Public county population and density dataset from balsama/us_counties_data"
"20165","Rush County","Kansas","-37","37","Rush County, Kansas","Population density 4 people/sq mi; gap vs county median -37","Public county population and density dataset from balsama/us_counties_data"
"20167","Russell County","Kansas","-34","34","Russell County, Kansas","Population density 7 people/sq mi; gap vs county median -34","Public county population and density dataset from balsama/us_counties_data"
"20169","Saline County","Kansas","33","33","Saline County, Kansas","Population density 74 people/sq mi; gap vs county median 33","Public county population and density dataset from balsama/us_counties_data"
"20171","Scott County","Kansas","-34","34","Scott County, Kansas","Population density 7 people/sq mi; gap vs county median -34","Public county population and density dataset from balsama/us_counties_data"
"20173","Sedgwick County","Kansas","495","495","Sedgwick County, Kansas","Population density 536 people/sq mi; gap vs county median 495","Public county population and density dataset from balsama/us_counties_data"
"20175","Seward County","Kansas","-8","8","Seward County, Kansas","Population density 33 people/sq mi; gap vs county median -8","Public county population and density dataset from balsama/us_counties_data"
"20177","Shawnee County","Kansas","283","283","Shawnee County, Kansas","Population density 324 people/sq mi; gap vs county median 283","Public county population and density dataset from balsama/us_counties_data"
"20179","Sheridan County","Kansas","-38","38","Sheridan County, Kansas","Population density 3 people/sq mi; gap vs county median -38","Public county population and density dataset from balsama/us_counties_data"
"20181","Sherman County","Kansas","-36","36","Sherman County, Kansas","Population density 5 people/sq mi; gap vs county median -36","Public county population and density dataset from balsama/us_counties_data"
"20183","Smith County","Kansas","-37","37","Smith County, Kansas","Population density 4 people/sq mi; gap vs county median -37","Public county population and density dataset from balsama/us_counties_data"
"20185","Stafford County","Kansas","-36","36","Stafford County, Kansas","Population density 5 people/sq mi; gap vs county median -36","Public county population and density dataset from balsama/us_counties_data"
"20187","Stanton County","Kansas","-38","38","Stanton County, Kansas","Population density 3 people/sq mi; gap vs county median -38","Public county population and density dataset from balsama/us_counties_data"
"20189","Stevens County","Kansas","-34","34","Stevens County, Kansas","Population density 7 people/sq mi; gap vs county median -34","Public county population and density dataset from balsama/us_counties_data"
"20191","Sumner County","Kansas","-22","22","Sumner County, Kansas","Population density 19 people/sq mi; gap vs county median -22","Public county population and density dataset from balsama/us_counties_data"
"20193","Thomas County","Kansas","-34","34","Thomas County, Kansas","Population density 7 people/sq mi; gap vs county median -34","Public county population and density dataset from balsama/us_counties_data"
"20195","Trego County","Kansas","-38","38","Trego County, Kansas","Population density 3 people/sq mi; gap vs county median -38","Public county population and density dataset from balsama/us_counties_data"
"20197","Wabaunsee County","Kansas","-32","32","Wabaunsee County, Kansas","Population density 9 people/sq mi; gap vs county median -32","Public county population and density dataset from balsama/us_counties_data"
"20199","Wallace County","Kansas","-39","39","Wallace County, Kansas","Population density 2 people/sq mi; gap vs county median -39","Public county population and density dataset from balsama/us_counties_data"
"20201","Washington County","Kansas","-35","35","Washington County, Kansas","Population density 6 people/sq mi; gap vs county median -35","Public county population and density dataset from balsama/us_counties_data"
"20203","Wichita County","Kansas","-38","38","Wichita County, Kansas","Population density 3 people/sq mi; gap vs county median -38","Public county population and density dataset from balsama/us_counties_data"
"20205","Wilson County","Kansas","-26","26","Wilson County, Kansas","Population density 15 people/sq mi; gap vs county median -26","Public county population and density dataset from balsama/us_counties_data"
"20207","Woodson County","Kansas","-35","35","Woodson County, Kansas","Population density 6 people/sq mi; gap vs county median -35","Public county population and density dataset from balsama/us_counties_data"
"20209","Wyandotte County","Kansas","1081","1081","Wyandotte County, Kansas","Population density 1122 people/sq mi; gap vs county median 1081","Public county population and density dataset from balsama/us_counties_data"
"21001","Adair County","Kentucky","6","6","Adair County, Kentucky","Population density 47 people/sq mi; gap vs county median 6","Public county population and density dataset from balsama/us_counties_data"
"21003","Allen County","Kentucky","23","23","Allen County, Kentucky","Population density 64 people/sq mi; gap vs county median 23","Public county population and density dataset from balsama/us_counties_data"
"21005","Anderson County","Kentucky","82","82","Anderson County, Kentucky","Population density 123 people/sq mi; gap vs county median 82","Public county population and density dataset from balsama/us_counties_data"
"21007","Ballard County","Kentucky","-11","11","Ballard County, Kentucky","Population density 30 people/sq mi; gap vs county median -11","Public county population and density dataset from balsama/us_counties_data"
"21009","Barren County","Kentucky","52","52","Barren County, Kentucky","Population density 93 people/sq mi; gap vs county median 52","Public county population and density dataset from balsama/us_counties_data"
"21011","Bath County","Kentucky","5","5","Bath County, Kentucky","Population density 46 people/sq mi; gap vs county median 5","Public county population and density dataset from balsama/us_counties_data"
"21013","Bell County","Kentucky","23","23","Bell County, Kentucky","Population density 64 people/sq mi; gap vs county median 23","Public county population and density dataset from balsama/us_counties_data"
"21015","Boone County","Kentucky","545","545","Boone County, Kentucky","Population density 586 people/sq mi; gap vs county median 545","Public county population and density dataset from balsama/us_counties_data"
"21017","Bourbon County","Kentucky","29","29","Bourbon County, Kentucky","Population density 70 people/sq mi; gap vs county median 29","Public county population and density dataset from balsama/us_counties_data"
"21019","Boyd County","Kentucky","258","258","Boyd County, Kentucky","Population density 299 people/sq mi; gap vs county median 258","Public county population and density dataset from balsama/us_counties_data"
"21021","Boyle County","Kentucky","131","131","Boyle County, Kentucky","Population density 172 people/sq mi; gap vs county median 131","Public county population and density dataset from balsama/us_counties_data"
"21023","Bracken County","Kentucky","1","1","Bracken County, Kentucky","Population density 42 people/sq mi; gap vs county median 1","Public county population and density dataset from balsama/us_counties_data"
"21025","Breathitt County","Kentucky","-15","15","Breathitt County, Kentucky","Population density 26 people/sq mi; gap vs county median -15","Public county population and density dataset from balsama/us_counties_data"
"21027","Breckinridge County","Kentucky","-4","4","Breckinridge County, Kentucky","Population density 37 people/sq mi; gap vs county median -4","Public county population and density dataset from balsama/us_counties_data"
"21029","Bullitt County","Kentucky","246","246","Bullitt County, Kentucky","Population density 287 people/sq mi; gap vs county median 246","Public county population and density dataset from balsama/us_counties_data"
"21031","Butler County","Kentucky","-12","12","Butler County, Kentucky","Population density 29 people/sq mi; gap vs county median -12","Public county population and density dataset from balsama/us_counties_data"
"21033","Caldwell County","Kentucky","-5","5","Caldwell County, Kentucky","Population density 36 people/sq mi; gap vs county median -5","Public county population and density dataset from balsama/us_counties_data"
"21035","Calloway County","Kentucky","60","60","Calloway County, Kentucky","Population density 101 people/sq mi; gap vs county median 60","Public county population and density dataset from balsama/us_counties_data"
"21037","Campbell County","Kentucky","577","577","Campbell County, Kentucky","Population density 618 people/sq mi; gap vs county median 577","Public county population and density dataset from balsama/us_counties_data"
"21039","Carlisle County","Kentucky","-16","16","Carlisle County, Kentucky","Population density 25 people/sq mi; gap vs county median -16","Public county population and density dataset from balsama/us_counties_data"
"21041","Carroll County","Kentucky","44","44","Carroll County, Kentucky","Population density 85 people/sq mi; gap vs county median 44","Public county population and density dataset from balsama/us_counties_data"
"21043","Carter County","Kentucky","22","22","Carter County, Kentucky","Population density 63 people/sq mi; gap vs county median 22","Public county population and density dataset from balsama/us_counties_data"
"21045","Casey County","Kentucky","-5","5","Casey County, Kentucky","Population density 36 people/sq mi; gap vs county median -5","Public county population and density dataset from balsama/us_counties_data"
"21047","Christian County","Kentucky","57","57","Christian County, Kentucky","Population density 98 people/sq mi; gap vs county median 57","Public county population and density dataset from balsama/us_counties_data"
"21049","Clark County","Kentucky","107","107","Clark County, Kentucky","Population density 148 people/sq mi; gap vs county median 107","Public county population and density dataset from balsama/us_counties_data"
"21051","Clay County","Kentucky","1","1","Clay County, Kentucky","Population density 42 people/sq mi; gap vs county median 1","Public county population and density dataset from balsama/us_counties_data"
"21053","Clinton County","Kentucky","5","5","Clinton County, Kentucky","Population density 46 people/sq mi; gap vs county median 5","Public county population and density dataset from balsama/us_counties_data"
"21055","Crittenden County","Kentucky","-16","16","Crittenden County, Kentucky","Population density 25 people/sq mi; gap vs county median -16","Public county population and density dataset from balsama/us_counties_data"
"21057","Cumberland County","Kentucky","-21","21","Cumberland County, Kentucky","Population density 20 people/sq mi; gap vs county median -21","Public county population and density dataset from balsama/us_counties_data"
"21059","Daviess County","Kentucky","185","185","Daviess County, Kentucky","Population density 226 people/sq mi; gap vs county median 185","Public county population and density dataset from balsama/us_counties_data"
"21061","Edmonson County","Kentucky","1","1","Edmonson County, Kentucky","Population density 42 people/sq mi; gap vs county median 1","Public county population and density dataset from balsama/us_counties_data"
"21063","Elliott County","Kentucky","-10","10","Elliott County, Kentucky","Population density 31 people/sq mi; gap vs county median -10","Public county population and density dataset from balsama/us_counties_data"
"21065","Estill County","Kentucky","14","14","Estill County, Kentucky","Population density 55 people/sq mi; gap vs county median 14","Public county population and density dataset from balsama/us_counties_data"
"21067","Fayette County","Kentucky","1119","1119","Fayette County, Kentucky","Population density 1160 people/sq mi; gap vs county median 1119","Public county population and density dataset from balsama/us_counties_data"
"21069","Fleming County","Kentucky","3","3","Fleming County, Kentucky","Population density 44 people/sq mi; gap vs county median 3","Public county population and density dataset from balsama/us_counties_data"
"21071","Floyd County","Kentucky","47","47","Floyd County, Kentucky","Population density 88 people/sq mi; gap vs county median 47","Public county population and density dataset from balsama/us_counties_data"
"21073","Franklin County","Kentucky","209","209","Franklin County, Kentucky","Population density 250 people/sq mi; gap vs county median 209","Public county population and density dataset from balsama/us_counties_data"
"21075","Fulton County","Kentucky","-11","11","Fulton County, Kentucky","Population density 30 people/sq mi; gap vs county median -11","Public county population and density dataset from balsama/us_counties_data"
"21077","Gallatin County","Kentucky","43","43","Gallatin County, Kentucky","Population density 84 people/sq mi; gap vs county median 43","Public county population and density dataset from balsama/us_counties_data"
"21079","Garrard County","Kentucky","37","37","Garrard County, Kentucky","Population density 78 people/sq mi; gap vs county median 37","Public county population and density dataset from balsama/us_counties_data"
"21081","Grant County","Kentucky","58","58","Grant County, Kentucky","Population density 99 people/sq mi; gap vs county median 58","Public county population and density dataset from balsama/us_counties_data"
"21083","Graves County","Kentucky","25","25","Graves County, Kentucky","Population density 66 people/sq mi; gap vs county median 25","Public county population and density dataset from balsama/us_counties_data"
"21085","Grayson County","Kentucky","13","13","Grayson County, Kentucky","Population density 54 people/sq mi; gap vs county median 13","Public county population and density dataset from balsama/us_counties_data"
"21087","Green County","Kentucky","-1","1","Green County, Kentucky","Population density 40 people/sq mi; gap vs county median -1","Public county population and density dataset from balsama/us_counties_data"
"21089","Greenup County","Kentucky","61","61","Greenup County, Kentucky","Population density 102 people/sq mi; gap vs county median 61","Public county population and density dataset from balsama/us_counties_data"
"21091","Hancock County","Kentucky","7","7","Hancock County, Kentucky","Population density 48 people/sq mi; gap vs county median 7","Public county population and density dataset from balsama/us_counties_data"
"21093","Hardin County","Kentucky","139","139","Hardin County, Kentucky","Population density 180 people/sq mi; gap vs county median 139","Public county population and density dataset from balsama/us_counties_data"
"21095","Harlan County","Kentucky","13","13","Harlan County, Kentucky","Population density 54 people/sq mi; gap vs county median 13","Public county population and density dataset from balsama/us_counties_data"
"21097","Harrison County","Kentucky","22","22","Harrison County, Kentucky","Population density 63 people/sq mi; gap vs county median 22","Public county population and density dataset from balsama/us_counties_data"
"21099","Hart County","Kentucky","7","7","Hart County, Kentucky","Population density 48 people/sq mi; gap vs county median 7","Public county population and density dataset from balsama/us_counties_data"
"21101","Henderson County","Kentucky","59","59","Henderson County, Kentucky","Population density 100 people/sq mi; gap vs county median 59","Public county population and density dataset from balsama/us_counties_data"
"21103","Henry County","Kentucky","15","15","Henry County, Kentucky","Population density 56 people/sq mi; gap vs county median 15","Public county population and density dataset from balsama/us_counties_data"
"21105","Hickman County","Kentucky","-23","23","Hickman County, Kentucky","Population density 18 people/sq mi; gap vs county median -23","Public county population and density dataset from balsama/us_counties_data"
"21107","Hopkins County","Kentucky","41","41","Hopkins County, Kentucky","Population density 82 people/sq mi; gap vs county median 41","Public county population and density dataset from balsama/us_counties_data"
"21109","Jackson County","Kentucky","-2","2","Jackson County, Kentucky","Population density 39 people/sq mi; gap vs county median -2","Public county population and density dataset from balsama/us_counties_data"
"21111","Jefferson County","Kentucky","2021","2021","Jefferson County, Kentucky","Population density 2062 people/sq mi; gap vs county median 2021","Public county population and density dataset from balsama/us_counties_data"
"21113","Jessamine County","Kentucky","286","286","Jessamine County, Kentucky","Population density 327 people/sq mi; gap vs county median 286","Public county population and density dataset from balsama/us_counties_data"
"21115","Johnson County","Kentucky","43","43","Johnson County, Kentucky","Population density 84 people/sq mi; gap vs county median 43","Public county population and density dataset from balsama/us_counties_data"
"21117","Kenton County","Kentucky","1032","1032","Kenton County, Kentucky","Population density 1073 people/sq mi; gap vs county median 1032","Public county population and density dataset from balsama/us_counties_data"
"21119","Knott County","Kentucky","-3","3","Knott County, Kentucky","Population density 38 people/sq mi; gap vs county median -3","Public county population and density dataset from balsama/us_counties_data"
"21121","Knox County","Kentucky","35","35","Knox County, Kentucky","Population density 76 people/sq mi; gap vs county median 35","Public county population and density dataset from balsama/us_counties_data"
"21123","LaRue County","Kentucky","17","17","LaRue County, Kentucky","Population density 58 people/sq mi; gap vs county median 17","Public county population and density dataset from balsama/us_counties_data"
"21125","Laurel County","Kentucky","104","104","Laurel County, Kentucky","Population density 145 people/sq mi; gap vs county median 104","Public county population and density dataset from balsama/us_counties_data"
"21127","Lawrence County","Kentucky","-3","3","Lawrence County, Kentucky","Population density 38 people/sq mi; gap vs county median -3","Public county population and density dataset from balsama/us_counties_data"
"21129","Lee County","Kentucky","-6","6","Lee County, Kentucky","Population density 35 people/sq mi; gap vs county median -6","Public county population and density dataset from balsama/us_counties_data"
"21131","Leslie County","Kentucky","-17","17","Leslie County, Kentucky","Population density 24 people/sq mi; gap vs county median -17","Public county population and density dataset from balsama/us_counties_data"
"21133","Letcher County","Kentucky","18","18","Letcher County, Kentucky","Population density 59 people/sq mi; gap vs county median 18","Public county population and density dataset from balsama/us_counties_data"
"21135","Lewis County","Kentucky","-14","14","Lewis County, Kentucky","Population density 27 people/sq mi; gap vs county median -14","Public county population and density dataset from balsama/us_counties_data"
"21137","Lincoln County","Kentucky","33","33","Lincoln County, Kentucky","Population density 74 people/sq mi; gap vs county median 33","Public county population and density dataset from balsama/us_counties_data"
"21139","Livingston County","Kentucky","-13","13","Livingston County, Kentucky","Population density 28 people/sq mi; gap vs county median -13","Public county population and density dataset from balsama/us_counties_data"
"21141","Logan County","Kentucky","10","10","Logan County, Kentucky","Population density 51 people/sq mi; gap vs county median 10","Public county population and density dataset from balsama/us_counties_data"
"21143","Lyon County","Kentucky","1","1","Lyon County, Kentucky","Population density 42 people/sq mi; gap vs county median 1","Public county population and density dataset from balsama/us_counties_data"
"21145","McCracken County","Kentucky","228","228","McCracken County, Kentucky","Population density 269 people/sq mi; gap vs county median 228","Public county population and density dataset from balsama/us_counties_data"
"21147","McCreary County","Kentucky","-2","2","McCreary County, Kentucky","Population density 39 people/sq mi; gap vs county median -2","Public county population and density dataset from balsama/us_counties_data"
"21149","McLean County","Kentucky","-5","5","McLean County, Kentucky","Population density 36 people/sq mi; gap vs county median -5","Public county population and density dataset from balsama/us_counties_data"
"21151","Madison County","Kentucky","185","185","Madison County, Kentucky","Population density 226 people/sq mi; gap vs county median 185","Public county population and density dataset from balsama/us_counties_data"
"21153","Magoffin County","Kentucky","-5","5","Magoffin County, Kentucky","Population density 36 people/sq mi; gap vs county median -5","Public county population and density dataset from balsama/us_counties_data"
"21155","Marion County","Kentucky","16","16","Marion County, Kentucky","Population density 57 people/sq mi; gap vs county median 16","Public county population and density dataset from balsama/us_counties_data"
"21157","Marshall County","Kentucky","63","63","Marshall County, Kentucky","Population density 104 people/sq mi; gap vs county median 63","Public county population and density dataset from balsama/us_counties_data"
"21159","Martin County","Kentucky","5","5","Martin County, Kentucky","Population density 46 people/sq mi; gap vs county median 5","Public county population and density dataset from balsama/us_counties_data"
"21161","Mason County","Kentucky","29","29","Mason County, Kentucky","Population density 70 people/sq mi; gap vs county median 29","Public county population and density dataset from balsama/us_counties_data"
"21163","Meade County","Kentucky","58","58","Meade County, Kentucky","Population density 99 people/sq mi; gap vs county median 58","Public county population and density dataset from balsama/us_counties_data"
"21165","Menifee County","Kentucky","-10","10","Menifee County, Kentucky","Population density 31 people/sq mi; gap vs county median -10","Public county population and density dataset from balsama/us_counties_data"
"21167","Mercer County","Kentucky","53","53","Mercer County, Kentucky","Population density 94 people/sq mi; gap vs county median 53","Public county population and density dataset from balsama/us_counties_data"
"21169","Metcalfe County","Kentucky","-5","5","Metcalfe County, Kentucky","Population density 36 people/sq mi; gap vs county median -5","Public county population and density dataset from balsama/us_counties_data"
"21171","Monroe County","Kentucky","-7","7","Monroe County, Kentucky","Population density 34 people/sq mi; gap vs county median -7","Public county population and density dataset from balsama/us_counties_data"
"21173","Montgomery County","Kentucky","104","104","Montgomery County, Kentucky","Population density 145 people/sq mi; gap vs county median 104","Public county population and density dataset from balsama/us_counties_data"
"21175","Morgan County","Kentucky","-3","3","Morgan County, Kentucky","Population density 38 people/sq mi; gap vs county median -3","Public county population and density dataset from balsama/us_counties_data"
"21177","Muhlenberg County","Kentucky","23","23","Muhlenberg County, Kentucky","Population density 64 people/sq mi; gap vs county median 23","Public county population and density dataset from balsama/us_counties_data"
"21179","Nelson County","Kentucky","74","74","Nelson County, Kentucky","Population density 115 people/sq mi; gap vs county median 74","Public county population and density dataset from balsama/us_counties_data"
"21181","Nicholas County","Kentucky","-1","1","Nicholas County, Kentucky","Population density 40 people/sq mi; gap vs county median -1","Public county population and density dataset from balsama/us_counties_data"
"21183","Ohio County","Kentucky","-1","1","Ohio County, Kentucky","Population density 40 people/sq mi; gap vs county median -1","Public county population and density dataset from balsama/us_counties_data"
"21185","Oldham County","Kentucky","332","332","Oldham County, Kentucky","Population density 373 people/sq mi; gap vs county median 332","Public county population and density dataset from balsama/us_counties_data"
"21187","Owen County","Kentucky","-9","9","Owen County, Kentucky","Population density 32 people/sq mi; gap vs county median -9","Public county population and density dataset from balsama/us_counties_data"
"21189","Owsley County","Kentucky","-21","21","Owsley County, Kentucky","Population density 20 people/sq mi; gap vs county median -21","Public county population and density dataset from balsama/us_counties_data"
"21191","Pendleton County","Kentucky","12","12","Pendleton County, Kentucky","Population density 53 people/sq mi; gap vs county median 12","Public county population and density dataset from balsama/us_counties_data"
"21193","Perry County","Kentucky","37","37","Perry County, Kentucky","Population density 78 people/sq mi; gap vs county median 37","Public county population and density dataset from balsama/us_counties_data"
"21195","Pike County","Kentucky","29","29","Pike County, Kentucky","Population density 70 people/sq mi; gap vs county median 29","Public county population and density dataset from balsama/us_counties_data"
"21197","Powell County","Kentucky","31","31","Powell County, Kentucky","Population density 72 people/sq mi; gap vs county median 31","Public county population and density dataset from balsama/us_counties_data"
"21199","Pulaski County","Kentucky","60","60","Pulaski County, Kentucky","Population density 101 people/sq mi; gap vs county median 60","Public county population and density dataset from balsama/us_counties_data"
"21201","Robertson County","Kentucky","-17","17","Robertson County, Kentucky","Population density 24 people/sq mi; gap vs county median -17","Public county population and density dataset from balsama/us_counties_data"
"21203","Rockcastle County","Kentucky","10","10","Rockcastle County, Kentucky","Population density 51 people/sq mi; gap vs county median 10","Public county population and density dataset from balsama/us_counties_data"
"21205","Rowan County","Kentucky","47","47","Rowan County, Kentucky","Population density 88 people/sq mi; gap vs county median 47","Public county population and density dataset from balsama/us_counties_data"
"21207","Russell County","Kentucky","32","32","Russell County, Kentucky","Population density 73 people/sq mi; gap vs county median 32","Public county population and density dataset from balsama/us_counties_data"
"21209","Scott County","Kentucky","175","175","Scott County, Kentucky","Population density 216 people/sq mi; gap vs county median 175","Public county population and density dataset from balsama/us_counties_data"
"21211","Shelby County","Kentucky","90","90","Shelby County, Kentucky","Population density 131 people/sq mi; gap vs county median 90","Public county population and density dataset from balsama/us_counties_data"
"21213","Simpson County","Kentucky","45","45","Simpson County, Kentucky","Population density 86 people/sq mi; gap vs county median 45","Public county population and density dataset from balsama/us_counties_data"
"21215","Spencer County","Kentucky","71","71","Spencer County, Kentucky","Population density 112 people/sq mi; gap vs county median 71","Public county population and density dataset from balsama/us_counties_data"
"21217","Taylor County","Kentucky","58","58","Taylor County, Kentucky","Population density 99 people/sq mi; gap vs county median 58","Public county population and density dataset from balsama/us_counties_data"
"21219","Todd County","Kentucky","-7","7","Todd County, Kentucky","Population density 34 people/sq mi; gap vs county median -7","Public county population and density dataset from balsama/us_counties_data"
"21221","Trigg County","Kentucky","-8","8","Trigg County, Kentucky","Population density 33 people/sq mi; gap vs county median -8","Public county population and density dataset from balsama/us_counties_data"
"21223","Trimble County","Kentucky","17","17","Trimble County, Kentucky","Population density 58 people/sq mi; gap vs county median 17","Public county population and density dataset from balsama/us_counties_data"
"21225","Union County","Kentucky","-3","3","Union County, Kentucky","Population density 38 people/sq mi; gap vs county median -3","Public county population and density dataset from balsama/us_counties_data"
"21227","Warren County","Kentucky","230","230","Warren County, Kentucky","Population density 271 people/sq mi; gap vs county median 230","Public county population and density dataset from balsama/us_counties_data"
"21229","Washington County","Kentucky","0","0","Washington County, Kentucky","Population density 41 people/sq mi; gap vs county median 0","Public county population and density dataset from balsama/us_counties_data"
"21231","Wayne County","Kentucky","2","2","Wayne County, Kentucky","Population density 43 people/sq mi; gap vs county median 2","Public county population and density dataset from balsama/us_counties_data"
"21233","Webster County","Kentucky","-3","3","Webster County, Kentucky","Population density 38 people/sq mi; gap vs county median -3","Public county population and density dataset from balsama/us_counties_data"
"21235","Whitley County","Kentucky","44","44","Whitley County, Kentucky","Population density 85 people/sq mi; gap vs county median 44","Public county population and density dataset from balsama/us_counties_data"
"21237","Wolfe County","Kentucky","-12","12","Wolfe County, Kentucky","Population density 29 people/sq mi; gap vs county median -12","Public county population and density dataset from balsama/us_counties_data"
"21239","Woodford County","Kentucky","104","104","Woodford County, Kentucky","Population density 145 people/sq mi; gap vs county median 104","Public county population and density dataset from balsama/us_counties_data"
"22001","Acadia Parish","Louisiana","45","45","Acadia Parish, Louisiana","Population density 86 people/sq mi; gap vs county median 45","Public county population and density dataset from balsama/us_counties_data"
"22003","Allen Parish","Louisiana","-12","12","Allen Parish, Louisiana","Population density 29 people/sq mi; gap vs county median -12","Public county population and density dataset from balsama/us_counties_data"
"22005","Ascension Parish","Louisiana","400","400","Ascension Parish, Louisiana","Population density 441 people/sq mi; gap vs county median 400","Public county population and density dataset from balsama/us_counties_data"
"22007","Assumption Parish","Louisiana","14","14","Assumption Parish, Louisiana","Population density 55 people/sq mi; gap vs county median 14","Public county population and density dataset from balsama/us_counties_data"
"22009","Avoyelles Parish","Louisiana","3","3","Avoyelles Parish, Louisiana","Population density 44 people/sq mi; gap vs county median 3","Public county population and density dataset from balsama/us_counties_data"
"22011","Beauregard Parish","Louisiana","-10","10","Beauregard Parish, Louisiana","Population density 31 people/sq mi; gap vs county median -10","Public county population and density dataset from balsama/us_counties_data"
"22013","Bienville Parish","Louisiana","-26","26","Bienville Parish, Louisiana","Population density 15 people/sq mi; gap vs county median -26","Public county population and density dataset from balsama/us_counties_data"
"22015","Bossier Parish","Louisiana","110","110","Bossier Parish, Louisiana","Population density 151 people/sq mi; gap vs county median 110","Public county population and density dataset from balsama/us_counties_data"
"22017","Caddo Parish","Louisiana","199","199","Caddo Parish, Louisiana","Population density 240 people/sq mi; gap vs county median 199","Public county population and density dataset from balsama/us_counties_data"
"22019","Calcasieu Parish","Louisiana","148","148","Calcasieu Parish, Louisiana","Population density 189 people/sq mi; gap vs county median 148","Public county population and density dataset from balsama/us_counties_data"
"22021","Caldwell Parish","Louisiana","-24","24","Caldwell Parish, Louisiana","Population density 17 people/sq mi; gap vs county median -24","Public county population and density dataset from balsama/us_counties_data"
"22023","Cameron Parish","Louisiana","-39","39","Cameron Parish, Louisiana","Population density 2 people/sq mi; gap vs county median -39","Public county population and density dataset from balsama/us_counties_data"
"22025","Catahoula Parish","Louisiana","-30","30","Catahoula Parish, Louisiana","Population density 11 people/sq mi; gap vs county median -30","Public county population and density dataset from balsama/us_counties_data"
"22027","Claiborne Parish","Louisiana","-23","23","Claiborne Parish, Louisiana","Population density 18 people/sq mi; gap vs county median -23","Public county population and density dataset from balsama/us_counties_data"
"22029","Concordia Parish","Louisiana","-17","17","Concordia Parish, Louisiana","Population density 24 people/sq mi; gap vs county median -17","Public county population and density dataset from balsama/us_counties_data"
"22031","DeSoto Parish","Louisiana","-11","11","DeSoto Parish, Louisiana","Population density 30 people/sq mi; gap vs county median -11","Public county population and density dataset from balsama/us_counties_data"
"22033","East Baton Rouge Parish","Louisiana","921","921","East Baton Rouge Parish, Louisiana","Population density 962 people/sq mi; gap vs county median 921","Public county population and density dataset from balsama/us_counties_data"
"22035","East Carroll Parish","Louisiana","-25","25","East Carroll Parish, Louisiana","Population density 16 people/sq mi; gap vs county median -25","Public county population and density dataset from balsama/us_counties_data"
"22037","East Feliciana Parish","Louisiana","1","1","East Feliciana Parish, Louisiana","Population density 42 people/sq mi; gap vs county median 1","Public county population and density dataset from balsama/us_counties_data"
"22039","Evangeline Parish","Louisiana","6","6","Evangeline Parish, Louisiana","Population density 47 people/sq mi; gap vs county median 6","Public county population and density dataset from balsama/us_counties_data"
"22041","Franklin Parish","Louisiana","-11","11","Franklin Parish, Louisiana","Population density 30 people/sq mi; gap vs county median -11","Public county population and density dataset from balsama/us_counties_data"
"22043","Grant Parish","Louisiana","-8","8","Grant Parish, Louisiana","Population density 33 people/sq mi; gap vs county median -8","Public county population and density dataset from balsama/us_counties_data"
"22045","Iberia Parish","Louisiana","25","25","Iberia Parish, Louisiana","Population density 66 people/sq mi; gap vs county median 25","Public county population and density dataset from balsama/us_counties_data"
"22047","Iberville Parish","Louisiana","5","5","Iberville Parish, Louisiana","Population density 46 people/sq mi; gap vs county median 5","Public county population and density dataset from balsama/us_counties_data"
"22049","Jackson Parish","Louisiana","-15","15","Jackson Parish, Louisiana","Population density 26 people/sq mi; gap vs county median -15","Public county population and density dataset from balsama/us_counties_data"
"22051","Jefferson Parish","Louisiana","625","625","Jefferson Parish, Louisiana","Population density 666 people/sq mi; gap vs county median 625","Public county population and density dataset from balsama/us_counties_data"
"22053","Jefferson Davis Parish","Louisiana","7","7","Jefferson Davis Parish, Louisiana","Population density 48 people/sq mi; gap vs county median 7","Public county population and density dataset from balsama/us_counties_data"
"22055","Lafayette Parish","Louisiana","901","901","Lafayette Parish, Louisiana","Population density 942 people/sq mi; gap vs county median 901","Public county population and density dataset from balsama/us_counties_data"
"22057","Lafourche Parish","Louisiana","24","24","Lafourche Parish, Louisiana","Population density 65 people/sq mi; gap vs county median 24","Public county population and density dataset from balsama/us_counties_data"
"22059","LaSalle Parish","Louisiana","-19","19","LaSalle Parish, Louisiana","Population density 22 people/sq mi; gap vs county median -19","Public county population and density dataset from balsama/us_counties_data"
"22061","Lincoln Parish","Louisiana","61","61","Lincoln Parish, Louisiana","Population density 102 people/sq mi; gap vs county median 61","Public county population and density dataset from balsama/us_counties_data"
"22063","Livingston Parish","Louisiana","176","176","Livingston Parish, Louisiana","Population density 217 people/sq mi; gap vs county median 176","Public county population and density dataset from balsama/us_counties_data"
"22065","Madison Parish","Louisiana","-27","27","Madison Parish, Louisiana","Population density 14 people/sq mi; gap vs county median -27","Public county population and density dataset from balsama/us_counties_data"
"22067","Morehouse Parish","Louisiana","-11","11","Morehouse Parish, Louisiana","Population density 30 people/sq mi; gap vs county median -11","Public county population and density dataset from balsama/us_counties_data"
"22069","Natchitoches Parish","Louisiana","-13","13","Natchitoches Parish, Louisiana","Population density 28 people/sq mi; gap vs county median -13","Public county population and density dataset from balsama/us_counties_data"
"22071","Orleans Parish","Louisiana","995","995","Orleans Parish, Louisiana","Population density 1036 people/sq mi; gap vs county median 995","Public county population and density dataset from balsama/us_counties_data"
"22073","Ouachita Parish","Louisiana","208","208","Ouachita Parish, Louisiana","Population density 249 people/sq mi; gap vs county median 208","Public county population and density dataset from balsama/us_counties_data"
"22075","Plaquemines Parish","Louisiana","-32","32","Plaquemines Parish, Louisiana","Population density 9 people/sq mi; gap vs county median -32","Public county population and density dataset from balsama/us_counties_data"
"22077","Pointe Coupee Parish","Louisiana","-7","7","Pointe Coupee Parish, Louisiana","Population density 34 people/sq mi; gap vs county median -7","Public county population and density dataset from balsama/us_counties_data"
"22079","Rapides Parish","Louisiana","51","51","Rapides Parish, Louisiana","Population density 92 people/sq mi; gap vs county median 51","Public county population and density dataset from balsama/us_counties_data"
"22081","Red River Parish","Louisiana","-23","23","Red River Parish, Louisiana","Population density 18 people/sq mi; gap vs county median -23","Public county population and density dataset from balsama/us_counties_data"
"22083","Richland Parish","Louisiana","-6","6","Richland Parish, Louisiana","Population density 35 people/sq mi; gap vs county median -6","Public county population and density dataset from balsama/us_counties_data"
"22085","Sabine Parish","Louisiana","-20","20","Sabine Parish, Louisiana","Population density 21 people/sq mi; gap vs county median -20","Public county population and density dataset from balsama/us_counties_data"
"22087","St. Bernard Parish","Louisiana","-16","16","St. Bernard Parish, Louisiana","Population density 25 people/sq mi; gap vs county median -16","Public county population and density dataset from balsama/us_counties_data"
"22089","St. Charles Parish","Louisiana","82","82","St. Charles Parish, Louisiana","Population density 123 people/sq mi; gap vs county median 82","Public county population and density dataset from balsama/us_counties_data"
"22091","St. Helena Parish","Louisiana","-14","14","St. Helena Parish, Louisiana","Population density 27 people/sq mi; gap vs county median -14","Public county population and density dataset from balsama/us_counties_data"
"22093","St. James Parish","Louisiana","33","33","St. James Parish, Louisiana","Population density 74 people/sq mi; gap vs county median 33","Public county population and density dataset from balsama/us_counties_data"
"22095","St. John the Baptist Parish","Louisiana","73","73","St. John the Baptist Parish, Louisiana","Population density 114 people/sq mi; gap vs county median 73","Public county population and density dataset from balsama/us_counties_data"
"22097","St. Landry Parish","Louisiana","45","45","St. Landry Parish, Louisiana","Population density 86 people/sq mi; gap vs county median 45","Public county population and density dataset from balsama/us_counties_data"
"22099","St. Martin Parish","Louisiana","22","22","St. Martin Parish, Louisiana","Population density 63 people/sq mi; gap vs county median 22","Public county population and density dataset from balsama/us_counties_data"
"22101","St. Mary Parish","Louisiana","35","35","St. Mary Parish, Louisiana","Population density 76 people/sq mi; gap vs county median 35","Public county population and density dataset from balsama/us_counties_data"
"22103","St. Tammany Parish","Louisiana","206","206","St. Tammany Parish, Louisiana","Population density 247 people/sq mi; gap vs county median 206","Public county population and density dataset from balsama/us_counties_data"
"22105","Tangipahoa Parish","Louisiana","129","129","Tangipahoa Parish, Louisiana","Population density 170 people/sq mi; gap vs county median 129","Public county population and density dataset from balsama/us_counties_data"
"22107","Tensas Parish","Louisiana","-35","35","Tensas Parish, Louisiana","Population density 6 people/sq mi; gap vs county median -35","Public county population and density dataset from balsama/us_counties_data"
"22109","Terrebonne Parish","Louisiana","9","9","Terrebonne Parish, Louisiana","Population density 50 people/sq mi; gap vs county median 9","Public county population and density dataset from balsama/us_counties_data"
"22111","Union Parish","Louisiana","-18","18","Union Parish, Louisiana","Population density 23 people/sq mi; gap vs county median -18","Public county population and density dataset from balsama/us_counties_data"
"22113","Vermilion Parish","Louisiana","-4","4","Vermilion Parish, Louisiana","Population density 37 people/sq mi; gap vs county median -4","Public county population and density dataset from balsama/us_counties_data"
"22115","Vernon Parish","Louisiana","-7","7","Vernon Parish, Louisiana","Population density 34 people/sq mi; gap vs county median -7","Public county population and density dataset from balsama/us_counties_data"
"22117","Washington Parish","Louisiana","26","26","Washington Parish, Louisiana","Population density 67 people/sq mi; gap vs county median 26","Public county population and density dataset from balsama/us_counties_data"
"22119","Webster Parish","Louisiana","16","16","Webster Parish, Louisiana","Population density 57 people/sq mi; gap vs county median 16","Public county population and density dataset from balsama/us_counties_data"
"22121","West Baton Rouge Parish","Louisiana","99","99","West Baton Rouge Parish, Louisiana","Population density 140 people/sq mi; gap vs county median 99","Public county population and density dataset from balsama/us_counties_data"
"22123","West Carroll Parish","Louisiana","-15","15","West Carroll Parish, Louisiana","Population density 26 people/sq mi; gap vs county median -15","Public county population and density dataset from balsama/us_counties_data"
"22125","West Feliciana Parish","Louisiana","-5","5","West Feliciana Parish, Louisiana","Population density 36 people/sq mi; gap vs county median -5","Public county population and density dataset from balsama/us_counties_data"
"22127","Winn Parish","Louisiana","-27","27","Winn Parish, Louisiana","Population density 14 people/sq mi; gap vs county median -27","Public county population and density dataset from balsama/us_counties_data"
"23001","Androscoggin County","Maine","191","191","Androscoggin County, Maine","Population density 232 people/sq mi; gap vs county median 191","Public county population and density dataset from balsama/us_counties_data"
"23003","Aroostook County","Maine","-31","31","Aroostook County, Maine","Population density 10 people/sq mi; gap vs county median -31","Public county population and density dataset from balsama/us_counties_data"
"23005","Cumberland County","Maine","217","217","Cumberland County, Maine","Population density 258 people/sq mi; gap vs county median 217","Public county population and density dataset from balsama/us_counties_data"
"23007","Franklin County","Maine","-23","23","Franklin County, Maine","Population density 18 people/sq mi; gap vs county median -23","Public county population and density dataset from balsama/us_counties_data"
"23009","Hancock County","Maine","-17","17","Hancock County, Maine","Population density 24 people/sq mi; gap vs county median -17","Public county population and density dataset from balsama/us_counties_data"
"23011","Kennebec County","Maine","94","94","Kennebec County, Maine","Population density 135 people/sq mi; gap vs county median 94","Public county population and density dataset from balsama/us_counties_data"
"23013","Knox County","Maine","-5","5","Knox County, Maine","Population density 36 people/sq mi; gap vs county median -5","Public county population and density dataset from balsama/us_counties_data"
"23015","Lincoln County","Maine","11","11","Lincoln County, Maine","Population density 52 people/sq mi; gap vs county median 11","Public county population and density dataset from balsama/us_counties_data"
"23017","Oxford County","Maine","-13","13","Oxford County, Maine","Population density 28 people/sq mi; gap vs county median -13","Public county population and density dataset from balsama/us_counties_data"
"23019","Penobscot County","Maine","3","3","Penobscot County, Maine","Population density 44 people/sq mi; gap vs county median 3","Public county population and density dataset from balsama/us_counties_data"
"23021","Piscataquis County","Maine","-37","37","Piscataquis County, Maine","Population density 4 people/sq mi; gap vs county median -37","Public county population and density dataset from balsama/us_counties_data"
"23023","Sagadahoc County","Maine","61","61","Sagadahoc County, Maine","Population density 102 people/sq mi; gap vs county median 61","Public county population and density dataset from balsama/us_counties_data"
"23025","Somerset County","Maine","-28","28","Somerset County, Maine","Population density 13 people/sq mi; gap vs county median -28","Public county population and density dataset from balsama/us_counties_data"
"23027","Waldo County","Maine","7","7","Waldo County, Maine","Population density 48 people/sq mi; gap vs county median 7","Public county population and density dataset from balsama/us_counties_data"
"23029","Washington County","Maine","-31","31","Washington County, Maine","Population density 10 people/sq mi; gap vs county median -31","Public county population and density dataset from balsama/us_counties_data"
"23031","York County","Maine","132","132","York County, Maine","Population density 173 people/sq mi; gap vs county median 132","Public county population and density dataset from balsama/us_counties_data"
"24001","Allegany County","Maryland","115","115","Allegany County, Maryland","Population density 156 people/sq mi; gap vs county median 115","Public county population and density dataset from balsama/us_counties_data"
"24003","Anne Arundel County","Maryland","983","983","Anne Arundel County, Maryland","Population density 1024 people/sq mi; gap vs county median 983","Public county population and density dataset from balsama/us_counties_data"
"24005","Baltimore County","Maryland","1209","1209","Baltimore County, Maryland","Population density 1250 people/sq mi; gap vs county median 1209","Public county population and density dataset from balsama/us_counties_data"
"24009","Calvert County","Maryland","234","234","Calvert County, Maryland","Population density 275 people/sq mi; gap vs county median 234","Public county population and density dataset from balsama/us_counties_data"
"24011","Caroline County","Maryland","64","64","Caroline County, Maryland","Population density 105 people/sq mi; gap vs county median 64","Public county population and density dataset from balsama/us_counties_data"
"24013","Carroll County","Maryland","351","351","Carroll County, Maryland","Population density 392 people/sq mi; gap vs county median 351","Public county population and density dataset from balsama/us_counties_data"
"24015","Cecil County","Maryland","213","213","Cecil County, Maryland","Population density 254 people/sq mi; gap vs county median 213","Public county population and density dataset from balsama/us_counties_data"
"24017","Charles County","Maryland","230","230","Charles County, Maryland","Population density 271 people/sq mi; gap vs county median 230","Public county population and density dataset from balsama/us_counties_data"
"24019","Dorchester County","Maryland","-7","7","Dorchester County, Maryland","Population density 34 people/sq mi; gap vs county median -7","Public county population and density dataset from balsama/us_counties_data"
"24021","Frederick County","Maryland","408","408","Frederick County, Maryland","Population density 449 people/sq mi; gap vs county median 408","Public county population and density dataset from balsama/us_counties_data"
"24023","Garrett County","Maryland","2","2","Garrett County, Maryland","Population density 43 people/sq mi; gap vs county median 2","Public county population and density dataset from balsama/us_counties_data"
"24025","Harford County","Maryland","463","463","Harford County, Maryland","Population density 504 people/sq mi; gap vs county median 463","Public county population and density dataset from balsama/us_counties_data"
"24027","Howard County","Maryland","1296","1296","Howard County, Maryland","Population density 1337 people/sq mi; gap vs county median 1296","Public county population and density dataset from balsama/us_counties_data"
"24029","Kent County","Maryland","6","6","Kent County, Maryland","Population density 47 people/sq mi; gap vs county median 6","Public county population and density dataset from balsama/us_counties_data"
"24031","Montgomery County","Maryland","2094","2094","Montgomery County, Maryland","Population density 2135 people/sq mi; gap vs county median 2094","Public county population and density dataset from balsama/us_counties_data"
"24033","Prince George's County","Maryland","1900","1900","Prince George's County, Maryland","Population density 1941 people/sq mi; gap vs county median 1900","Public county population and density dataset from balsama/us_counties_data"
"24035","Queen Anne's County","Maryland","64","64","Queen Anne's County, Maryland","Population density 105 people/sq mi; gap vs county median 64","Public county population and density dataset from balsama/us_counties_data"
"24037","St. Mary's County","Maryland","150","150","St. Mary's County, Maryland","Population density 191 people/sq mi; gap vs county median 150","Public county population and density dataset from balsama/us_counties_data"
"24039","Somerset County","Maryland","0","0","Somerset County, Maryland","Population density 41 people/sq mi; gap vs county median 0","Public county population and density dataset from balsama/us_counties_data"
"24041","Talbot County","Maryland","39","39","Talbot County, Maryland","Population density 80 people/sq mi; gap vs county median 39","Public county population and density dataset from balsama/us_counties_data"
"24043","Washington County","Maryland","295","295","Washington County, Maryland","Population density 336 people/sq mi; gap vs county median 295","Public county population and density dataset from balsama/us_counties_data"
"24045","Wicomico County","Maryland","225","225","Wicomico County, Maryland","Population density 266 people/sq mi; gap vs county median 225","Public county population and density dataset from balsama/us_counties_data"
"24047","Worcester County","Maryland","37","37","Worcester County, Maryland","Population density 78 people/sq mi; gap vs county median 37","Public county population and density dataset from balsama/us_counties_data"
"24510","Baltimore City","Maryland","6136","6136","Baltimore City, Maryland","Population density 6177 people/sq mi; gap vs county median 6136","Public county population and density dataset from balsama/us_counties_data"
"25001","Barnstable County","Massachusetts","546","546","Barnstable County, Massachusetts","Population density 587 people/sq mi; gap vs county median 546","Public county population and density dataset from balsama/us_counties_data"
"25003","Berkshire County","Massachusetts","97","97","Berkshire County, Massachusetts","Population density 138 people/sq mi; gap vs county median 97","Public county population and density dataset from balsama/us_counties_data"
"25005","Bristol County","Massachusetts","1018","1018","Bristol County, Massachusetts","Population density 1059 people/sq mi; gap vs county median 1018","Public county population and density dataset from balsama/us_counties_data"
"25007","Dukes County","Massachusetts","162","162","Dukes County, Massachusetts","Population density 203 people/sq mi; gap vs county median 162","Public county population and density dataset from balsama/us_counties_data"
"25009","Essex County","Massachusetts","1613","1613","Essex County, Massachusetts","Population density 1654 people/sq mi; gap vs county median 1613","Public county population and density dataset from balsama/us_counties_data"
"25011","Franklin County","Massachusetts","60","60","Franklin County, Massachusetts","Population density 101 people/sq mi; gap vs county median 60","Public county population and density dataset from balsama/us_counties_data"
"25013","Hampden County","Massachusetts","710","710","Hampden County, Massachusetts","Population density 751 people/sq mi; gap vs county median 710","Public county population and density dataset from balsama/us_counties_data"
"25015","Hampshire County","Massachusetts","272","272","Hampshire County, Massachusetts","Population density 313 people/sq mi; gap vs county median 272","Public county population and density dataset from balsama/us_counties_data"
"25017","Middlesex County","Massachusetts","1984","1984","Middlesex County, Massachusetts","Population density 2025 people/sq mi; gap vs county median 1984","Public county population and density dataset from balsama/us_counties_data"
"25019","Nantucket County","Massachusetts","265","265","Nantucket County, Massachusetts","Population density 306 people/sq mi; gap vs county median 265","Public county population and density dataset from balsama/us_counties_data"
"25021","Norfolk County","Massachusetts","1811","1811","Norfolk County, Massachusetts","Population density 1852 people/sq mi; gap vs county median 1811","Public county population and density dataset from balsama/us_counties_data"
"25023","Plymouth County","Massachusetts","779","779","Plymouth County, Massachusetts","Population density 820 people/sq mi; gap vs county median 779","Public county population and density dataset from balsama/us_counties_data"
"25025","Suffolk County","Massachusetts","13634","13634","Suffolk County, Massachusetts","Population density 13675 people/sq mi; gap vs county median 13634","Public county population and density dataset from balsama/us_counties_data"
"25027","Worcester County","Massachusetts","541","541","Worcester County, Massachusetts","Population density 582 people/sq mi; gap vs county median 541","Public county population and density dataset from balsama/us_counties_data"
"26001","Alcona County","Michigan","-35","35","Alcona County, Michigan","Population density 6 people/sq mi; gap vs county median -35","Public county population and density dataset from balsama/us_counties_data"
"26003","Alger County","Michigan","-39","39","Alger County, Michigan","Population density 2 people/sq mi; gap vs county median -39","Public county population and density dataset from balsama/us_counties_data"
"26005","Allegan County","Michigan","26","26","Allegan County, Michigan","Population density 67 people/sq mi; gap vs county median 26","Public county population and density dataset from balsama/us_counties_data"
"26007","Alpena County","Michigan","-24","24","Alpena County, Michigan","Population density 17 people/sq mi; gap vs county median -24","Public county population and density dataset from balsama/us_counties_data"
"26009","Antrim County","Michigan","0","0","Antrim County, Michigan","Population density 41 people/sq mi; gap vs county median 0","Public county population and density dataset from balsama/us_counties_data"
"26011","Arenac County","Michigan","-19","19","Arenac County, Michigan","Population density 22 people/sq mi; gap vs county median -19","Public county population and density dataset from balsama/us_counties_data"
"26013","Baraga County","Michigan","-33","33","Baraga County, Michigan","Population density 8 people/sq mi; gap vs county median -33","Public county population and density dataset from balsama/us_counties_data"
"26015","Barry County","Michigan","70","70","Barry County, Michigan","Population density 111 people/sq mi; gap vs county median 70","Public county population and density dataset from balsama/us_counties_data"
"26017","Bay County","Michigan","122","122","Bay County, Michigan","Population density 163 people/sq mi; gap vs county median 122","Public county population and density dataset from balsama/us_counties_data"
"26019","Benzie County","Michigan","-19","19","Benzie County, Michigan","Population density 22 people/sq mi; gap vs county median -19","Public county population and density dataset from balsama/us_counties_data"
"26021","Berrien County","Michigan","56","56","Berrien County, Michigan","Population density 97 people/sq mi; gap vs county median 56","Public county population and density dataset from balsama/us_counties_data"
"26023","Branch County","Michigan","48","48","Branch County, Michigan","Population density 89 people/sq mi; gap vs county median 48","Public county population and density dataset from balsama/us_counties_data"
"26025","Calhoun County","Michigan","145","145","Calhoun County, Michigan","Population density 186 people/sq mi; gap vs county median 145","Public county population and density dataset from balsama/us_counties_data"
"26027","Cass County","Michigan","60","60","Cass County, Michigan","Population density 101 people/sq mi; gap vs county median 60","Public county population and density dataset from balsama/us_counties_data"
"26029","Charlevoix County","Michigan","-22","22","Charlevoix County, Michigan","Population density 19 people/sq mi; gap vs county median -22","Public county population and density dataset from balsama/us_counties_data"
"26031","Cheboygan County","Michigan","-12","12","Cheboygan County, Michigan","Population density 29 people/sq mi; gap vs county median -12","Public county population and density dataset from balsama/us_counties_data"
"26033","Chippewa County","Michigan","-28","28","Chippewa County, Michigan","Population density 13 people/sq mi; gap vs county median -28","Public county population and density dataset from balsama/us_counties_data"
"26035","Clare County","Michigan","14","14","Clare County, Michigan","Population density 55 people/sq mi; gap vs county median 14","Public county population and density dataset from balsama/us_counties_data"
"26037","Clinton County","Michigan","98","98","Clinton County, Michigan","Population density 139 people/sq mi; gap vs county median 98","Public county population and density dataset from balsama/us_counties_data"
"26039","Crawford County","Michigan","-17","17","Crawford County, Michigan","Population density 24 people/sq mi; gap vs county median -17","Public county population and density dataset from balsama/us_counties_data"
"26041","Delta County","Michigan","-23","23","Delta County, Michigan","Population density 18 people/sq mi; gap vs county median -23","Public county population and density dataset from balsama/us_counties_data"
"26043","Dickinson County","Michigan","-8","8","Dickinson County, Michigan","Population density 33 people/sq mi; gap vs county median -8","Public county population and density dataset from balsama/us_counties_data"
"26045","Eaton County","Michigan","148","148","Eaton County, Michigan","Population density 189 people/sq mi; gap vs county median 148","Public county population and density dataset from balsama/us_counties_data"
"26047","Emmet County","Michigan","-3","3","Emmet County, Michigan","Population density 38 people/sq mi; gap vs county median -3","Public county population and density dataset from balsama/us_counties_data"
"26049","Genesee County","Michigan","579","579","Genesee County, Michigan","Population density 620 people/sq mi; gap vs county median 579","Public county population and density dataset from balsama/us_counties_data"
"26051","Gladwin County","Michigan","9","9","Gladwin County, Michigan","Population density 50 people/sq mi; gap vs county median 9","Public county population and density dataset from balsama/us_counties_data"
"26053","Gogebic County","Michigan","-31","31","Gogebic County, Michigan","Population density 10 people/sq mi; gap vs county median -31","Public county population and density dataset from balsama/us_counties_data"
"26055","Grand Traverse County","Michigan","120","120","Grand Traverse County, Michigan","Population density 161 people/sq mi; gap vs county median 120","Public county population and density dataset from balsama/us_counties_data"
"26057","Gratiot County","Michigan","31","31","Gratiot County, Michigan","Population density 72 people/sq mi; gap vs county median 31","Public county population and density dataset from balsama/us_counties_data"
"26059","Hillsdale County","Michigan","34","34","Hillsdale County, Michigan","Population density 75 people/sq mi; gap vs county median 34","Public county population and density dataset from balsama/us_counties_data"
"26061","Houghton County","Michigan","-16","16","Houghton County, Michigan","Population density 25 people/sq mi; gap vs county median -16","Public county population and density dataset from balsama/us_counties_data"
"26063","Huron County","Michigan","-27","27","Huron County, Michigan","Population density 14 people/sq mi; gap vs county median -27","Public county population and density dataset from balsama/us_counties_data"
"26065","Ingham County","Michigan","477","477","Ingham County, Michigan","Population density 518 people/sq mi; gap vs county median 477","Public county population and density dataset from balsama/us_counties_data"
"26067","Ionia County","Michigan","73","73","Ionia County, Michigan","Population density 114 people/sq mi; gap vs county median 73","Public county population and density dataset from balsama/us_counties_data"
"26069","Iosco County","Michigan","-28","28","Iosco County, Michigan","Population density 13 people/sq mi; gap vs county median -28","Public county population and density dataset from balsama/us_counties_data"
"26071","Iron County","Michigan","-31","31","Iron County, Michigan","Population density 10 people/sq mi; gap vs county median -31","Public county population and density dataset from balsama/us_counties_data"
"26073","Isabella County","Michigan","72","72","Isabella County, Michigan","Population density 113 people/sq mi; gap vs county median 72","Public county population and density dataset from balsama/us_counties_data"
"26075","Jackson County","Michigan","180","180","Jackson County, Michigan","Population density 221 people/sq mi; gap vs county median 180","Public county population and density dataset from balsama/us_counties_data"
"26077","Kalamazoo County","Michigan","416","416","Kalamazoo County, Michigan","Population density 457 people/sq mi; gap vs county median 416","Public county population and density dataset from balsama/us_counties_data"
"26079","Kalkaska County","Michigan","-8","8","Kalkaska County, Michigan","Population density 33 people/sq mi; gap vs county median -8","Public county population and density dataset from balsama/us_counties_data"
"26081","Kent County","Michigan","731","731","Kent County, Michigan","Population density 772 people/sq mi; gap vs county median 731","Public county population and density dataset from balsama/us_counties_data"
"26083","Keweenaw County","Michigan","-41","41","Keweenaw County, Michigan","Population density 0 people/sq mi; gap vs county median -41","Public county population and density dataset from balsama/us_counties_data"
"26085","Lake County","Michigan","-18","18","Lake County, Michigan","Population density 23 people/sq mi; gap vs county median -18","Public county population and density dataset from balsama/us_counties_data"
"26087","Lapeer County","Michigan","93","93","Lapeer County, Michigan","Population density 134 people/sq mi; gap vs county median 93","Public county population and density dataset from balsama/us_counties_data"
"26089","Leelanau County","Michigan","-32","32","Leelanau County, Michigan","Population density 9 people/sq mi; gap vs county median -32","Public county population and density dataset from balsama/us_counties_data"
"26091","Lenawee County","Michigan","87","87","Lenawee County, Michigan","Population density 128 people/sq mi; gap vs county median 87","Public county population and density dataset from balsama/us_counties_data"
"26093","Livingston County","Michigan","296","296","Livingston County, Michigan","Population density 337 people/sq mi; gap vs county median 296","Public county population and density dataset from balsama/us_counties_data"
"26095","Luce County","Michigan","-38","38","Luce County, Michigan","Population density 3 people/sq mi; gap vs county median -38","Public county population and density dataset from balsama/us_counties_data"
"26097","Mackinac County","Michigan","-36","36","Mackinac County, Michigan","Population density 5 people/sq mi; gap vs county median -36","Public county population and density dataset from balsama/us_counties_data"
"26099","Macomb County","Michigan","1514","1514","Macomb County, Michigan","Population density 1555 people/sq mi; gap vs county median 1514","Public county population and density dataset from balsama/us_counties_data"
"26101","Manistee County","Michigan","-21","21","Manistee County, Michigan","Population density 20 people/sq mi; gap vs county median -21","Public county population and density dataset from balsama/us_counties_data"
"26103","Marquette County","Michigan","-21","21","Marquette County, Michigan","Population density 20 people/sq mi; gap vs county median -21","Public county population and density dataset from balsama/us_counties_data"
"26105","Mason County","Michigan","-18","18","Mason County, Michigan","Population density 23 people/sq mi; gap vs county median -18","Public county population and density dataset from balsama/us_counties_data"
"26107","Mecosta County","Michigan","32","32","Mecosta County, Michigan","Population density 73 people/sq mi; gap vs county median 32","Public county population and density dataset from balsama/us_counties_data"
"26109","Menominee County","Michigan","-24","24","Menominee County, Michigan","Population density 17 people/sq mi; gap vs county median -24","Public county population and density dataset from balsama/us_counties_data"
"26111","Midland County","Michigan","118","118","Midland County, Michigan","Population density 159 people/sq mi; gap vs county median 118","Public county population and density dataset from balsama/us_counties_data"
"26113","Missaukee County","Michigan","-14","14","Missaukee County, Michigan","Population density 27 people/sq mi; gap vs county median -14","Public county population and density dataset from balsama/us_counties_data"
"26115","Monroe County","Michigan","188","188","Monroe County, Michigan","Population density 229 people/sq mi; gap vs county median 188","Public county population and density dataset from balsama/us_counties_data"
"26117","Montcalm County","Michigan","55","55","Montcalm County, Michigan","Population density 96 people/sq mi; gap vs county median 55","Public county population and density dataset from balsama/us_counties_data"
"26119","Montmorency County","Michigan","-24","24","Montmorency County, Michigan","Population density 17 people/sq mi; gap vs county median -24","Public county population and density dataset from balsama/us_counties_data"
"26121","Muskegon County","Michigan","81","81","Muskegon County, Michigan","Population density 122 people/sq mi; gap vs county median 81","Public county population and density dataset from balsama/us_counties_data"
"26123","Newaygo County","Michigan","19","19","Newaygo County, Michigan","Population density 60 people/sq mi; gap vs county median 19","Public county population and density dataset from balsama/us_counties_data"
"26125","Oakland County","Michigan","1387","1387","Oakland County, Michigan","Population density 1428 people/sq mi; gap vs county median 1387","Public county population and density dataset from balsama/us_counties_data"
"26127","Oceana County","Michigan","-20","20","Oceana County, Michigan","Population density 21 people/sq mi; gap vs county median -20","Public county population and density dataset from balsama/us_counties_data"
"26129","Ogemaw County","Michigan","-5","5","Ogemaw County, Michigan","Population density 36 people/sq mi; gap vs county median -5","Public county population and density dataset from balsama/us_counties_data"
"26131","Ontonagon County","Michigan","-39","39","Ontonagon County, Michigan","Population density 2 people/sq mi; gap vs county median -39","Public county population and density dataset from balsama/us_counties_data"
"26133","Osceola County","Michigan","0","0","Osceola County, Michigan","Population density 41 people/sq mi; gap vs county median 0","Public county population and density dataset from balsama/us_counties_data"
"26135","Oscoda County","Michigan","-26","26","Oscoda County, Michigan","Population density 15 people/sq mi; gap vs county median -26","Public county population and density dataset from balsama/us_counties_data"
"26137","Otsego County","Michigan","9","9","Otsego County, Michigan","Population density 50 people/sq mi; gap vs county median 9","Public county population and density dataset from balsama/us_counties_data"
"26139","Ottawa County","Michigan","147","147","Ottawa County, Michigan","Population density 188 people/sq mi; gap vs county median 147","Public county population and density dataset from balsama/us_counties_data"
"26141","Presque Isle County","Michigan","-36","36","Presque Isle County, Michigan","Population density 5 people/sq mi; gap vs county median -36","Public county population and density dataset from balsama/us_counties_data"
"26143","Roscommon County","Michigan","0","0","Roscommon County, Michigan","Population density 41 people/sq mi; gap vs county median 0","Public county population and density dataset from balsama/us_counties_data"
"26145","Saginaw County","Michigan","189","189","Saginaw County, Michigan","Population density 230 people/sq mi; gap vs county median 189","Public county population and density dataset from balsama/us_counties_data"
"26147","St. Clair County","Michigan","151","151","St. Clair County, Michigan","Population density 192 people/sq mi; gap vs county median 151","Public county population and density dataset from balsama/us_counties_data"
"26149","St. Joseph County","Michigan","76","76","St. Joseph County, Michigan","Population density 117 people/sq mi; gap vs county median 76","Public county population and density dataset from balsama/us_counties_data"
"26151","Sanilac County","Michigan","-16","16","Sanilac County, Michigan","Population density 25 people/sq mi; gap vs county median -16","Public county population and density dataset from balsama/us_counties_data"
"26153","Schoolcraft County","Michigan","-37","37","Schoolcraft County, Michigan","Population density 4 people/sq mi; gap vs county median -37","Public county population and density dataset from balsama/us_counties_data"
"26155","Shiawassee County","Michigan","85","85","Shiawassee County, Michigan","Population density 126 people/sq mi; gap vs county median 85","Public county population and density dataset from balsama/us_counties_data"
"26157","Tuscola County","Michigan","17","17","Tuscola County, Michigan","Population density 58 people/sq mi; gap vs county median 17","Public county population and density dataset from balsama/us_counties_data"
"26159","Van Buren County","Michigan","29","29","Van Buren County, Michigan","Population density 70 people/sq mi; gap vs county median 29","Public county population and density dataset from balsama/us_counties_data"
"26161","Washtenaw County","Michigan","476","476","Washtenaw County, Michigan","Population density 517 people/sq mi; gap vs county median 476","Public county population and density dataset from balsama/us_counties_data"
"26163","Wayne County","Michigan","2595","2595","Wayne County, Michigan","Population density 2636 people/sq mi; gap vs county median 2595","Public county population and density dataset from balsama/us_counties_data"
"26165","Wexford County","Michigan","19","19","Wexford County, Michigan","Population density 60 people/sq mi; gap vs county median 19","Public county population and density dataset from balsama/us_counties_data"
"27001","Aitkin County","Minnesota","-32","32","Aitkin County, Minnesota","Population density 9 people/sq mi; gap vs county median -32","Public county population and density dataset from balsama/us_counties_data"
"27003","Anoka County","Minnesota","850","850","Anoka County, Minnesota","Population density 891 people/sq mi; gap vs county median 850","Public county population and density dataset from balsama/us_counties_data"
"27005","Becker County","Minnesota","-14","14","Becker County, Minnesota","Population density 27 people/sq mi; gap vs county median -14","Public county population and density dataset from balsama/us_counties_data"
"27007","Beltrami County","Minnesota","-22","22","Beltrami County, Minnesota","Population density 19 people/sq mi; gap vs county median -22","Public county population and density dataset from balsama/us_counties_data"
"27009","Benton County","Minnesota","62","62","Benton County, Minnesota","Population density 103 people/sq mi; gap vs county median 62","Public county population and density dataset from balsama/us_counties_data"
"27011","Big Stone County","Minnesota","-31","31","Big Stone County, Minnesota","Population density 10 people/sq mi; gap vs county median -31","Public county population and density dataset from balsama/us_counties_data"
"27013","Blue Earth County","Minnesota","53","53","Blue Earth County, Minnesota","Population density 94 people/sq mi; gap vs county median 53","Public county population and density dataset from balsama/us_counties_data"
"27015","Brown County","Minnesota","1","1","Brown County, Minnesota","Population density 42 people/sq mi; gap vs county median 1","Public county population and density dataset from balsama/us_counties_data"
"27017","Carlton County","Minnesota","2","2","Carlton County, Minnesota","Population density 43 people/sq mi; gap vs county median 2","Public county population and density dataset from balsama/us_counties_data"
"27019","Carver County","Minnesota","274","274","Carver County, Minnesota","Population density 315 people/sq mi; gap vs county median 274","Public county population and density dataset from balsama/us_counties_data"
"27021","Cass County","Minnesota","-25","25","Cass County, Minnesota","Population density 16 people/sq mi; gap vs county median -25","Public county population and density dataset from balsama/us_counties_data"
"27023","Chippewa County","Minnesota","-20","20","Chippewa County, Minnesota","Population density 21 people/sq mi; gap vs county median -20","Public county population and density dataset from balsama/us_counties_data"
"27025","Chisago County","Minnesota","101","101","Chisago County, Minnesota","Population density 142 people/sq mi; gap vs county median 101","Public county population and density dataset from balsama/us_counties_data"
"27027","Clay County","Minnesota","23","23","Clay County, Minnesota","Population density 64 people/sq mi; gap vs county median 23","Public county population and density dataset from balsama/us_counties_data"
"27029","Clearwater County","Minnesota","-32","32","Clearwater County, Minnesota","Population density 9 people/sq mi; gap vs county median -32","Public county population and density dataset from balsama/us_counties_data"
"27031","Cook County","Minnesota","-37","37","Cook County, Minnesota","Population density 4 people/sq mi; gap vs county median -37","Public county population and density dataset from balsama/us_counties_data"
"27033","Cottonwood County","Minnesota","-23","23","Cottonwood County, Minnesota","Population density 18 people/sq mi; gap vs county median -23","Public county population and density dataset from balsama/us_counties_data"
"27035","Crow Wing County","Minnesota","28","28","Crow Wing County, Minnesota","Population density 69 people/sq mi; gap vs county median 28","Public county population and density dataset from balsama/us_counties_data"
"27037","Dakota County","Minnesota","755","755","Dakota County, Minnesota","Population density 796 people/sq mi; gap vs county median 755","Public county population and density dataset from balsama/us_counties_data"
"27039","Dodge County","Minnesota","7","7","Dodge County, Minnesota","Population density 48 people/sq mi; gap vs county median 7","Public county population and density dataset from balsama/us_counties_data"
"27041","Douglas County","Minnesota","22","22","Douglas County, Minnesota","Population density 63 people/sq mi; gap vs county median 22","Public county population and density dataset from balsama/us_counties_data"
"27043","Faribault County","Minnesota","-22","22","Faribault County, Minnesota","Population density 19 people/sq mi; gap vs county median -22","Public county population and density dataset from balsama/us_counties_data"
"27045","Fillmore County","Minnesota","-16","16","Fillmore County, Minnesota","Population density 25 people/sq mi; gap vs county median -16","Public county population and density dataset from balsama/us_counties_data"
"27047","Freeborn County","Minnesota","2","2","Freeborn County, Minnesota","Population density 43 people/sq mi; gap vs county median 2","Public county population and density dataset from balsama/us_counties_data"
"27049","Goodhue County","Minnesota","22","22","Goodhue County, Minnesota","Population density 63 people/sq mi; gap vs county median 22","Public county population and density dataset from balsama/us_counties_data"
"27051","Grant County","Minnesota","-30","30","Grant County, Minnesota","Population density 11 people/sq mi; gap vs county median -30","Public county population and density dataset from balsama/us_counties_data"
"27053","Hennepin County","Minnesota","2249","2249","Hennepin County, Minnesota","Population density 2290 people/sq mi; gap vs county median 2249","Public county population and density dataset from balsama/us_counties_data"
"27055","Houston County","Minnesota","-8","8","Houston County, Minnesota","Population density 33 people/sq mi; gap vs county median -8","Public county population and density dataset from balsama/us_counties_data"
"27057","Hubbard County","Minnesota","-17","17","Hubbard County, Minnesota","Population density 24 people/sq mi; gap vs county median -17","Public county population and density dataset from balsama/us_counties_data"
"27059","Isanti County","Minnesota","59","59","Isanti County, Minnesota","Population density 100 people/sq mi; gap vs county median 59","Public county population and density dataset from balsama/us_counties_data"
"27061","Itasca County","Minnesota","-24","24","Itasca County, Minnesota","Population density 17 people/sq mi; gap vs county median -24","Public county population and density dataset from balsama/us_counties_data"
"27063","Jackson County","Minnesota","-27","27","Jackson County, Minnesota","Population density 14 people/sq mi; gap vs county median -27","Public county population and density dataset from balsama/us_counties_data"
"27065","Kanabec County","Minnesota","-9","9","Kanabec County, Minnesota","Population density 32 people/sq mi; gap vs county median -9","Public county population and density dataset from balsama/us_counties_data"
"27067","Kandiyohi County","Minnesota","15","15","Kandiyohi County, Minnesota","Population density 56 people/sq mi; gap vs county median 15","Public county population and density dataset from balsama/us_counties_data"
"27069","Kittson County","Minnesota","-37","37","Kittson County, Minnesota","Population density 4 people/sq mi; gap vs county median -37","Public county population and density dataset from balsama/us_counties_data"
"27071","Koochiching County","Minnesota","-37","37","Koochiching County, Minnesota","Population density 4 people/sq mi; gap vs county median -37","Public county population and density dataset from balsama/us_counties_data"
"27073","Lac qui Parle County","Minnesota","-32","32","Lac qui Parle County, Minnesota","Population density 9 people/sq mi; gap vs county median -32","Public county population and density dataset from balsama/us_counties_data"
"27075","Lake County","Minnesota","-36","36","Lake County, Minnesota","Population density 5 people/sq mi; gap vs county median -36","Public county population and density dataset from balsama/us_counties_data"
"27077","Lake of the Woods County","Minnesota","-38","38","Lake of the Woods County, Minnesota","Population density 3 people/sq mi; gap vs county median -38","Public county population and density dataset from balsama/us_counties_data"
"27079","Le Sueur County","Minnesota","25","25","Le Sueur County, Minnesota","Population density 66 people/sq mi; gap vs county median 25","Public county population and density dataset from balsama/us_counties_data"
"27081","Lincoln County","Minnesota","-31","31","Lincoln County, Minnesota","Population density 10 people/sq mi; gap vs county median -31","Public county population and density dataset from balsama/us_counties_data"
"27083","Lyon County","Minnesota","-5","5","Lyon County, Minnesota","Population density 36 people/sq mi; gap vs county median -5","Public county population and density dataset from balsama/us_counties_data"
"27085","McLeod County","Minnesota","34","34","McLeod County, Minnesota","Population density 75 people/sq mi; gap vs county median 34","Public county population and density dataset from balsama/us_counties_data"
"27087","Mahnomen County","Minnesota","-31","31","Mahnomen County, Minnesota","Population density 10 people/sq mi; gap vs county median -31","Public county population and density dataset from balsama/us_counties_data"
"27089","Marshall County","Minnesota","-36","36","Marshall County, Minnesota","Population density 5 people/sq mi; gap vs county median -36","Public county population and density dataset from balsama/us_counties_data"
"27091","Martin County","Minnesota","-13","13","Martin County, Minnesota","Population density 28 people/sq mi; gap vs county median -13","Public county population and density dataset from balsama/us_counties_data"
"27093","Meeker County","Minnesota","-2","2","Meeker County, Minnesota","Population density 39 people/sq mi; gap vs county median -2","Public county population and density dataset from balsama/us_counties_data"
"27095","Mille Lacs County","Minnesota","7","7","Mille Lacs County, Minnesota","Population density 48 people/sq mi; gap vs county median 7","Public county population and density dataset from balsama/us_counties_data"
"27097","Morrison County","Minnesota","-10","10","Morrison County, Minnesota","Population density 31 people/sq mi; gap vs county median -10","Public county population and density dataset from balsama/us_counties_data"
"27099","Mower County","Minnesota","17","17","Mower County, Minnesota","Population density 58 people/sq mi; gap vs county median 17","Public county population and density dataset from balsama/us_counties_data"
"27101","Murray County","Minnesota","-30","30","Murray County, Minnesota","Population density 11 people/sq mi; gap vs county median -30","Public county population and density dataset from balsama/us_counties_data"
"27103","Nicollet County","Minnesota","35","35","Nicollet County, Minnesota","Population density 76 people/sq mi; gap vs county median 35","Public county population and density dataset from balsama/us_counties_data"
"27105","Nobles County","Minnesota","-10","10","Nobles County, Minnesota","Population density 31 people/sq mi; gap vs county median -10","Public county population and density dataset from balsama/us_counties_data"
"27107","Norman County","Minnesota","-34","34","Norman County, Minnesota","Population density 7 people/sq mi; gap vs county median -34","Public county population and density dataset from balsama/us_counties_data"
"27109","Olmsted County","Minnesota","214","214","Olmsted County, Minnesota","Population density 255 people/sq mi; gap vs county median 214","Public county population and density dataset from balsama/us_counties_data"
"27111","Otter Tail County","Minnesota","-10","10","Otter Tail County, Minnesota","Population density 31 people/sq mi; gap vs county median -10","Public county population and density dataset from balsama/us_counties_data"
"27113","Pennington County","Minnesota","-19","19","Pennington County, Minnesota","Population density 22 people/sq mi; gap vs county median -19","Public county population and density dataset from balsama/us_counties_data"
"27115","Pine County","Minnesota","-20","20","Pine County, Minnesota","Population density 21 people/sq mi; gap vs county median -20","Public county population and density dataset from balsama/us_counties_data"
"27117","Pipestone County","Minnesota","-21","21","Pipestone County, Minnesota","Population density 20 people/sq mi; gap vs county median -21","Public county population and density dataset from balsama/us_counties_data"
"27119","Polk County","Minnesota","-26","26","Polk County, Minnesota","Population density 15 people/sq mi; gap vs county median -26","Public county population and density dataset from balsama/us_counties_data"
"27121","Pope County","Minnesota","-24","24","Pope County, Minnesota","Population density 17 people/sq mi; gap vs county median -24","Public county population and density dataset from balsama/us_counties_data"
"27123","Ramsey County","Minnesota","3456","3456","Ramsey County, Minnesota","Population density 3497 people/sq mi; gap vs county median 3456","Public county population and density dataset from balsama/us_counties_data"
"27125","Red Lake County","Minnesota","-32","32","Red Lake County, Minnesota","Population density 9 people/sq mi; gap vs county median -32","Public county population and density dataset from balsama/us_counties_data"
"27127","Redwood County","Minnesota","-24","24","Redwood County, Minnesota","Population density 17 people/sq mi; gap vs county median -24","Public county population and density dataset from balsama/us_counties_data"
"27129","Renville County","Minnesota","-26","26","Renville County, Minnesota","Population density 15 people/sq mi; gap vs county median -26","Public county population and density dataset from balsama/us_counties_data"
"27131","Rice County","Minnesota","98","98","Rice County, Minnesota","Population density 139 people/sq mi; gap vs county median 98","Public county population and density dataset from balsama/us_counties_data"
"27133","Rock County","Minnesota","-21","21","Rock County, Minnesota","Population density 20 people/sq mi; gap vs county median -21","Public county population and density dataset from balsama/us_counties_data"
"27135","Roseau County","Minnesota","-32","32","Roseau County, Minnesota","Population density 9 people/sq mi; gap vs county median -32","Public county population and density dataset from balsama/us_counties_data"
"27137","Saint Louis County","Minnesota","-9","9","Saint Louis County, Minnesota","Population density 32 people/sq mi; gap vs county median -9","Public county population and density dataset from balsama/us_counties_data"
"27139","Scott County","Minnesota","401","401","Scott County, Minnesota","Population density 442 people/sq mi; gap vs county median 401","Public county population and density dataset from balsama/us_counties_data"
"27141","Sherburne County","Minnesota","195","195","Sherburne County, Minnesota","Population density 236 people/sq mi; gap vs county median 195","Public county population and density dataset from balsama/us_counties_data"
"27143","Sibley County","Minnesota","-15","15","Sibley County, Minnesota","Population density 26 people/sq mi; gap vs county median -15","Public county population and density dataset from balsama/us_counties_data"
"27145","Stearns County","Minnesota","81","81","Stearns County, Minnesota","Population density 122 people/sq mi; gap vs county median 81","Public county population and density dataset from balsama/us_counties_data"
"27147","Steele County","Minnesota","46","46","Steele County, Minnesota","Population density 87 people/sq mi; gap vs county median 46","Public county population and density dataset from balsama/us_counties_data"
"27149","Stevens County","Minnesota","-24","24","Stevens County, Minnesota","Population density 17 people/sq mi; gap vs county median -24","Public county population and density dataset from balsama/us_counties_data"
"27151","Swift County","Minnesota","-28","28","Swift County, Minnesota","Population density 13 people/sq mi; gap vs county median -28","Public county population and density dataset from balsama/us_counties_data"
"27153","Todd County","Minnesota","-13","13","Todd County, Minnesota","Population density 28 people/sq mi; gap vs county median -13","Public county population and density dataset from balsama/us_counties_data"
"27155","Traverse County","Minnesota","-36","36","Traverse County, Minnesota","Population density 5 people/sq mi; gap vs county median -36","Public county population and density dataset from balsama/us_counties_data"
"27157","Wabasha County","Minnesota","0","0","Wabasha County, Minnesota","Population density 41 people/sq mi; gap vs county median 0","Public county population and density dataset from balsama/us_counties_data"
"27159","Wadena County","Minnesota","-14","14","Wadena County, Minnesota","Population density 27 people/sq mi; gap vs county median -14","Public county population and density dataset from balsama/us_counties_data"
"27161","Waseca County","Minnesota","3","3","Waseca County, Minnesota","Population density 44 people/sq mi; gap vs county median 3","Public county population and density dataset from balsama/us_counties_data"
"27163","Washington County","Minnesota","685","685","Washington County, Minnesota","Population density 726 people/sq mi; gap vs county median 685","Public county population and density dataset from balsama/us_counties_data"
"27165","Watonwan County","Minnesota","-15","15","Watonwan County, Minnesota","Population density 26 people/sq mi; gap vs county median -15","Public county population and density dataset from balsama/us_counties_data"
"27167","Wilkin County","Minnesota","-33","33","Wilkin County, Minnesota","Population density 8 people/sq mi; gap vs county median -33","Public county population and density dataset from balsama/us_counties_data"
"27169","Winona County","Minnesota","39","39","Winona County, Minnesota","Population density 80 people/sq mi; gap vs county median 39","Public county population and density dataset from balsama/us_counties_data"
"27171","Wright County","Minnesota","193","193","Wright County, Minnesota","Population density 234 people/sq mi; gap vs county median 193","Public county population and density dataset from balsama/us_counties_data"
"27173","Yellow Medicine County","Minnesota","-29","29","Yellow Medicine County, Minnesota","Population density 12 people/sq mi; gap vs county median -29","Public county population and density dataset from balsama/us_counties_data"
"28001","Adams County","Mississippi","18","18","Adams County, Mississippi","Population density 59 people/sq mi; gap vs county median 18","Public county population and density dataset from balsama/us_counties_data"
"28003","Alcorn County","Mississippi","44","44","Alcorn County, Mississippi","Population density 85 people/sq mi; gap vs county median 44","Public county population and density dataset from balsama/us_counties_data"
"28005","Amite County","Mississippi","-24","24","Amite County, Mississippi","Population density 17 people/sq mi; gap vs county median -24","Public county population and density dataset from balsama/us_counties_data"
"28007","Attala County","Mississippi","-18","18","Attala County, Mississippi","Population density 23 people/sq mi; gap vs county median -18","Public county population and density dataset from balsama/us_counties_data"
"28009","Benton County","Mississippi","-22","22","Benton County, Mississippi","Population density 19 people/sq mi; gap vs county median -22","Public county population and density dataset from balsama/us_counties_data"
"28011","Bolivar County","Mississippi","-10","10","Bolivar County, Mississippi","Population density 31 people/sq mi; gap vs county median -10","Public county population and density dataset from balsama/us_counties_data"
"28013","Calhoun County","Mississippi","-19","19","Calhoun County, Mississippi","Population density 22 people/sq mi; gap vs county median -19","Public county population and density dataset from balsama/us_counties_data"
"28015","Carroll County","Mississippi","-26","26","Carroll County, Mississippi","Population density 15 people/sq mi; gap vs county median -26","Public county population and density dataset from balsama/us_counties_data"
"28017","Chickasaw County","Mississippi","-8","8","Chickasaw County, Mississippi","Population density 33 people/sq mi; gap vs county median -8","Public county population and density dataset from balsama/us_counties_data"
"28019","Choctaw County","Mississippi","-22","22","Choctaw County, Mississippi","Population density 19 people/sq mi; gap vs county median -22","Public county population and density dataset from balsama/us_counties_data"
"28021","Claiborne County","Mississippi","-25","25","Claiborne County, Mississippi","Population density 16 people/sq mi; gap vs county median -25","Public county population and density dataset from balsama/us_counties_data"
"28023","Clarke County","Mississippi","-19","19","Clarke County, Mississippi","Population density 22 people/sq mi; gap vs county median -19","Public county population and density dataset from balsama/us_counties_data"
"28025","Clay County","Mississippi","3","3","Clay County, Mississippi","Population density 44 people/sq mi; gap vs county median 3","Public county population and density dataset from balsama/us_counties_data"
"28027","Coahoma County","Mississippi","-7","7","Coahoma County, Mississippi","Population density 34 people/sq mi; gap vs county median -7","Public county population and density dataset from balsama/us_counties_data"
"28029","Copiah County","Mississippi","-6","6","Copiah County, Mississippi","Population density 35 people/sq mi; gap vs county median -6","Public county population and density dataset from balsama/us_counties_data"
"28031","Covington County","Mississippi","3","3","Covington County, Mississippi","Population density 44 people/sq mi; gap vs county median 3","Public county population and density dataset from balsama/us_counties_data"
"28033","DeSoto County","Mississippi","353","353","DeSoto County, Mississippi","Population density 394 people/sq mi; gap vs county median 353","Public county population and density dataset from balsama/us_counties_data"
"28035","Forrest County","Mississippi","126","126","Forrest County, Mississippi","Population density 167 people/sq mi; gap vs county median 126","Public county population and density dataset from balsama/us_counties_data"
"28037","Franklin County","Mississippi","-28","28","Franklin County, Mississippi","Population density 13 people/sq mi; gap vs county median -28","Public county population and density dataset from balsama/us_counties_data"
"28039","George County","Mississippi","13","13","George County, Mississippi","Population density 54 people/sq mi; gap vs county median 13","Public county population and density dataset from balsama/us_counties_data"
"28041","Greene County","Mississippi","-22","22","Greene County, Mississippi","Population density 19 people/sq mi; gap vs county median -22","Public county population and density dataset from balsama/us_counties_data"
"28043","Grenada County","Mississippi","6","6","Grenada County, Mississippi","Population density 47 people/sq mi; gap vs county median 6","Public county population and density dataset from balsama/us_counties_data"
"28045","Hancock County","Mississippi","55","55","Hancock County, Mississippi","Population density 96 people/sq mi; gap vs county median 55","Public county population and density dataset from balsama/us_counties_data"
"28047","Harrison County","Mississippi","325","325","Harrison County, Mississippi","Population density 366 people/sq mi; gap vs county median 325","Public county population and density dataset from balsama/us_counties_data"
"28049","Hinds County","Mississippi","201","201","Hinds County, Mississippi","Population density 242 people/sq mi; gap vs county median 201","Public county population and density dataset from balsama/us_counties_data"
"28051","Holmes County","Mississippi","-21","21","Holmes County, Mississippi","Population density 20 people/sq mi; gap vs county median -21","Public county population and density dataset from balsama/us_counties_data"
"28053","Humphreys County","Mississippi","-24","24","Humphreys County, Mississippi","Population density 17 people/sq mi; gap vs county median -24","Public county population and density dataset from balsama/us_counties_data"
"28055","Issaquena County","Mississippi","-38","38","Issaquena County, Mississippi","Population density 3 people/sq mi; gap vs county median -38","Public county population and density dataset from balsama/us_counties_data"
"28057","Itawamba County","Mississippi","4","4","Itawamba County, Mississippi","Population density 45 people/sq mi; gap vs county median 4","Public county population and density dataset from balsama/us_counties_data"
"28059","Jackson County","Mississippi","158","158","Jackson County, Mississippi","Population density 199 people/sq mi; gap vs county median 158","Public county population and density dataset from balsama/us_counties_data"
"28061","Jasper County","Mississippi","-18","18","Jasper County, Mississippi","Population density 23 people/sq mi; gap vs county median -18","Public county population and density dataset from balsama/us_counties_data"
"28063","Jefferson County","Mississippi","-28","28","Jefferson County, Mississippi","Population density 13 people/sq mi; gap vs county median -28","Public county population and density dataset from balsama/us_counties_data"
"28065","Jefferson Davis County","Mississippi","-14","14","Jefferson Davis County, Mississippi","Population density 27 people/sq mi; gap vs county median -14","Public county population and density dataset from balsama/us_counties_data"
"28067","Jones County","Mississippi","53","53","Jones County, Mississippi","Population density 94 people/sq mi; gap vs county median 53","Public county population and density dataset from balsama/us_counties_data"
"28069","Kemper County","Mississippi","-30","30","Kemper County, Mississippi","Population density 11 people/sq mi; gap vs county median -30","Public county population and density dataset from balsama/us_counties_data"
"28071","Lafayette County","Mississippi","47","47","Lafayette County, Mississippi","Population density 88 people/sq mi; gap vs county median 47","Public county population and density dataset from balsama/us_counties_data"
"28073","Lamar County","Mississippi","92","92","Lamar County, Mississippi","Population density 133 people/sq mi; gap vs county median 92","Public county population and density dataset from balsama/us_counties_data"
"28075","Lauderdale County","Mississippi","58","58","Lauderdale County, Mississippi","Population density 99 people/sq mi; gap vs county median 58","Public county population and density dataset from balsama/us_counties_data"
"28077","Lawrence County","Mississippi","-14","14","Lawrence County, Mississippi","Population density 27 people/sq mi; gap vs county median -14","Public county population and density dataset from balsama/us_counties_data"
"28079","Leake County","Mississippi","-4","4","Leake County, Mississippi","Population density 37 people/sq mi; gap vs county median -4","Public county population and density dataset from balsama/us_counties_data"
"28081","Lee County","Mississippi","142","142","Lee County, Mississippi","Population density 183 people/sq mi; gap vs county median 142","Public county population and density dataset from balsama/us_counties_data"
"28083","Leflore County","Mississippi","2","2","Leflore County, Mississippi","Population density 43 people/sq mi; gap vs county median 2","Public county population and density dataset from balsama/us_counties_data"
"28085","Lincoln County","Mississippi","18","18","Lincoln County, Mississippi","Population density 59 people/sq mi; gap vs county median 18","Public county population and density dataset from balsama/us_counties_data"
"28087","Lowndes County","Mississippi","70","70","Lowndes County, Mississippi","Population density 111 people/sq mi; gap vs county median 70","Public county population and density dataset from balsama/us_counties_data"
"28089","Madison County","Mississippi","113","113","Madison County, Mississippi","Population density 154 people/sq mi; gap vs county median 113","Public county population and density dataset from balsama/us_counties_data"
"28091","Marion County","Mississippi","3","3","Marion County, Mississippi","Population density 44 people/sq mi; gap vs county median 3","Public county population and density dataset from balsama/us_counties_data"
"28093","Marshall County","Mississippi","7","7","Marshall County, Mississippi","Population density 48 people/sq mi; gap vs county median 7","Public county population and density dataset from balsama/us_counties_data"
"28095","Monroe County","Mississippi","2","2","Monroe County, Mississippi","Population density 43 people/sq mi; gap vs county median 2","Public county population and density dataset from balsama/us_counties_data"
"28097","Montgomery County","Mississippi","-18","18","Montgomery County, Mississippi","Population density 23 people/sq mi; gap vs county median -18","Public county population and density dataset from balsama/us_counties_data"
"28099","Neshoba County","Mississippi","10","10","Neshoba County, Mississippi","Population density 51 people/sq mi; gap vs county median 10","Public county population and density dataset from balsama/us_counties_data"
"28101","Newton County","Mississippi","-5","5","Newton County, Mississippi","Population density 36 people/sq mi; gap vs county median -5","Public county population and density dataset from balsama/us_counties_data"
"28103","Noxubee County","Mississippi","-27","27","Noxubee County, Mississippi","Population density 14 people/sq mi; gap vs county median -27","Public county population and density dataset from balsama/us_counties_data"
"28105","Oktibbeha County","Mississippi","71","71","Oktibbeha County, Mississippi","Population density 112 people/sq mi; gap vs county median 71","Public county population and density dataset from balsama/us_counties_data"
"28107","Panola County","Mississippi","5","5","Panola County, Mississippi","Population density 46 people/sq mi; gap vs county median 5","Public county population and density dataset from balsama/us_counties_data"
"28109","Pearl River County","Mississippi","31","31","Pearl River County, Mississippi","Population density 72 people/sq mi; gap vs county median 31","Public county population and density dataset from balsama/us_counties_data"
"28111","Perry County","Mississippi","-23","23","Perry County, Mississippi","Population density 18 people/sq mi; gap vs county median -23","Public county population and density dataset from balsama/us_counties_data"
"28113","Pike County","Mississippi","54","54","Pike County, Mississippi","Population density 95 people/sq mi; gap vs county median 54","Public county population and density dataset from balsama/us_counties_data"
"28115","Pontotoc County","Mississippi","23","23","Pontotoc County, Mississippi","Population density 64 people/sq mi; gap vs county median 23","Public county population and density dataset from balsama/us_counties_data"
"28117","Prentiss County","Mississippi","20","20","Prentiss County, Mississippi","Population density 61 people/sq mi; gap vs county median 20","Public county population and density dataset from balsama/us_counties_data"
"28119","Quitman County","Mississippi","-27","27","Quitman County, Mississippi","Population density 14 people/sq mi; gap vs county median -27","Public county population and density dataset from balsama/us_counties_data"
"28121","Rankin County","Mississippi","158","158","Rankin County, Mississippi","Population density 199 people/sq mi; gap vs county median 158","Public county population and density dataset from balsama/us_counties_data"
"28123","Scott County","Mississippi","4","4","Scott County, Mississippi","Population density 45 people/sq mi; gap vs county median 4","Public county population and density dataset from balsama/us_counties_data"
"28125","Sharkey County","Mississippi","-34","34","Sharkey County, Mississippi","Population density 7 people/sq mi; gap vs county median -34","Public county population and density dataset from balsama/us_counties_data"
"28127","Simpson County","Mississippi","2","2","Simpson County, Mississippi","Population density 43 people/sq mi; gap vs county median 2","Public county population and density dataset from balsama/us_counties_data"
"28129","Smith County","Mississippi","-19","19","Smith County, Mississippi","Population density 22 people/sq mi; gap vs county median -19","Public county population and density dataset from balsama/us_counties_data"
"28131","Stone County","Mississippi","3","3","Stone County, Mississippi","Population density 44 people/sq mi; gap vs county median 3","Public county population and density dataset from balsama/us_counties_data"
"28133","Sunflower County","Mississippi","-8","8","Sunflower County, Mississippi","Population density 33 people/sq mi; gap vs county median -8","Public county population and density dataset from balsama/us_counties_data"
"28135","Tallahatchie County","Mississippi","-24","24","Tallahatchie County, Mississippi","Population density 17 people/sq mi; gap vs county median -24","Public county population and density dataset from balsama/us_counties_data"
"28137","Tate County","Mississippi","28","28","Tate County, Mississippi","Population density 69 people/sq mi; gap vs county median 28","Public county population and density dataset from balsama/us_counties_data"
"28139","Tippah County","Mississippi","6","6","Tippah County, Mississippi","Population density 47 people/sq mi; gap vs county median 6","Public county population and density dataset from balsama/us_counties_data"
"28141","Tishomingo County","Mississippi","1","1","Tishomingo County, Mississippi","Population density 42 people/sq mi; gap vs county median 1","Public county population and density dataset from balsama/us_counties_data"
"28143","Tunica County","Mississippi","-22","22","Tunica County, Mississippi","Population density 19 people/sq mi; gap vs county median -22","Public county population and density dataset from balsama/us_counties_data"
"28145","Union County","Mississippi","27","27","Union County, Mississippi","Population density 68 people/sq mi; gap vs county median 27","Public county population and density dataset from balsama/us_counties_data"
"28147","Walthall County","Mississippi","-7","7","Walthall County, Mississippi","Population density 34 people/sq mi; gap vs county median -7","Public county population and density dataset from balsama/us_counties_data"
"28149","Warren County","Mississippi","27","27","Warren County, Mississippi","Population density 68 people/sq mi; gap vs county median 27","Public county population and density dataset from balsama/us_counties_data"
"28151","Washington County","Mississippi","13","13","Washington County, Mississippi","Population density 54 people/sq mi; gap vs county median 13","Public county population and density dataset from balsama/us_counties_data"
"28153","Wayne County","Mississippi","-17","17","Wayne County, Mississippi","Population density 24 people/sq mi; gap vs county median -17","Public county population and density dataset from balsama/us_counties_data"
"28155","Webster County","Mississippi","-17","17","Webster County, Mississippi","Population density 24 people/sq mi; gap vs county median -17","Public county population and density dataset from balsama/us_counties_data"
"28157","Wilkinson County","Mississippi","-30","30","Wilkinson County, Mississippi","Population density 11 people/sq mi; gap vs county median -30","Public county population and density dataset from balsama/us_counties_data"
"28159","Winston County","Mississippi","-12","12","Winston County, Mississippi","Population density 29 people/sq mi; gap vs county median -12","Public county population and density dataset from balsama/us_counties_data"
"28161","Yalobusha County","Mississippi","-16","16","Yalobusha County, Mississippi","Population density 25 people/sq mi; gap vs county median -16","Public county population and density dataset from balsama/us_counties_data"
"28163","Yazoo County","Mississippi","-16","16","Yazoo County, Mississippi","Population density 25 people/sq mi; gap vs county median -16","Public county population and density dataset from balsama/us_counties_data"
"29001","Adair County","Missouri","4","4","Adair County, Missouri","Population density 45 people/sq mi; gap vs county median 4","Public county population and density dataset from balsama/us_counties_data"
"29003","Andrew County","Missouri","1","1","Andrew County, Missouri","Population density 42 people/sq mi; gap vs county median 1","Public county population and density dataset from balsama/us_counties_data"
"29005","Atchison County","Missouri","-32","32","Atchison County, Missouri","Population density 9 people/sq mi; gap vs county median -32","Public county population and density dataset from balsama/us_counties_data"
"29007","Audrain County","Missouri","-6","6","Audrain County, Missouri","Population density 35 people/sq mi; gap vs county median -6","Public county population and density dataset from balsama/us_counties_data"
"29009","Barry County","Missouri","5","5","Barry County, Missouri","Population density 46 people/sq mi; gap vs county median 5","Public county population and density dataset from balsama/us_counties_data"
"29011","Barton County","Missouri","-21","21","Barton County, Missouri","Population density 20 people/sq mi; gap vs county median -21","Public county population and density dataset from balsama/us_counties_data"
"29013","Bates County","Missouri","-22","22","Bates County, Missouri","Population density 19 people/sq mi; gap vs county median -22","Public county population and density dataset from balsama/us_counties_data"
"29015","Benton County","Missouri","-12","12","Benton County, Missouri","Population density 29 people/sq mi; gap vs county median -12","Public county population and density dataset from balsama/us_counties_data"
"29017","Bollinger County","Missouri","-24","24","Bollinger County, Missouri","Population density 17 people/sq mi; gap vs county median -24","Public county population and density dataset from balsama/us_counties_data"
"29019","Boone County","Missouri","240","240","Boone County, Missouri","Population density 281 people/sq mi; gap vs county median 240","Public county population and density dataset from balsama/us_counties_data"
"29021","Buchanan County","Missouri","163","163","Buchanan County, Missouri","Population density 204 people/sq mi; gap vs county median 163","Public county population and density dataset from balsama/us_counties_data"
"29023","Butler County","Missouri","19","19","Butler County, Missouri","Population density 60 people/sq mi; gap vs county median 19","Public county population and density dataset from balsama/us_counties_data"
"29025","Caldwell County","Missouri","-20","20","Caldwell County, Missouri","Population density 21 people/sq mi; gap vs county median -20","Public county population and density dataset from balsama/us_counties_data"
"29027","Callaway County","Missouri","13","13","Callaway County, Missouri","Population density 54 people/sq mi; gap vs county median 13","Public county population and density dataset from balsama/us_counties_data"
"29029","Camden County","Missouri","26","26","Camden County, Missouri","Population density 67 people/sq mi; gap vs county median 26","Public county population and density dataset from balsama/us_counties_data"
"29031","Cape Girardeau County","Missouri","103","103","Cape Girardeau County, Missouri","Population density 144 people/sq mi; gap vs county median 103","Public county population and density dataset from balsama/us_counties_data"
"29033","Carroll County","Missouri","-29","29","Carroll County, Missouri","Population density 12 people/sq mi; gap vs county median -29","Public county population and density dataset from balsama/us_counties_data"
"29035","Carter County","Missouri","-30","30","Carter County, Missouri","Population density 11 people/sq mi; gap vs county median -30","Public county population and density dataset from balsama/us_counties_data"
"29037","Cass County","Missouri","122","122","Cass County, Missouri","Population density 163 people/sq mi; gap vs county median 122","Public county population and density dataset from balsama/us_counties_data"
"29039","Cedar County","Missouri","-9","9","Cedar County, Missouri","Population density 32 people/sq mi; gap vs county median -9","Public county population and density dataset from balsama/us_counties_data"
"29041","Chariton County","Missouri","-31","31","Chariton County, Missouri","Population density 10 people/sq mi; gap vs county median -31","Public county population and density dataset from balsama/us_counties_data"
"29043","Christian County","Missouri","130","130","Christian County, Missouri","Population density 171 people/sq mi; gap vs county median 130","Public county population and density dataset from balsama/us_counties_data"
"29045","Clark County","Missouri","-28","28","Clark County, Missouri","Population density 13 people/sq mi; gap vs county median -28","Public county population and density dataset from balsama/us_counties_data"
"29047","Clay County","Missouri","624","624","Clay County, Missouri","Population density 665 people/sq mi; gap vs county median 624","Public county population and density dataset from balsama/us_counties_data"
"29049","Clinton County","Missouri","11","11","Clinton County, Missouri","Population density 52 people/sq mi; gap vs county median 11","Public county population and density dataset from balsama/us_counties_data"
"29051","Cole County","Missouri","157","157","Cole County, Missouri","Population density 198 people/sq mi; gap vs county median 157","Public county population and density dataset from balsama/us_counties_data"
"29053","Cooper County","Missouri","-11","11","Cooper County, Missouri","Population density 30 people/sq mi; gap vs county median -11","Public county population and density dataset from balsama/us_counties_data"
"29055","Crawford County","Missouri","-10","10","Crawford County, Missouri","Population density 31 people/sq mi; gap vs county median -10","Public county population and density dataset from balsama/us_counties_data"
"29057","Dade County","Missouri","-25","25","Dade County, Missouri","Population density 16 people/sq mi; gap vs county median -25","Public county population and density dataset from balsama/us_counties_data"
"29059","Dallas County","Missouri","-8","8","Dallas County, Missouri","Population density 33 people/sq mi; gap vs county median -8","Public county population and density dataset from balsama/us_counties_data"
"29061","Daviess County","Missouri","-26","26","Daviess County, Missouri","Population density 15 people/sq mi; gap vs county median -26","Public county population and density dataset from balsama/us_counties_data"
"29063","DeKalb County","Missouri","-18","18","DeKalb County, Missouri","Population density 23 people/sq mi; gap vs county median -18","Public county population and density dataset from balsama/us_counties_data"
"29065","Dent County","Missouri","-21","21","Dent County, Missouri","Population density 20 people/sq mi; gap vs county median -21","Public county population and density dataset from balsama/us_counties_data"
"29067","Douglas County","Missouri","-26","26","Douglas County, Missouri","Population density 15 people/sq mi; gap vs county median -26","Public county population and density dataset from balsama/us_counties_data"
"29069","Dunklin County","Missouri","8","8","Dunklin County, Missouri","Population density 49 people/sq mi; gap vs county median 8","Public county population and density dataset from balsama/us_counties_data"
"29071","Franklin County","Missouri","75","75","Franklin County, Missouri","Population density 116 people/sq mi; gap vs county median 75","Public county population and density dataset from balsama/us_counties_data"
"29073","Gasconade County","Missouri","-13","13","Gasconade County, Missouri","Population density 28 people/sq mi; gap vs county median -13","Public county population and density dataset from balsama/us_counties_data"
"29075","Gentry County","Missouri","-28","28","Gentry County, Missouri","Population density 13 people/sq mi; gap vs county median -28","Public county population and density dataset from balsama/us_counties_data"
"29077","Greene County","Missouri","415","415","Greene County, Missouri","Population density 456 people/sq mi; gap vs county median 415","Public county population and density dataset from balsama/us_counties_data"
"29079","Grundy County","Missouri","-19","19","Grundy County, Missouri","Population density 22 people/sq mi; gap vs county median -19","Public county population and density dataset from balsama/us_counties_data"
"29081","Harrison County","Missouri","-30","30","Harrison County, Missouri","Population density 11 people/sq mi; gap vs county median -30","Public county population and density dataset from balsama/us_counties_data"
"29083","Henry County","Missouri","-9","9","Henry County, Missouri","Population density 32 people/sq mi; gap vs county median -9","Public county population and density dataset from balsama/us_counties_data"
"29085","Hickory County","Missouri","-19","19","Hickory County, Missouri","Population density 22 people/sq mi; gap vs county median -19","Public county population and density dataset from balsama/us_counties_data"
"29087","Holt County","Missouri","-32","32","Holt County, Missouri","Population density 9 people/sq mi; gap vs county median -32","Public county population and density dataset from balsama/us_counties_data"
"29089","Howard County","Missouri","-19","19","Howard County, Missouri","Population density 22 people/sq mi; gap vs county median -19","Public county population and density dataset from balsama/us_counties_data"
"29091","Howell County","Missouri","3","3","Howell County, Missouri","Population density 44 people/sq mi; gap vs county median 3","Public county population and density dataset from balsama/us_counties_data"
"29093","Iron County","Missouri","-24","24","Iron County, Missouri","Population density 17 people/sq mi; gap vs county median -24","Public county population and density dataset from balsama/us_counties_data"
"29095","Jackson County","Missouri","1161","1161","Jackson County, Missouri","Population density 1202 people/sq mi; gap vs county median 1161","Public county population and density dataset from balsama/us_counties_data"
"29097","Jasper County","Missouri","157","157","Jasper County, Missouri","Population density 198 people/sq mi; gap vs county median 157","Public county population and density dataset from balsama/us_counties_data"
"29099","Jefferson County","Missouri","312","312","Jefferson County, Missouri","Population density 353 people/sq mi; gap vs county median 312","Public county population and density dataset from balsama/us_counties_data"
"29101","Johnson County","Missouri","26","26","Johnson County, Missouri","Population density 67 people/sq mi; gap vs county median 26","Public county population and density dataset from balsama/us_counties_data"
"29103","Knox County","Missouri","-34","34","Knox County, Missouri","Population density 7 people/sq mi; gap vs county median -34","Public county population and density dataset from balsama/us_counties_data"
"29105","Laclede County","Missouri","7","7","Laclede County, Missouri","Population density 48 people/sq mi; gap vs county median 7","Public county population and density dataset from balsama/us_counties_data"
"29107","Lafayette County","Missouri","12","12","Lafayette County, Missouri","Population density 53 people/sq mi; gap vs county median 12","Public county population and density dataset from balsama/us_counties_data"
"29109","Lawrence County","Missouri","23","23","Lawrence County, Missouri","Population density 64 people/sq mi; gap vs county median 23","Public county population and density dataset from balsama/us_counties_data"
"29111","Lewis County","Missouri","-21","21","Lewis County, Missouri","Population density 20 people/sq mi; gap vs county median -21","Public county population and density dataset from balsama/us_counties_data"
"29113","Lincoln County","Missouri","64","64","Lincoln County, Missouri","Population density 105 people/sq mi; gap vs county median 64","Public county population and density dataset from balsama/us_counties_data"
"29115","Linn County","Missouri","-22","22","Linn County, Missouri","Population density 19 people/sq mi; gap vs county median -22","Public county population and density dataset from balsama/us_counties_data"
"29117","Livingston County","Missouri","-14","14","Livingston County, Missouri","Population density 27 people/sq mi; gap vs county median -14","Public county population and density dataset from balsama/us_counties_data"
"29119","McDonald County","Missouri","4","4","McDonald County, Missouri","Population density 45 people/sq mi; gap vs county median 4","Public county population and density dataset from balsama/us_counties_data"
"29121","Macon County","Missouri","-22","22","Macon County, Missouri","Population density 19 people/sq mi; gap vs county median -22","Public county population and density dataset from balsama/us_counties_data"
"29123","Madison County","Missouri","-15","15","Madison County, Missouri","Population density 26 people/sq mi; gap vs county median -15","Public county population and density dataset from balsama/us_counties_data"
"29125","Maries County","Missouri","-25","25","Maries County, Missouri","Population density 16 people/sq mi; gap vs county median -25","Public county population and density dataset from balsama/us_counties_data"
"29127","Marion County","Missouri","24","24","Marion County, Missouri","Population density 65 people/sq mi; gap vs county median 24","Public county population and density dataset from balsama/us_counties_data"
"29129","Mercer County","Missouri","-33","33","Mercer County, Missouri","Population density 8 people/sq mi; gap vs county median -33","Public county population and density dataset from balsama/us_counties_data"
"29131","Miller County","Missouri","2","2","Miller County, Missouri","Population density 43 people/sq mi; gap vs county median 2","Public county population and density dataset from balsama/us_counties_data"
"29133","Mississippi County","Missouri","-13","13","Mississippi County, Missouri","Population density 28 people/sq mi; gap vs county median -13","Public county population and density dataset from balsama/us_counties_data"
"29135","Moniteau County","Missouri","-4","4","Moniteau County, Missouri","Population density 37 people/sq mi; gap vs county median -4","Public county population and density dataset from balsama/us_counties_data"
"29137","Monroe County","Missouri","-27","27","Monroe County, Missouri","Population density 14 people/sq mi; gap vs county median -27","Public county population and density dataset from balsama/us_counties_data"
"29139","Montgomery County","Missouri","-20","20","Montgomery County, Missouri","Population density 21 people/sq mi; gap vs county median -20","Public county population and density dataset from balsama/us_counties_data"
"29141","Morgan County","Missouri","-4","4","Morgan County, Missouri","Population density 37 people/sq mi; gap vs county median -4","Public county population and density dataset from balsama/us_counties_data"
"29143","New Madrid County","Missouri","-19","19","New Madrid County, Missouri","Population density 22 people/sq mi; gap vs county median -19","Public county population and density dataset from balsama/us_counties_data"
"29145","Newton County","Missouri","57","57","Newton County, Missouri","Population density 98 people/sq mi; gap vs county median 57","Public county population and density dataset from balsama/us_counties_data"
"29147","Nodaway County","Missouri","-18","18","Nodaway County, Missouri","Population density 23 people/sq mi; gap vs county median -18","Public county population and density dataset from balsama/us_counties_data"
"29149","Oregon County","Missouri","-30","30","Oregon County, Missouri","Population density 11 people/sq mi; gap vs county median -30","Public county population and density dataset from balsama/us_counties_data"
"29151","Osage County","Missouri","-19","19","Osage County, Missouri","Population density 22 people/sq mi; gap vs county median -19","Public county population and density dataset from balsama/us_counties_data"
"29153","Ozark County","Missouri","-29","29","Ozark County, Missouri","Population density 12 people/sq mi; gap vs county median -29","Public county population and density dataset from balsama/us_counties_data"
"29155","Pemiscot County","Missouri","-12","12","Pemiscot County, Missouri","Population density 29 people/sq mi; gap vs county median -12","Public county population and density dataset from balsama/us_counties_data"
"29157","Perry County","Missouri","-1","1","Perry County, Missouri","Population density 40 people/sq mi; gap vs county median -1","Public county population and density dataset from balsama/us_counties_data"
"29159","Pettis County","Missouri","23","23","Pettis County, Missouri","Population density 64 people/sq mi; gap vs county median 23","Public county population and density dataset from balsama/us_counties_data"
"29161","Phelps County","Missouri","27","27","Phelps County, Missouri","Population density 68 people/sq mi; gap vs county median 27","Public county population and density dataset from balsama/us_counties_data"
"29163","Pike County","Missouri","-14","14","Pike County, Missouri","Population density 27 people/sq mi; gap vs county median -14","Public county population and density dataset from balsama/us_counties_data"
"29165","Platte County","Missouri","229","229","Platte County, Missouri","Population density 270 people/sq mi; gap vs county median 229","Public county population and density dataset from balsama/us_counties_data"
"29167","Polk County","Missouri","11","11","Polk County, Missouri","Population density 52 people/sq mi; gap vs county median 11","Public county population and density dataset from balsama/us_counties_data"
"29169","Pulaski County","Missouri","58","58","Pulaski County, Missouri","Population density 99 people/sq mi; gap vs county median 58","Public county population and density dataset from balsama/us_counties_data"
"29171","Putnam County","Missouri","-32","32","Putnam County, Missouri","Population density 9 people/sq mi; gap vs county median -32","Public county population and density dataset from balsama/us_counties_data"
"29173","Ralls County","Missouri","-19","19","Ralls County, Missouri","Population density 22 people/sq mi; gap vs county median -19","Public county population and density dataset from balsama/us_counties_data"
"29175","Randolph County","Missouri","9","9","Randolph County, Missouri","Population density 50 people/sq mi; gap vs county median 9","Public county population and density dataset from balsama/us_counties_data"
"29177","Ray County","Missouri","0","0","Ray County, Missouri","Population density 41 people/sq mi; gap vs county median 0","Public county population and density dataset from balsama/us_counties_data"
"29179","Reynolds County","Missouri","-34","34","Reynolds County, Missouri","Population density 7 people/sq mi; gap vs county median -34","Public county population and density dataset from balsama/us_counties_data"
"29181","Ripley County","Missouri","-24","24","Ripley County, Missouri","Population density 17 people/sq mi; gap vs county median -24","Public county population and density dataset from balsama/us_counties_data"
"29183","Saint Charles County","Missouri","714","714","Saint Charles County, Missouri","Population density 755 people/sq mi; gap vs county median 714","Public county population and density dataset from balsama/us_counties_data"
"29185","Saint Clair County","Missouri","-26","26","Saint Clair County, Missouri","Population density 15 people/sq mi; gap vs county median -26","Public county population and density dataset from balsama/us_counties_data"
"29186","Sainte Genevieve County","Missouri","-4","4","Sainte Genevieve County, Missouri","Population density 37 people/sq mi; gap vs county median -4","Public county population and density dataset from balsama/us_counties_data"
"29187","Saint Francois County","Missouri","109","109","Saint Francois County, Missouri","Population density 150 people/sq mi; gap vs county median 109","Public county population and density dataset from balsama/us_counties_data"
"29189","Saint Louis County","Missouri","1914","1914","Saint Louis County, Missouri","Population density 1955 people/sq mi; gap vs county median 1914","Public county population and density dataset from balsama/us_counties_data"
"29195","Saline County","Missouri","-10","10","Saline County, Missouri","Population density 31 people/sq mi; gap vs county median -10","Public county population and density dataset from balsama/us_counties_data"
"29197","Schuyler County","Missouri","-28","28","Schuyler County, Missouri","Population density 13 people/sq mi; gap vs county median -28","Public county population and density dataset from balsama/us_counties_data"
"29199","Scotland County","Missouri","-30","30","Scotland County, Missouri","Population density 11 people/sq mi; gap vs county median -30","Public county population and density dataset from balsama/us_counties_data"
"29201","Scott County","Missouri","49","49","Scott County, Missouri","Population density 90 people/sq mi; gap vs county median 49","Public county population and density dataset from balsama/us_counties_data"
"29203","Shannon County","Missouri","-34","34","Shannon County, Missouri","Population density 7 people/sq mi; gap vs county median -34","Public county population and density dataset from balsama/us_counties_data"
"29205","Shelby County","Missouri","-29","29","Shelby County, Missouri","Population density 12 people/sq mi; gap vs county median -29","Public county population and density dataset from balsama/us_counties_data"
"29207","Stoddard County","Missouri","-7","7","Stoddard County, Missouri","Population density 34 people/sq mi; gap vs county median -7","Public county population and density dataset from balsama/us_counties_data"
"29209","Stone County","Missouri","29","29","Stone County, Missouri","Population density 70 people/sq mi; gap vs county median 29","Public county population and density dataset from balsama/us_counties_data"
"29211","Sullivan County","Missouri","-32","32","Sullivan County, Missouri","Population density 9 people/sq mi; gap vs county median -32","Public county population and density dataset from balsama/us_counties_data"
"29213","Taney County","Missouri","49","49","Taney County, Missouri","Population density 90 people/sq mi; gap vs county median 49","Public county population and density dataset from balsama/us_counties_data"
"29215","Texas County","Missouri","-19","19","Texas County, Missouri","Population density 22 people/sq mi; gap vs county median -19","Public county population and density dataset from balsama/us_counties_data"
"29217","Vernon County","Missouri","-17","17","Vernon County, Missouri","Population density 24 people/sq mi; gap vs county median -17","Public county population and density dataset from balsama/us_counties_data"
"29219","Warren County","Missouri","48","48","Warren County, Missouri","Population density 89 people/sq mi; gap vs county median 48","Public county population and density dataset from balsama/us_counties_data"
"29221","Washington County","Missouri","-10","10","Washington County, Missouri","Population density 31 people/sq mi; gap vs county median -10","Public county population and density dataset from balsama/us_counties_data"
"29223","Wayne County","Missouri","-27","27","Wayne County, Missouri","Population density 14 people/sq mi; gap vs county median -27","Public county population and density dataset from balsama/us_counties_data"
"29225","Webster County","Missouri","30","30","Webster County, Missouri","Population density 71 people/sq mi; gap vs county median 30","Public county population and density dataset from balsama/us_counties_data"
"29227","Worth County","Missouri","-34","34","Worth County, Missouri","Population density 7 people/sq mi; gap vs county median -34","Public county population and density dataset from balsama/us_counties_data"
"29229","Wright County","Missouri","-12","12","Wright County, Missouri","Population density 29 people/sq mi; gap vs county median -12","Public county population and density dataset from balsama/us_counties_data"
"29510","Saint Louis City","Missouri","4544","4544","Saint Louis City, Missouri","Population density 4585 people/sq mi; gap vs county median 4544","Public county population and density dataset from balsama/us_counties_data"
"30001","Beaverhead County","Montana","-39","39","Beaverhead County, Montana","Population density 2 people/sq mi; gap vs county median -39","Public county population and density dataset from balsama/us_counties_data"
"30003","Big Horn County","Montana","-38","38","Big Horn County, Montana","Population density 3 people/sq mi; gap vs county median -38","Public county population and density dataset from balsama/us_counties_data"
"30005","Blaine County","Montana","-39","39","Blaine County, Montana","Population density 2 people/sq mi; gap vs county median -39","Public county population and density dataset from balsama/us_counties_data"
"30007","Broadwater County","Montana","-34","34","Broadwater County, Montana","Population density 7 people/sq mi; gap vs county median -34","Public county population and density dataset from balsama/us_counties_data"
"30009","Carbon County","Montana","-35","35","Carbon County, Montana","Population density 6 people/sq mi; gap vs county median -35","Public county population and density dataset from balsama/us_counties_data"
"30011","Carter County","Montana","-41","41","Carter County, Montana","Population density 0 people/sq mi; gap vs county median -41","Public county population and density dataset from balsama/us_counties_data"
"30013","Cascade County","Montana","-10","10","Cascade County, Montana","Population density 31 people/sq mi; gap vs county median -10","Public county population and density dataset from balsama/us_counties_data"
"30015","Chouteau County","Montana","-40","40","Chouteau County, Montana","Population density 1 people/sq mi; gap vs county median -40","Public county population and density dataset from balsama/us_counties_data"
"30017","Custer County","Montana","-38","38","Custer County, Montana","Population density 3 people/sq mi; gap vs county median -38","Public county population and density dataset from balsama/us_counties_data"
"30019","Daniels County","Montana","-40","40","Daniels County, Montana","Population density 1 people/sq mi; gap vs county median -40","Public county population and density dataset from balsama/us_counties_data"
"30021","Dawson County","Montana","-37","37","Dawson County, Montana","Population density 4 people/sq mi; gap vs county median -37","Public county population and density dataset from balsama/us_counties_data"
"30023","Deer Lodge County","Montana","-28","28","Deer Lodge County, Montana","Population density 13 people/sq mi; gap vs county median -28","Public county population and density dataset from balsama/us_counties_data"
"30025","Fallon County","Montana","-39","39","Fallon County, Montana","Population density 2 people/sq mi; gap vs county median -39","Public county population and density dataset from balsama/us_counties_data"
"30027","Fergus County","Montana","-38","38","Fergus County, Montana","Population density 3 people/sq mi; gap vs county median -38","Public county population and density dataset from balsama/us_counties_data"
"30029","Flathead County","Montana","-19","19","Flathead County, Montana","Population density 22 people/sq mi; gap vs county median -19","Public county population and density dataset from balsama/us_counties_data"
"30031","Gallatin County","Montana","10","10","Gallatin County, Montana","Population density 51 people/sq mi; gap vs county median 10","Public county population and density dataset from balsama/us_counties_data"
"30033","Garfield County","Montana","-41","41","Garfield County, Montana","Population density 0 people/sq mi; gap vs county median -41","Public county population and density dataset from balsama/us_counties_data"
"30035","Glacier County","Montana","-36","36","Glacier County, Montana","Population density 5 people/sq mi; gap vs county median -36","Public county population and density dataset from balsama/us_counties_data"
"30037","Golden Valley County","Montana","-40","40","Golden Valley County, Montana","Population density 1 people/sq mi; gap vs county median -40","Public county population and density dataset from balsama/us_counties_data"
"30039","Granite County","Montana","-39","39","Granite County, Montana","Population density 2 people/sq mi; gap vs county median -39","Public county population and density dataset from balsama/us_counties_data"
"30041","Hill County","Montana","-35","35","Hill County, Montana","Population density 6 people/sq mi; gap vs county median -35","Public county population and density dataset from balsama/us_counties_data"
"30043","Jefferson County","Montana","-33","33","Jefferson County, Montana","Population density 8 people/sq mi; gap vs county median -33","Public county population and density dataset from balsama/us_counties_data"
"30045","Judith Basin County","Montana","-40","40","Judith Basin County, Montana","Population density 1 people/sq mi; gap vs county median -40","Public county population and density dataset from balsama/us_counties_data"
"30047","Lake County","Montana","-19","19","Lake County, Montana","Population density 22 people/sq mi; gap vs county median -19","Public county population and density dataset from balsama/us_counties_data"
"30049","Lewis and Clark County","Montana","-19","19","Lewis and Clark County, Montana","Population density 22 people/sq mi; gap vs county median -19","Public county population and density dataset from balsama/us_counties_data"
"30051","Liberty County","Montana","-40","40","Liberty County, Montana","Population density 1 people/sq mi; gap vs county median -40","Public county population and density dataset from balsama/us_counties_data"
"30053","Lincoln County","Montana","-35","35","Lincoln County, Montana","Population density 6 people/sq mi; gap vs county median -35","Public county population and density dataset from balsama/us_counties_data"
"30055","McCone County","Montana","-40","40","McCone County, Montana","Population density 1 people/sq mi; gap vs county median -40","Public county population and density dataset from balsama/us_counties_data"
"30057","Madison County","Montana","-38","38","Madison County, Montana","Population density 3 people/sq mi; gap vs county median -38","Public county population and density dataset from balsama/us_counties_data"
"30059","Meagher County","Montana","-40","40","Meagher County, Montana","Population density 1 people/sq mi; gap vs county median -40","Public county population and density dataset from balsama/us_counties_data"
"30061","Mineral County","Montana","-37","37","Mineral County, Montana","Population density 4 people/sq mi; gap vs county median -37","Public county population and density dataset from balsama/us_counties_data"
"30063","Missoula County","Montana","6","6","Missoula County, Montana","Population density 47 people/sq mi; gap vs county median 6","Public county population and density dataset from balsama/us_counties_data"
"30065","Musselshell County","Montana","-38","38","Musselshell County, Montana","Population density 3 people/sq mi; gap vs county median -38","Public county population and density dataset from balsama/us_counties_data"
"30067","Park County","Montana","-34","34","Park County, Montana","Population density 7 people/sq mi; gap vs county median -34","Public county population and density dataset from balsama/us_counties_data"
"30069","Petroleum County","Montana","-41","41","Petroleum County, Montana","Population density 0 people/sq mi; gap vs county median -41","Public county population and density dataset from balsama/us_counties_data"
"30071","Phillips County","Montana","-40","40","Phillips County, Montana","Population density 1 people/sq mi; gap vs county median -40","Public county population and density dataset from balsama/us_counties_data"
"30073","Pondera County","Montana","-37","37","Pondera County, Montana","Population density 4 people/sq mi; gap vs county median -37","Public county population and density dataset from balsama/us_counties_data"
"30075","Powder River County","Montana","-40","40","Powder River County, Montana","Population density 1 people/sq mi; gap vs county median -40","Public county population and density dataset from balsama/us_counties_data"
"30077","Powell County","Montana","-38","38","Powell County, Montana","Population density 3 people/sq mi; gap vs county median -38","Public county population and density dataset from balsama/us_counties_data"
"30079","Prairie County","Montana","-40","40","Prairie County, Montana","Population density 1 people/sq mi; gap vs county median -40","Public county population and density dataset from balsama/us_counties_data"
"30081","Ravalli County","Montana","-21","21","Ravalli County, Montana","Population density 20 people/sq mi; gap vs county median -21","Public county population and density dataset from balsama/us_counties_data"
"30083","Richland County","Montana","-36","36","Richland County, Montana","Population density 5 people/sq mi; gap vs county median -36","Public county population and density dataset from balsama/us_counties_data"
"30085","Roosevelt County","Montana","-37","37","Roosevelt County, Montana","Population density 4 people/sq mi; gap vs county median -37","Public county population and density dataset from balsama/us_counties_data"
"30087","Rosebud County","Montana","-39","39","Rosebud County, Montana","Population density 2 people/sq mi; gap vs county median -39","Public county population and density dataset from balsama/us_counties_data"
"30089","Sanders County","Montana","-36","36","Sanders County, Montana","Population density 5 people/sq mi; gap vs county median -36","Public county population and density dataset from balsama/us_counties_data"
"30091","Sheridan County","Montana","-39","39","Sheridan County, Montana","Population density 2 people/sq mi; gap vs county median -39","Public county population and density dataset from balsama/us_counties_data"
"30093","Silver Bow County","Montana","9","9","Silver Bow County, Montana","Population density 50 people/sq mi; gap vs county median 9","Public county population and density dataset from balsama/us_counties_data"
"30095","Stillwater County","Montana","-36","36","Stillwater County, Montana","Population density 5 people/sq mi; gap vs county median -36","Public county population and density dataset from balsama/us_counties_data"
"30097","Sweet Grass County","Montana","-39","39","Sweet Grass County, Montana","Population density 2 people/sq mi; gap vs county median -39","Public county population and density dataset from balsama/us_counties_data"
"30099","Teton County","Montana","-38","38","Teton County, Montana","Population density 3 people/sq mi; gap vs county median -38","Public county population and density dataset from balsama/us_counties_data"
"30101","Toole County","Montana","-38","38","Toole County, Montana","Population density 3 people/sq mi; gap vs county median -38","Public county population and density dataset from balsama/us_counties_data"
"30103","Treasure County","Montana","-40","40","Treasure County, Montana","Population density 1 people/sq mi; gap vs county median -40","Public county population and density dataset from balsama/us_counties_data"
"30105","Valley County","Montana","-39","39","Valley County, Montana","Population density 2 people/sq mi; gap vs county median -39","Public county population and density dataset from balsama/us_counties_data"
"30107","Wheatland County","Montana","-40","40","Wheatland County, Montana","Population density 1 people/sq mi; gap vs county median -40","Public county population and density dataset from balsama/us_counties_data"
"30109","Wibaux County","Montana","-40","40","Wibaux County, Montana","Population density 1 people/sq mi; gap vs county median -40","Public county population and density dataset from balsama/us_counties_data"
"30111","Yellowstone County","Montana","24","24","Yellowstone County, Montana","Population density 65 people/sq mi; gap vs county median 24","Public county population and density dataset from balsama/us_counties_data"
"31001","Adams County","Nebraska","14","14","Adams County, Nebraska","Population density 55 people/sq mi; gap vs county median 14","Public county population and density dataset from balsama/us_counties_data"
"31003","Antelope County","Nebraska","-34","34","Antelope County, Nebraska","Population density 7 people/sq mi; gap vs county median -34","Public county population and density dataset from balsama/us_counties_data"
"31005","Arthur County","Nebraska","-40","40","Arthur County, Nebraska","Population density 1 people/sq mi; gap vs county median -40","Public county population and density dataset from balsama/us_counties_data"
"31007","Banner County","Nebraska","-40","40","Banner County, Nebraska","Population density 1 people/sq mi; gap vs county median -40","Public county population and density dataset from balsama/us_counties_data"
"31009","Blaine County","Nebraska","-40","40","Blaine County, Nebraska","Population density 1 people/sq mi; gap vs county median -40","Public county population and density dataset from balsama/us_counties_data"
"31011","Boone County","Nebraska","-33","33","Boone County, Nebraska","Population density 8 people/sq mi; gap vs county median -33","Public county population and density dataset from balsama/us_counties_data"
"31013","Box Butte County","Nebraska","-31","31","Box Butte County, Nebraska","Population density 10 people/sq mi; gap vs county median -31","Public county population and density dataset from balsama/us_counties_data"
"31015","Boyd County","Nebraska","-38","38","Boyd County, Nebraska","Population density 3 people/sq mi; gap vs county median -38","Public county population and density dataset from balsama/us_counties_data"
"31017","Brown County","Nebraska","-39","39","Brown County, Nebraska","Population density 2 people/sq mi; gap vs county median -39","Public county population and density dataset from balsama/us_counties_data"
"31019","Buffalo County","Nebraska","12","12","Buffalo County, Nebraska","Population density 53 people/sq mi; gap vs county median 12","Public county population and density dataset from balsama/us_counties_data"
"31021","Burt County","Nebraska","-27","27","Burt County, Nebraska","Population density 14 people/sq mi; gap vs county median -27","Public county population and density dataset from balsama/us_counties_data"
"31023","Butler County","Nebraska","-27","27","Butler County, Nebraska","Population density 14 people/sq mi; gap vs county median -27","Public county population and density dataset from balsama/us_counties_data"
"31025","Cass County","Nebraska","8","8","Cass County, Nebraska","Population density 49 people/sq mi; gap vs county median 8","Public county population and density dataset from balsama/us_counties_data"
"31027","Cedar County","Nebraska","-30","30","Cedar County, Nebraska","Population density 11 people/sq mi; gap vs county median -30","Public county population and density dataset from balsama/us_counties_data"
"31029","Chase County","Nebraska","-37","37","Chase County, Nebraska","Population density 4 people/sq mi; gap vs county median -37","Public county population and density dataset from balsama/us_counties_data"
"31031","Cherry County","Nebraska","-40","40","Cherry County, Nebraska","Population density 1 people/sq mi; gap vs county median -40","Public county population and density dataset from balsama/us_counties_data"
"31033","Cheyenne County","Nebraska","-33","33","Cheyenne County, Nebraska","Population density 8 people/sq mi; gap vs county median -33","Public county population and density dataset from balsama/us_counties_data"
"31035","Clay County","Nebraska","-30","30","Clay County, Nebraska","Population density 11 people/sq mi; gap vs county median -30","Public county population and density dataset from balsama/us_counties_data"
"31037","Colfax County","Nebraska","-15","15","Colfax County, Nebraska","Population density 26 people/sq mi; gap vs county median -15","Public county population and density dataset from balsama/us_counties_data"
"31039","Cuming County","Nebraska","-25","25","Cuming County, Nebraska","Population density 16 people/sq mi; gap vs county median -25","Public county population and density dataset from balsama/us_counties_data"
"31041","Custer County","Nebraska","-37","37","Custer County, Nebraska","Population density 4 people/sq mi; gap vs county median -37","Public county population and density dataset from balsama/us_counties_data"
"31043","Dakota County","Nebraska","40","40","Dakota County, Nebraska","Population density 81 people/sq mi; gap vs county median 40","Public county population and density dataset from balsama/us_counties_data"
"31045","Dawes County","Nebraska","-35","35","Dawes County, Nebraska","Population density 6 people/sq mi; gap vs county median -35","Public county population and density dataset from balsama/us_counties_data"
"31047","Dawson County","Nebraska","-17","17","Dawson County, Nebraska","Population density 24 people/sq mi; gap vs county median -17","Public county population and density dataset from balsama/us_counties_data"
"31049","Deuel County","Nebraska","-37","37","Deuel County, Nebraska","Population density 4 people/sq mi; gap vs county median -37","Public county population and density dataset from balsama/us_counties_data"
"31051","Dixon County","Nebraska","-29","29","Dixon County, Nebraska","Population density 12 people/sq mi; gap vs county median -29","Public county population and density dataset from balsama/us_counties_data"
"31053","Dodge County","Nebraska","30","30","Dodge County, Nebraska","Population density 71 people/sq mi; gap vs county median 30","Public county population and density dataset from balsama/us_counties_data"
"31055","Douglas County","Nebraska","1775","1775","Douglas County, Nebraska","Population density 1816 people/sq mi; gap vs county median 1775","Public county population and density dataset from balsama/us_counties_data"
"31057","Dundy County","Nebraska","-39","39","Dundy County, Nebraska","Population density 2 people/sq mi; gap vs county median -39","Public county population and density dataset from balsama/us_counties_data"
"31059","Fillmore County","Nebraska","-31","31","Fillmore County, Nebraska","Population density 10 people/sq mi; gap vs county median -31","Public county population and density dataset from balsama/us_counties_data"
"31061","Franklin County","Nebraska","-36","36","Franklin County, Nebraska","Population density 5 people/sq mi; gap vs county median -36","Public county population and density dataset from balsama/us_counties_data"
"31063","Frontier County","Nebraska","-38","38","Frontier County, Nebraska","Population density 3 people/sq mi; gap vs county median -38","Public county population and density dataset from balsama/us_counties_data"
"31065","Furnas County","Nebraska","-35","35","Furnas County, Nebraska","Population density 6 people/sq mi; gap vs county median -35","Public county population and density dataset from balsama/us_counties_data"
"31067","Gage County","Nebraska","-16","16","Gage County, Nebraska","Population density 25 people/sq mi; gap vs county median -16","Public county population and density dataset from balsama/us_counties_data"
"31069","Garden County","Nebraska","-40","40","Garden County, Nebraska","Population density 1 people/sq mi; gap vs county median -40","Public county population and density dataset from balsama/us_counties_data"
"31071","Garfield County","Nebraska","-38","38","Garfield County, Nebraska","Population density 3 people/sq mi; gap vs county median -38","Public county population and density dataset from balsama/us_counties_data"
"31073","Gosper County","Nebraska","-37","37","Gosper County, Nebraska","Population density 4 people/sq mi; gap vs county median -37","Public county population and density dataset from balsama/us_counties_data"
"31075","Grant County","Nebraska","-40","40","Grant County, Nebraska","Population density 1 people/sq mi; gap vs county median -40","Public county population and density dataset from balsama/us_counties_data"
"31077","Greeley County","Nebraska","-37","37","Greeley County, Nebraska","Population density 4 people/sq mi; gap vs county median -37","Public county population and density dataset from balsama/us_counties_data"
"31079","Hall County","Nebraska","74","74","Hall County, Nebraska","Population density 115 people/sq mi; gap vs county median 74","Public county population and density dataset from balsama/us_counties_data"
"31081","Hamilton County","Nebraska","-23","23","Hamilton County, Nebraska","Population density 18 people/sq mi; gap vs county median -23","Public county population and density dataset from balsama/us_counties_data"
"31083","Harlan County","Nebraska","-36","36","Harlan County, Nebraska","Population density 5 people/sq mi; gap vs county median -36","Public county population and density dataset from balsama/us_counties_data"
"31085","Hayes County","Nebraska","-40","40","Hayes County, Nebraska","Population density 1 people/sq mi; gap vs county median -40","Public county population and density dataset from balsama/us_counties_data"
"31087","Hitchcock County","Nebraska","-38","38","Hitchcock County, Nebraska","Population density 3 people/sq mi; gap vs county median -38","Public county population and density dataset from balsama/us_counties_data"
"31089","Holt County","Nebraska","-37","37","Holt County, Nebraska","Population density 4 people/sq mi; gap vs county median -37","Public county population and density dataset from balsama/us_counties_data"
"31091","Hooker County","Nebraska","-40","40","Hooker County, Nebraska","Population density 1 people/sq mi; gap vs county median -40","Public county population and density dataset from balsama/us_counties_data"
"31093","Howard County","Nebraska","-29","29","Howard County, Nebraska","Population density 12 people/sq mi; gap vs county median -29","Public county population and density dataset from balsama/us_counties_data"
"31095","Jefferson County","Nebraska","-29","29","Jefferson County, Nebraska","Population density 12 people/sq mi; gap vs county median -29","Public county population and density dataset from balsama/us_counties_data"
"31097","Johnson County","Nebraska","-27","27","Johnson County, Nebraska","Population density 14 people/sq mi; gap vs county median -27","Public county population and density dataset from balsama/us_counties_data"
"31099","Kearney County","Nebraska","-28","28","Kearney County, Nebraska","Population density 13 people/sq mi; gap vs county median -28","Public county population and density dataset from balsama/us_counties_data"
"31101","Keith County","Nebraska","-33","33","Keith County, Nebraska","Population density 8 people/sq mi; gap vs county median -33","Public county population and density dataset from balsama/us_counties_data"
"31103","Keya Paha County","Nebraska","-40","40","Keya Paha County, Nebraska","Population density 1 people/sq mi; gap vs county median -40","Public county population and density dataset from balsama/us_counties_data"
"31105","Kimball County","Nebraska","-38","38","Kimball County, Nebraska","Population density 3 people/sq mi; gap vs county median -38","Public county population and density dataset from balsama/us_counties_data"
"31107","Knox County","Nebraska","-34","34","Knox County, Nebraska","Population density 7 people/sq mi; gap vs county median -34","Public county population and density dataset from balsama/us_counties_data"
"31109","Lancaster County","Nebraska","356","356","Lancaster County, Nebraska","Population density 397 people/sq mi; gap vs county median 356","Public county population and density dataset from balsama/us_counties_data"
"31111","Lincoln County","Nebraska","-28","28","Lincoln County, Nebraska","Population density 13 people/sq mi; gap vs county median -28","Public county population and density dataset from balsama/us_counties_data"
"31113","Logan County","Nebraska","-40","40","Logan County, Nebraska","Population density 1 people/sq mi; gap vs county median -40","Public county population and density dataset from balsama/us_counties_data"
"31115","Loup County","Nebraska","-40","40","Loup County, Nebraska","Population density 1 people/sq mi; gap vs county median -40","Public county population and density dataset from balsama/us_counties_data"
"31117","McPherson County","Nebraska","-41","41","McPherson County, Nebraska","Population density 0 people/sq mi; gap vs county median -41","Public county population and density dataset from balsama/us_counties_data"
"31119","Madison County","Nebraska","21","21","Madison County, Nebraska","Population density 62 people/sq mi; gap vs county median 21","Public county population and density dataset from balsama/us_counties_data"
"31121","Merrick County","Nebraska","-25","25","Merrick County, Nebraska","Population density 16 people/sq mi; gap vs county median -25","Public county population and density dataset from balsama/us_counties_data"
"31123","Morrill County","Nebraska","-38","38","Morrill County, Nebraska","Population density 3 people/sq mi; gap vs county median -38","Public county population and density dataset from balsama/us_counties_data"
"31125","Nance County","Nebraska","-34","34","Nance County, Nebraska","Population density 7 people/sq mi; gap vs county median -34","Public county population and density dataset from balsama/us_counties_data"
"31127","Nemaha County","Nebraska","-24","24","Nemaha County, Nebraska","Population density 17 people/sq mi; gap vs county median -24","Public county population and density dataset from balsama/us_counties_data"
"31129","Nuckolls County","Nebraska","-34","34","Nuckolls County, Nebraska","Population density 7 people/sq mi; gap vs county median -34","Public county population and density dataset from balsama/us_counties_data"
"31131","Otoe County","Nebraska","-14","14","Otoe County, Nebraska","Population density 27 people/sq mi; gap vs county median -14","Public county population and density dataset from balsama/us_counties_data"
"31133","Pawnee County","Nebraska","-35","35","Pawnee County, Nebraska","Population density 6 people/sq mi; gap vs county median -35","Public county population and density dataset from balsama/us_counties_data"
"31135","Perkins County","Nebraska","-38","38","Perkins County, Nebraska","Population density 3 people/sq mi; gap vs county median -38","Public county population and density dataset from balsama/us_counties_data"
"31137","Phelps County","Nebraska","-24","24","Phelps County, Nebraska","Population density 17 people/sq mi; gap vs county median -24","Public county population and density dataset from balsama/us_counties_data"
"31139","Pierce County","Nebraska","-28","28","Pierce County, Nebraska","Population density 13 people/sq mi; gap vs county median -28","Public county population and density dataset from balsama/us_counties_data"
"31141","Platte County","Nebraska","11","11","Platte County, Nebraska","Population density 52 people/sq mi; gap vs county median 11","Public county population and density dataset from balsama/us_counties_data"
"31143","Polk County","Nebraska","-29","29","Polk County, Nebraska","Population density 12 people/sq mi; gap vs county median -29","Public county population and density dataset from balsama/us_counties_data"
"31145","Red Willow County","Nebraska","-26","26","Red Willow County, Nebraska","Population density 15 people/sq mi; gap vs county median -26","Public county population and density dataset from balsama/us_counties_data"
"31147","Richardson County","Nebraska","-27","27","Richardson County, Nebraska","Population density 14 people/sq mi; gap vs county median -27","Public county population and density dataset from balsama/us_counties_data"
"31149","Rock County","Nebraska","-40","40","Rock County, Nebraska","Population density 1 people/sq mi; gap vs county median -40","Public county population and density dataset from balsama/us_counties_data"
"31151","Saline County","Nebraska","-15","15","Saline County, Nebraska","Population density 26 people/sq mi; gap vs county median -15","Public county population and density dataset from balsama/us_counties_data"
"31153","Sarpy County","Nebraska","809","809","Sarpy County, Nebraska","Population density 850 people/sq mi; gap vs county median 809","Public county population and density dataset from balsama/us_counties_data"
"31155","Saunders County","Nebraska","-10","10","Saunders County, Nebraska","Population density 31 people/sq mi; gap vs county median -10","Public county population and density dataset from balsama/us_counties_data"
"31157","Scotts Bluff County","Nebraska","7","7","Scotts Bluff County, Nebraska","Population density 48 people/sq mi; gap vs county median 7","Public county population and density dataset from balsama/us_counties_data"
"31159","Seward County","Nebraska","-10","10","Seward County, Nebraska","Population density 31 people/sq mi; gap vs county median -10","Public county population and density dataset from balsama/us_counties_data"
"31161","Sheridan County","Nebraska","-39","39","Sheridan County, Nebraska","Population density 2 people/sq mi; gap vs county median -39","Public county population and density dataset from balsama/us_counties_data"
"31163","Sherman County","Nebraska","-36","36","Sherman County, Nebraska","Population density 5 people/sq mi; gap vs county median -36","Public county population and density dataset from balsama/us_counties_data"
"31165","Sioux County","Nebraska","-40","40","Sioux County, Nebraska","Population density 1 people/sq mi; gap vs county median -40","Public county population and density dataset from balsama/us_counties_data"
"31167","Stanton County","Nebraska","-28","28","Stanton County, Nebraska","Population density 13 people/sq mi; gap vs county median -28","Public county population and density dataset from balsama/us_counties_data"
"31169","Thayer County","Nebraska","-33","33","Thayer County, Nebraska","Population density 8 people/sq mi; gap vs county median -33","Public county population and density dataset from balsama/us_counties_data"
"31171","Thomas County","Nebraska","-40","40","Thomas County, Nebraska","Population density 1 people/sq mi; gap vs county median -40","Public county population and density dataset from balsama/us_counties_data"
"31173","Thurston County","Nebraska","-24","24","Thurston County, Nebraska","Population density 17 people/sq mi; gap vs county median -24","Public county population and density dataset from balsama/us_counties_data"
"31175","Valley County","Nebraska","-34","34","Valley County, Nebraska","Population density 7 people/sq mi; gap vs county median -34","Public county population and density dataset from balsama/us_counties_data"
"31177","Washington County","Nebraska","13","13","Washington County, Nebraska","Population density 54 people/sq mi; gap vs county median 13","Public county population and density dataset from balsama/us_counties_data"
"31179","Wayne County","Nebraska","-19","19","Wayne County, Nebraska","Population density 22 people/sq mi; gap vs county median -19","Public county population and density dataset from balsama/us_counties_data"
"31181","Webster County","Nebraska","-35","35","Webster County, Nebraska","Population density 6 people/sq mi; gap vs county median -35","Public county population and density dataset from balsama/us_counties_data"
"31183","Wheeler County","Nebraska","-40","40","Wheeler County, Nebraska","Population density 1 people/sq mi; gap vs county median -40","Public county population and density dataset from balsama/us_counties_data"
"31185","York County","Nebraska","-16","16","York County, Nebraska","Population density 25 people/sq mi; gap vs county median -16","Public county population and density dataset from balsama/us_counties_data"
"32001","Churchill County","Nevada","-36","36","Churchill County, Nevada","Population density 5 people/sq mi; gap vs county median -36","Public county population and density dataset from balsama/us_counties_data"
"32003","Clark County","Nevada","262","262","Clark County, Nevada","Population density 303 people/sq mi; gap vs county median 262","Public county population and density dataset from balsama/us_counties_data"
"32005","Douglas County","Nevada","29","29","Douglas County, Nevada","Population density 70 people/sq mi; gap vs county median 29","Public county population and density dataset from balsama/us_counties_data"
"32007","Elko County","Nevada","-38","38","Elko County, Nevada","Population density 3 people/sq mi; gap vs county median -38","Public county population and density dataset from balsama/us_counties_data"
"32009","Esmeralda County","Nevada","-41","41","Esmeralda County, Nevada","Population density 0 people/sq mi; gap vs county median -41","Public county population and density dataset from balsama/us_counties_data"
"32011","Eureka County","Nevada","-41","41","Eureka County, Nevada","Population density 0 people/sq mi; gap vs county median -41","Public county population and density dataset from balsama/us_counties_data"
"32013","Humboldt County","Nevada","-39","39","Humboldt County, Nevada","Population density 2 people/sq mi; gap vs county median -39","Public county population and density dataset from balsama/us_counties_data"
"32015","Lander County","Nevada","-40","40","Lander County, Nevada","Population density 1 people/sq mi; gap vs county median -40","Public county population and density dataset from balsama/us_counties_data"
"32017","Lincoln County","Nevada","-41","41","Lincoln County, Nevada","Population density 0 people/sq mi; gap vs county median -41","Public county population and density dataset from balsama/us_counties_data"
"32019","Lyon County","Nevada","-9","9","Lyon County, Nevada","Population density 32 people/sq mi; gap vs county median -9","Public county population and density dataset from balsama/us_counties_data"
"32021","Mineral County","Nevada","-40","40","Mineral County, Nevada","Population density 1 people/sq mi; gap vs county median -40","Public county population and density dataset from balsama/us_counties_data"
"32023","Nye County","Nevada","-38","38","Nye County, Nevada","Population density 3 people/sq mi; gap vs county median -38","Public county population and density dataset from balsama/us_counties_data"
"32027","Pershing County","Nevada","-40","40","Pershing County, Nevada","Population density 1 people/sq mi; gap vs county median -40","Public county population and density dataset from balsama/us_counties_data"
"32029","Storey County","Nevada","-25","25","Storey County, Nevada","Population density 16 people/sq mi; gap vs county median -25","Public county population and density dataset from balsama/us_counties_data"
"32031","Washoe County","Nevada","39","39","Washoe County, Nevada","Population density 80 people/sq mi; gap vs county median 39","Public county population and density dataset from balsama/us_counties_data"
"32033","White Pine County","Nevada","-40","40","White Pine County, Nevada","Population density 1 people/sq mi; gap vs county median -40","Public county population and density dataset from balsama/us_counties_data"
"32510","Carson City","Nevada","363","363","Carson City, Nevada","Population density 404 people/sq mi; gap vs county median 363","Public county population and density dataset from balsama/us_counties_data"
"33001","Belknap County","New Hampshire","122","122","Belknap County, New Hampshire","Population density 163 people/sq mi; gap vs county median 122","Public county population and density dataset from balsama/us_counties_data"
"33003","Carroll County","New Hampshire","15","15","Carroll County, New Hampshire","Population density 56 people/sq mi; gap vs county median 15","Public county population and density dataset from balsama/us_counties_data"
"33005","Cheshire County","New Hampshire","69","69","Cheshire County, New Hampshire","Population density 110 people/sq mi; gap vs county median 69","Public county population and density dataset from balsama/us_counties_data"
"33007","Coös County","New Hampshire","-24","24","Coös County, New Hampshire","Population density 17 people/sq mi; gap vs county median -24","Public county population and density dataset from balsama/us_counties_data"
"33009","Grafton County","New Hampshire","13","13","Grafton County, New Hampshire","Population density 54 people/sq mi; gap vs county median 13","Public county population and density dataset from balsama/us_counties_data"
"33011","Hillsborough County","New Hampshire","450","450","Hillsborough County, New Hampshire","Population density 491 people/sq mi; gap vs county median 450","Public county population and density dataset from balsama/us_counties_data"
"33013","Merrimack County","New Hampshire","128","128","Merrimack County, New Hampshire","Population density 169 people/sq mi; gap vs county median 128","Public county population and density dataset from balsama/us_counties_data"
"33015","Rockingham County","New Hampshire","423","423","Rockingham County, New Hampshire","Population density 464 people/sq mi; gap vs county median 423","Public county population and density dataset from balsama/us_counties_data"
"33017","Strafford County","New Hampshire","323","323","Strafford County, New Hampshire","Population density 364 people/sq mi; gap vs county median 323","Public county population and density dataset from balsama/us_counties_data"
"33019","Sullivan County","New Hampshire","41","41","Sullivan County, New Hampshire","Population density 82 people/sq mi; gap vs county median 41","Public county population and density dataset from balsama/us_counties_data"
"34001","Atlantic County","New Jersey","457","457","Atlantic County, New Jersey","Population density 498 people/sq mi; gap vs county median 457","Public county population and density dataset from balsama/us_counties_data"
"34003","Bergen County","New Jersey","4141","4141","Bergen County, New Jersey","Population density 4182 people/sq mi; gap vs county median 4141","Public county population and density dataset from balsama/us_counties_data"
"34005","Burlington County","New Jersey","550","550","Burlington County, New Jersey","Population density 591 people/sq mi; gap vs county median 550","Public county population and density dataset from balsama/us_counties_data"
"34007","Camden County","New Jersey","2364","2364","Camden County, New Jersey","Population density 2405 people/sq mi; gap vs county median 2364","Public county population and density dataset from balsama/us_counties_data"
"34009","Cape May County","New Jersey","327","327","Cape May County, New Jersey","Population density 368 people/sq mi; gap vs county median 327","Public county population and density dataset from balsama/us_counties_data"
"34011","Cumberland County","New Jersey","277","277","Cumberland County, New Jersey","Population density 318 people/sq mi; gap vs county median 277","Public county population and density dataset from balsama/us_counties_data"
"34013","Essex County","New Jersey","6955","6955","Essex County, New Jersey","Population density 6996 people/sq mi; gap vs county median 6955","Public county population and density dataset from balsama/us_counties_data"
"34015","Gloucester County","New Jersey","918","918","Gloucester County, New Jersey","Population density 959 people/sq mi; gap vs county median 918","Public county population and density dataset from balsama/us_counties_data"
"34017","Hudson County","New Jersey","15623","15623","Hudson County, New Jersey","Population density 15664 people/sq mi; gap vs county median 15623","Public county population and density dataset from balsama/us_counties_data"
"34019","Hunterdon County","New Jersey","265","265","Hunterdon County, New Jersey","Population density 306 people/sq mi; gap vs county median 265","Public county population and density dataset from balsama/us_counties_data"
"34021","Mercer County","New Jersey","1694","1694","Mercer County, New Jersey","Population density 1735 people/sq mi; gap vs county median 1694","Public county population and density dataset from balsama/us_counties_data"
"34023","Middlesex County","New Jersey","2821","2821","Middlesex County, New Jersey","Population density 2862 people/sq mi; gap vs county median 2821","Public county population and density dataset from balsama/us_counties_data"
"34025","Monmouth County","New Jersey","1331","1331","Monmouth County, New Jersey","Population density 1372 people/sq mi; gap vs county median 1331","Public county population and density dataset from balsama/us_counties_data"
"34027","Morris County","New Jersey","1074","1074","Morris County, New Jersey","Population density 1115 people/sq mi; gap vs county median 1074","Public county population and density dataset from balsama/us_counties_data"
"34029","Ocean County","New Jersey","687","687","Ocean County, New Jersey","Population density 728 people/sq mi; gap vs county median 687","Public county population and density dataset from balsama/us_counties_data"
"34031","Passaic County","New Jersey","2805","2805","Passaic County, New Jersey","Population density 2846 people/sq mi; gap vs county median 2805","Public county population and density dataset from balsama/us_counties_data"
"34033","Salem County","New Jersey","154","154","Salem County, New Jersey","Population density 195 people/sq mi; gap vs county median 154","Public county population and density dataset from balsama/us_counties_data"
"34035","Somerset County","New Jersey","1131","1131","Somerset County, New Jersey","Population density 1172 people/sq mi; gap vs county median 1131","Public county population and density dataset from balsama/us_counties_data"
"34037","Sussex County","New Jersey","242","242","Sussex County, New Jersey","Population density 283 people/sq mi; gap vs county median 242","Public county population and density dataset from balsama/us_counties_data"
"34039","Union County","New Jersey","5728","5728","Union County, New Jersey","Population density 5769 people/sq mi; gap vs county median 5728","Public county population and density dataset from balsama/us_counties_data"
"34041","Warren County","New Jersey","272","272","Warren County, New Jersey","Population density 313 people/sq mi; gap vs county median 272","Public county population and density dataset from balsama/us_counties_data"
"35001","Bernalillo County","New Mexico","535","535","Bernalillo County, New Mexico","Population density 576 people/sq mi; gap vs county median 535","Public county population and density dataset from balsama/us_counties_data"
"35003","Catron County","New Mexico","-40","40","Catron County, New Mexico","Population density 1 people/sq mi; gap vs county median -40","Public county population and density dataset from balsama/us_counties_data"
"35005","Chaves County","New Mexico","-31","31","Chaves County, New Mexico","Population density 10 people/sq mi; gap vs county median -31","Public county population and density dataset from balsama/us_counties_data"
"35006","Cibola County","New Mexico","-35","35","Cibola County, New Mexico","Population density 6 people/sq mi; gap vs county median -35","Public county population and density dataset from balsama/us_counties_data"
"35007","Colfax County","New Mexico","-38","38","Colfax County, New Mexico","Population density 3 people/sq mi; gap vs county median -38","Public county population and density dataset from balsama/us_counties_data"
"35009","Curry County","New Mexico","-7","7","Curry County, New Mexico","Population density 34 people/sq mi; gap vs county median -7","Public county population and density dataset from balsama/us_counties_data"
"35011","De Baca County","New Mexico","-40","40","De Baca County, New Mexico","Population density 1 people/sq mi; gap vs county median -40","Public county population and density dataset from balsama/us_counties_data"
"35013","Doña Ana County","New Mexico","19","19","Doña Ana County, New Mexico","Population density 60 people/sq mi; gap vs county median 19","Public county population and density dataset from balsama/us_counties_data"
"35015","Eddy County","New Mexico","-26","26","Eddy County, New Mexico","Population density 15 people/sq mi; gap vs county median -26","Public county population and density dataset from balsama/us_counties_data"
"35017","Grant County","New Mexico","-34","34","Grant County, New Mexico","Population density 7 people/sq mi; gap vs county median -34","Public county population and density dataset from balsama/us_counties_data"
"35019","Guadalupe County","New Mexico","-40","40","Guadalupe County, New Mexico","Population density 1 people/sq mi; gap vs county median -40","Public county population and density dataset from balsama/us_counties_data"
"35021","Harding County","New Mexico","-41","41","Harding County, New Mexico","Population density 0 people/sq mi; gap vs county median -41","Public county population and density dataset from balsama/us_counties_data"
"35023","Hidalgo County","New Mexico","-40","40","Hidalgo County, New Mexico","Population density 1 people/sq mi; gap vs county median -40","Public county population and density dataset from balsama/us_counties_data"
"35025","Lea County","New Mexico","-24","24","Lea County, New Mexico","Population density 17 people/sq mi; gap vs county median -24","Public county population and density dataset from balsama/us_counties_data"
"35027","Lincoln County","New Mexico","-37","37","Lincoln County, New Mexico","Population density 4 people/sq mi; gap vs county median -37","Public county population and density dataset from balsama/us_counties_data"
"35028","Los Alamos County","New Mexico","140","140","Los Alamos County, New Mexico","Population density 181 people/sq mi; gap vs county median 140","Public county population and density dataset from balsama/us_counties_data"
"35029","Luna County","New Mexico","-32","32","Luna County, New Mexico","Population density 9 people/sq mi; gap vs county median -32","Public county population and density dataset from balsama/us_counties_data"
"35031","McKinley County","New Mexico","-28","28","McKinley County, New Mexico","Population density 13 people/sq mi; gap vs county median -28","Public county population and density dataset from balsama/us_counties_data"
"35033","Mora County","New Mexico","-39","39","Mora County, New Mexico","Population density 2 people/sq mi; gap vs county median -39","Public county population and density dataset from balsama/us_counties_data"
"35035","Otero County","New Mexico","-30","30","Otero County, New Mexico","Population density 11 people/sq mi; gap vs county median -30","Public county population and density dataset from balsama/us_counties_data"
"35037","Quay County","New Mexico","-38","38","Quay County, New Mexico","Population density 3 people/sq mi; gap vs county median -38","Public county population and density dataset from balsama/us_counties_data"
"35039","Rio Arriba County","New Mexico","-34","34","Rio Arriba County, New Mexico","Population density 7 people/sq mi; gap vs county median -34","Public county population and density dataset from balsama/us_counties_data"
"35041","Roosevelt County","New Mexico","-33","33","Roosevelt County, New Mexico","Population density 8 people/sq mi; gap vs county median -33","Public county population and density dataset from balsama/us_counties_data"
"35043","Sandoval County","New Mexico","2","2","Sandoval County, New Mexico","Population density 43 people/sq mi; gap vs county median 2","Public county population and density dataset from balsama/us_counties_data"
"35045","San Juan County","New Mexico","-19","19","San Juan County, New Mexico","Population density 22 people/sq mi; gap vs county median -19","Public county population and density dataset from balsama/us_counties_data"
"35047","San Miguel County","New Mexico","-35","35","San Miguel County, New Mexico","Population density 6 people/sq mi; gap vs county median -35","Public county population and density dataset from balsama/us_counties_data"
"35049","Santa Fe County","New Mexico","42","42","Santa Fe County, New Mexico","Population density 83 people/sq mi; gap vs county median 42","Public county population and density dataset from balsama/us_counties_data"
"35051","Sierra County","New Mexico","-38","38","Sierra County, New Mexico","Population density 3 people/sq mi; gap vs county median -38","Public county population and density dataset from balsama/us_counties_data"
"35053","Socorro County","New Mexico","-39","39","Socorro County, New Mexico","Population density 2 people/sq mi; gap vs county median -39","Public county population and density dataset from balsama/us_counties_data"
"35055","Taos County","New Mexico","-25","25","Taos County, New Mexico","Population density 16 people/sq mi; gap vs county median -25","Public county population and density dataset from balsama/us_counties_data"
"35057","Torrance County","New Mexico","-36","36","Torrance County, New Mexico","Population density 5 people/sq mi; gap vs county median -36","Public county population and density dataset from balsama/us_counties_data"
"35059","Union County","New Mexico","-40","40","Union County, New Mexico","Population density 1 people/sq mi; gap vs county median -40","Public county population and density dataset from balsama/us_counties_data"
"35061","Valencia County","New Mexico","35","35","Valencia County, New Mexico","Population density 76 people/sq mi; gap vs county median 35","Public county population and density dataset from balsama/us_counties_data"
"36001","Albany County","New York","-40","40","Albany County, New York","Population density 1 people/sq mi; gap vs county median -40","Public county population and density dataset from balsama/us_counties_data"
"36003","Allegany County","New York","-41","41","Allegany County, New York","Population density 0 people/sq mi; gap vs county median -41","Public county population and density dataset from balsama/us_counties_data"
"36005","Bronx County","New York","382","382","Bronx County, New York","Population density 423 people/sq mi; gap vs county median 382","Public county population and density dataset from balsama/us_counties_data"
"36007","Broome County","New York","-41","41","Broome County, New York","Population density 0 people/sq mi; gap vs county median -41","Public county population and density dataset from balsama/us_counties_data"
"36009","Cattaraugus County","New York","-41","41","Cattaraugus County, New York","Population density 0 people/sq mi; gap vs county median -41","Public county population and density dataset from balsama/us_counties_data"
"36011","Cayuga County","New York","-41","41","Cayuga County, New York","Population density 0 people/sq mi; gap vs county median -41","Public county population and density dataset from balsama/us_counties_data"
"36013","Chautauqua County","New York","-41","41","Chautauqua County, New York","Population density 0 people/sq mi; gap vs county median -41","Public county population and density dataset from balsama/us_counties_data"
"36015","Chemung County","New York","-41","41","Chemung County, New York","Population density 0 people/sq mi; gap vs county median -41","Public county population and density dataset from balsama/us_counties_data"
"36017","Chenango County","New York","-41","41","Chenango County, New York","Population density 0 people/sq mi; gap vs county median -41","Public county population and density dataset from balsama/us_counties_data"
"36019","Clinton County","New York","-41","41","Clinton County, New York","Population density 0 people/sq mi; gap vs county median -41","Public county population and density dataset from balsama/us_counties_data"
"36021","Columbia County","New York","-41","41","Columbia County, New York","Population density 0 people/sq mi; gap vs county median -41","Public county population and density dataset from balsama/us_counties_data"
"36023","Cortland County","New York","-41","41","Cortland County, New York","Population density 0 people/sq mi; gap vs county median -41","Public county population and density dataset from balsama/us_counties_data"
"36025","Delaware County","New York","-41","41","Delaware County, New York","Population density 0 people/sq mi; gap vs county median -41","Public county population and density dataset from balsama/us_counties_data"
"36027","Dutchess County","New York","-41","41","Dutchess County, New York","Population density 0 people/sq mi; gap vs county median -41","Public county population and density dataset from balsama/us_counties_data"
"36029","Erie County","New York","-40","40","Erie County, New York","Population density 1 people/sq mi; gap vs county median -40","Public county population and density dataset from balsama/us_counties_data"
"36031","Essex County","New York","-41","41","Essex County, New York","Population density 0 people/sq mi; gap vs county median -41","Public county population and density dataset from balsama/us_counties_data"
"36033","Franklin County","New York","-41","41","Franklin County, New York","Population density 0 people/sq mi; gap vs county median -41","Public county population and density dataset from balsama/us_counties_data"
"36035","Fulton County","New York","-41","41","Fulton County, New York","Population density 0 people/sq mi; gap vs county median -41","Public county population and density dataset from balsama/us_counties_data"
"36037","Genesee County","New York","-41","41","Genesee County, New York","Population density 0 people/sq mi; gap vs county median -41","Public county population and density dataset from balsama/us_counties_data"
"36039","Greene County","New York","-41","41","Greene County, New York","Population density 0 people/sq mi; gap vs county median -41","Public county population and density dataset from balsama/us_counties_data"
"36041","Hamilton County","New York","-41","41","Hamilton County, New York","Population density 0 people/sq mi; gap vs county median -41","Public county population and density dataset from balsama/us_counties_data"
"36043","Herkimer County","New York","-41","41","Herkimer County, New York","Population density 0 people/sq mi; gap vs county median -41","Public county population and density dataset from balsama/us_counties_data"
"36045","Jefferson County","New York","-41","41","Jefferson County, New York","Population density 0 people/sq mi; gap vs county median -41","Public county population and density dataset from balsama/us_counties_data"
"36047","Kings County","New York","240","240","Kings County, New York","Population density 281 people/sq mi; gap vs county median 240","Public county population and density dataset from balsama/us_counties_data"
"36049","Lewis County","New York","-41","41","Lewis County, New York","Population density 0 people/sq mi; gap vs county median -41","Public county population and density dataset from balsama/us_counties_data"
"36051","Livingston County","New York","-41","41","Livingston County, New York","Population density 0 people/sq mi; gap vs county median -41","Public county population and density dataset from balsama/us_counties_data"
"36053","Madison County","New York","-41","41","Madison County, New York","Population density 0 people/sq mi; gap vs county median -41","Public county population and density dataset from balsama/us_counties_data"
"36055","Monroe County","New York","-41","41","Monroe County, New York","Population density 0 people/sq mi; gap vs county median -41","Public county population and density dataset from balsama/us_counties_data"
"36057","Montgomery County","New York","-41","41","Montgomery County, New York","Population density 0 people/sq mi; gap vs county median -41","Public county population and density dataset from balsama/us_counties_data"
"36059","Nassau County","New York","-34","34","Nassau County, New York","Population density 7 people/sq mi; gap vs county median -34","Public county population and density dataset from balsama/us_counties_data"
"36061","New York County","New York","1449","1449","New York County, New York","Population density 1490 people/sq mi; gap vs county median 1449","Public county population and density dataset from balsama/us_counties_data"
"36063","Niagara County","New York","-41","41","Niagara County, New York","Population density 0 people/sq mi; gap vs county median -41","Public county population and density dataset from balsama/us_counties_data"
"36065","Oneida County","New York","-41","41","Oneida County, New York","Population density 0 people/sq mi; gap vs county median -41","Public county population and density dataset from balsama/us_counties_data"
"36067","Onondaga County","New York","-40","40","Onondaga County, New York","Population density 1 people/sq mi; gap vs county median -40","Public county population and density dataset from balsama/us_counties_data"
"36069","Ontario County","New York","-41","41","Ontario County, New York","Population density 0 people/sq mi; gap vs county median -41","Public county population and density dataset from balsama/us_counties_data"
"36071","Orange County","New York","-40","40","Orange County, New York","Population density 1 people/sq mi; gap vs county median -40","Public county population and density dataset from balsama/us_counties_data"
"36073","Orleans County","New York","-41","41","Orleans County, New York","Population density 0 people/sq mi; gap vs county median -41","Public county population and density dataset from balsama/us_counties_data"
"36075","Oswego County","New York","-41","41","Oswego County, New York","Population density 0 people/sq mi; gap vs county median -41","Public county population and density dataset from balsama/us_counties_data"
"36077","Otsego County","New York","-41","41","Otsego County, New York","Population density 0 people/sq mi; gap vs county median -41","Public county population and density dataset from balsama/us_counties_data"
"36079","Putnam County","New York","-39","39","Putnam County, New York","Population density 2 people/sq mi; gap vs county median -39","Public county population and density dataset from balsama/us_counties_data"
"36081","Queens County","New York","32","32","Queens County, New York","Population density 73 people/sq mi; gap vs county median 32","Public county population and density dataset from balsama/us_counties_data"
"36083","Rensselaer County","New York","-41","41","Rensselaer County, New York","Population density 0 people/sq mi; gap vs county median -41","Public county population and density dataset from balsama/us_counties_data"
"36085","Richmond County","New York","7","7","Richmond County, New York","Population density 48 people/sq mi; gap vs county median 7","Public county population and density dataset from balsama/us_counties_data"
"36087","Rockland County","New York","-32","32","Rockland County, New York","Population density 9 people/sq mi; gap vs county median -32","Public county population and density dataset from balsama/us_counties_data"
"36089","St. Lawrence County","New York","-41","41","St. Lawrence County, New York","Population density 0 people/sq mi; gap vs county median -41","Public county population and density dataset from balsama/us_counties_data"
"36091","Saratoga County","New York","-41","41","Saratoga County, New York","Population density 0 people/sq mi; gap vs county median -41","Public county population and density dataset from balsama/us_counties_data"
"36093","Schenectady County","New York","-37","37","Schenectady County, New York","Population density 4 people/sq mi; gap vs county median -37","Public county population and density dataset from balsama/us_counties_data"
"36095","Schoharie County","New York","-41","41","Schoharie County, New York","Population density 0 people/sq mi; gap vs county median -41","Public county population and density dataset from balsama/us_counties_data"
"36097","Schuyler County","New York","-41","41","Schuyler County, New York","Population density 0 people/sq mi; gap vs county median -41","Public county population and density dataset from balsama/us_counties_data"
"36099","Seneca County","New York","-41","41","Seneca County, New York","Population density 0 people/sq mi; gap vs county median -41","Public county population and density dataset from balsama/us_counties_data"
"36101","Steuben County","New York","-41","41","Steuben County, New York","Population density 0 people/sq mi; gap vs county median -41","Public county population and density dataset from balsama/us_counties_data"
"36103","Suffolk County","New York","-41","41","Suffolk County, New York","Population density 0 people/sq mi; gap vs county median -41","Public county population and density dataset from balsama/us_counties_data"
"36105","Sullivan County","New York","-41","41","Sullivan County, New York","Population density 0 people/sq mi; gap vs county median -41","Public county population and density dataset from balsama/us_counties_data"
"36107","Tioga County","New York","-41","41","Tioga County, New York","Population density 0 people/sq mi; gap vs county median -41","Public county population and density dataset from balsama/us_counties_data"
"36109","Tompkins County","New York","-41","41","Tompkins County, New York","Population density 0 people/sq mi; gap vs county median -41","Public county population and density dataset from balsama/us_counties_data"
"36111","Ulster County","New York","-41","41","Ulster County, New York","Population density 0 people/sq mi; gap vs county median -41","Public county population and density dataset from balsama/us_counties_data"
"36113","Warren County","New York","-41","41","Warren County, New York","Population density 0 people/sq mi; gap vs county median -41","Public county population and density dataset from balsama/us_counties_data"
"36115","Washington County","New York","-41","41","Washington County, New York","Population density 0 people/sq mi; gap vs county median -41","Public county population and density dataset from balsama/us_counties_data"
"36117","Wayne County","New York","-41","41","Wayne County, New York","Population density 0 people/sq mi; gap vs county median -41","Public county population and density dataset from balsama/us_counties_data"
"36119","Westchester County","New York","-37","37","Westchester County, New York","Population density 4 people/sq mi; gap vs county median -37","Public county population and density dataset from balsama/us_counties_data"
"36121","Wyoming County","New York","-41","41","Wyoming County, New York","Population density 0 people/sq mi; gap vs county median -41","Public county population and density dataset from balsama/us_counties_data"
"36123","Yates County","New York","-41","41","Yates County, New York","Population density 0 people/sq mi; gap vs county median -41","Public county population and density dataset from balsama/us_counties_data"
"37001","Alamance County","North Carolina","381","381","Alamance County, North Carolina","Population density 422 people/sq mi; gap vs county median 381","Public county population and density dataset from balsama/us_counties_data"
"37003","Alexander County","North Carolina","98","98","Alexander County, North Carolina","Population density 139 people/sq mi; gap vs county median 98","Public county population and density dataset from balsama/us_counties_data"
"37005","Alleghany County","North Carolina","7","7","Alleghany County, North Carolina","Population density 48 people/sq mi; gap vs county median 7","Public county population and density dataset from balsama/us_counties_data"
"37007","Anson County","North Carolina","1","1","Anson County, North Carolina","Population density 42 people/sq mi; gap vs county median 1","Public county population and density dataset from balsama/us_counties_data"
"37009","Ashe County","North Carolina","23","23","Ashe County, North Carolina","Population density 64 people/sq mi; gap vs county median 23","Public county population and density dataset from balsama/us_counties_data"
"37011","Avery County","North Carolina","31","31","Avery County, North Carolina","Population density 72 people/sq mi; gap vs county median 31","Public county population and density dataset from balsama/us_counties_data"
"37013","Beaufort County","North Carolina","5","5","Beaufort County, North Carolina","Population density 46 people/sq mi; gap vs county median 5","Public county population and density dataset from balsama/us_counties_data"
"37015","Bertie County","North Carolina","-18","18","Bertie County, North Carolina","Population density 23 people/sq mi; gap vs county median -18","Public county population and density dataset from balsama/us_counties_data"
"37017","Bladen County","North Carolina","-7","7","Bladen County, North Carolina","Population density 34 people/sq mi; gap vs county median -7","Public county population and density dataset from balsama/us_counties_data"
"37019","Brunswick County","North Carolina","118","118","Brunswick County, North Carolina","Population density 159 people/sq mi; gap vs county median 118","Public county population and density dataset from balsama/us_counties_data"
"37021","Buncombe County","North Carolina","382","382","Buncombe County, North Carolina","Population density 423 people/sq mi; gap vs county median 382","Public county population and density dataset from balsama/us_counties_data"
"37023","Burke County","North Carolina","131","131","Burke County, North Carolina","Population density 172 people/sq mi; gap vs county median 131","Public county population and density dataset from balsama/us_counties_data"
"37025","Cabarrus County","North Carolina","632","632","Cabarrus County, North Carolina","Population density 673 people/sq mi; gap vs county median 632","Public county population and density dataset from balsama/us_counties_data"
"37027","Caldwell County","North Carolina","129","129","Caldwell County, North Carolina","Population density 170 people/sq mi; gap vs county median 129","Public county population and density dataset from balsama/us_counties_data"
"37029","Camden County","North Carolina","-5","5","Camden County, North Carolina","Population density 36 people/sq mi; gap vs county median -5","Public county population and density dataset from balsama/us_counties_data"
"37031","Carteret County","North Carolina","12","12","Carteret County, North Carolina","Population density 53 people/sq mi; gap vs county median 12","Public county population and density dataset from balsama/us_counties_data"
"37033","Caswell County","North Carolina","11","11","Caswell County, North Carolina","Population density 52 people/sq mi; gap vs county median 11","Public county population and density dataset from balsama/us_counties_data"
"37035","Catawba County","North Carolina","361","361","Catawba County, North Carolina","Population density 402 people/sq mi; gap vs county median 361","Public county population and density dataset from balsama/us_counties_data"
"37037","Chatham County","North Carolina","77","77","Chatham County, North Carolina","Population density 118 people/sq mi; gap vs county median 77","Public county population and density dataset from balsama/us_counties_data"
"37039","Cherokee County","North Carolina","24","24","Cherokee County, North Carolina","Population density 65 people/sq mi; gap vs county median 24","Public county population and density dataset from balsama/us_counties_data"
"37041","Chowan County","North Carolina","18","18","Chowan County, North Carolina","Population density 59 people/sq mi; gap vs county median 18","Public county population and density dataset from balsama/us_counties_data"
"37043","Clay County","North Carolina","13","13","Clay County, North Carolina","Population density 54 people/sq mi; gap vs county median 13","Public county population and density dataset from balsama/us_counties_data"
"37045","Cleveland County","North Carolina","177","177","Cleveland County, North Carolina","Population density 218 people/sq mi; gap vs county median 177","Public county population and density dataset from balsama/us_counties_data"
"37047","Columbus County","North Carolina","11","11","Columbus County, North Carolina","Population density 52 people/sq mi; gap vs county median 11","Public county population and density dataset from balsama/us_counties_data"
"37049","Craven County","North Carolina","94","94","Craven County, North Carolina","Population density 135 people/sq mi; gap vs county median 94","Public county population and density dataset from balsama/us_counties_data"
"37051","Cumberland County","North Carolina","473","473","Cumberland County, North Carolina","Population density 514 people/sq mi; gap vs county median 473","Public county population and density dataset from balsama/us_counties_data"
"37053","Currituck County","North Carolina","20","20","Currituck County, North Carolina","Population density 61 people/sq mi; gap vs county median 20","Public county population and density dataset from balsama/us_counties_data"
"37055","Dare County","North Carolina","-16","16","Dare County, North Carolina","Population density 25 people/sq mi; gap vs county median -16","Public county population and density dataset from balsama/us_counties_data"
"37057","Davidson County","North Carolina","272","272","Davidson County, North Carolina","Population density 313 people/sq mi; gap vs county median 272","Public county population and density dataset from balsama/us_counties_data"
"37059","Davie County","North Carolina","130","130","Davie County, North Carolina","Population density 171 people/sq mi; gap vs county median 130","Public county population and density dataset from balsama/us_counties_data"
"37061","Duplin County","North Carolina","21","21","Duplin County, North Carolina","Population density 62 people/sq mi; gap vs county median 21","Public county population and density dataset from balsama/us_counties_data"
"37063","Durham County","North Carolina","1112","1112","Durham County, North Carolina","Population density 1153 people/sq mi; gap vs county median 1112","Public county population and density dataset from balsama/us_counties_data"
"37065","Edgecombe County","North Carolina","56","56","Edgecombe County, North Carolina","Population density 97 people/sq mi; gap vs county median 56","Public county population and density dataset from balsama/us_counties_data"
"37067","Forsyth County","North Carolina","925","925","Forsyth County, North Carolina","Population density 966 people/sq mi; gap vs county median 925","Public county population and density dataset from balsama/us_counties_data"
"37069","Franklin County","North Carolina","120","120","Franklin County, North Carolina","Population density 161 people/sq mi; gap vs county median 120","Public county population and density dataset from balsama/us_counties_data"
"37071","Gaston County","North Carolina","624","624","Gaston County, North Carolina","Population density 665 people/sq mi; gap vs county median 624","Public county population and density dataset from balsama/us_counties_data"
"37073","Gates County","North Carolina","-11","11","Gates County, North Carolina","Population density 30 people/sq mi; gap vs county median -11","Public county population and density dataset from balsama/us_counties_data"
"37075","Graham County","North Carolina","-14","14","Graham County, North Carolina","Population density 27 people/sq mi; gap vs county median -14","Public county population and density dataset from balsama/us_counties_data"
"37077","Granville County","North Carolina","73","73","Granville County, North Carolina","Population density 114 people/sq mi; gap vs county median 73","Public county population and density dataset from balsama/us_counties_data"
"37079","Greene County","North Carolina","36","36","Greene County, North Carolina","Population density 77 people/sq mi; gap vs county median 36","Public county population and density dataset from balsama/us_counties_data"
"37081","Guilford County","North Carolina","808","808","Guilford County, North Carolina","Population density 849 people/sq mi; gap vs county median 808","Public county population and density dataset from balsama/us_counties_data"
"37083","Halifax County","North Carolina","23","23","Halifax County, North Carolina","Population density 64 people/sq mi; gap vs county median 23","Public county population and density dataset from balsama/us_counties_data"
"37085","Harnett County","North Carolina","202","202","Harnett County, North Carolina","Population density 243 people/sq mi; gap vs county median 202","Public county population and density dataset from balsama/us_counties_data"
"37087","Haywood County","North Carolina","73","73","Haywood County, North Carolina","Population density 114 people/sq mi; gap vs county median 73","Public county population and density dataset from balsama/us_counties_data"
"37089","Henderson County","North Carolina","281","281","Henderson County, North Carolina","Population density 322 people/sq mi; gap vs county median 281","Public county population and density dataset from balsama/us_counties_data"
"37091","Hertford County","North Carolina","12","12","Hertford County, North Carolina","Population density 53 people/sq mi; gap vs county median 12","Public county population and density dataset from balsama/us_counties_data"
"37093","Hoke County","North Carolina","100","100","Hoke County, North Carolina","Population density 141 people/sq mi; gap vs county median 100","Public county population and density dataset from balsama/us_counties_data"
"37095","Hyde County","North Carolina","-38","38","Hyde County, North Carolina","Population density 3 people/sq mi; gap vs county median -38","Public county population and density dataset from balsama/us_counties_data"
"37097","Iredell County","North Carolina","305","305","Iredell County, North Carolina","Population density 346 people/sq mi; gap vs county median 305","Public county population and density dataset from balsama/us_counties_data"
"37099","Jackson County","North Carolina","50","50","Jackson County, North Carolina","Population density 91 people/sq mi; gap vs county median 50","Public county population and density dataset from balsama/us_counties_data"
"37101","Johnston County","North Carolina","273","273","Johnston County, North Carolina","Population density 314 people/sq mi; gap vs county median 273","Public county population and density dataset from balsama/us_counties_data"
"37103","Jones County","North Carolina","-21","21","Jones County, North Carolina","Population density 20 people/sq mi; gap vs county median -21","Public county population and density dataset from balsama/us_counties_data"
"37105","Lee County","North Carolina","224","224","Lee County, North Carolina","Population density 265 people/sq mi; gap vs county median 224","Public county population and density dataset from balsama/us_counties_data"
"37107","Lenoir County","North Carolina","97","97","Lenoir County, North Carolina","Population density 138 people/sq mi; gap vs county median 97","Public county population and density dataset from balsama/us_counties_data"
"37109","Lincoln County","North Carolina","279","279","Lincoln County, North Carolina","Population density 320 people/sq mi; gap vs county median 279","Public county population and density dataset from balsama/us_counties_data"
"37111","McDowell County","North Carolina","61","61","McDowell County, North Carolina","Population density 102 people/sq mi; gap vs county median 61","Public county population and density dataset from balsama/us_counties_data"
"37113","Macon County","North Carolina","33","33","Macon County, North Carolina","Population density 74 people/sq mi; gap vs county median 33","Public county population and density dataset from balsama/us_counties_data"
"37115","Madison County","North Carolina","9","9","Madison County, North Carolina","Population density 50 people/sq mi; gap vs county median 9","Public county population and density dataset from balsama/us_counties_data"
"37117","Martin County","North Carolina","6","6","Martin County, North Carolina","Population density 47 people/sq mi; gap vs county median 6","Public county population and density dataset from balsama/us_counties_data"
"37119","Mecklenburg County","North Carolina","2168","2168","Mecklenburg County, North Carolina","Population density 2209 people/sq mi; gap vs county median 2168","Public county population and density dataset from balsama/us_counties_data"
"37121","Mitchell County","North Carolina","27","27","Mitchell County, North Carolina","Population density 68 people/sq mi; gap vs county median 27","Public county population and density dataset from balsama/us_counties_data"
"37123","Montgomery County","North Carolina","12","12","Montgomery County, North Carolina","Population density 53 people/sq mi; gap vs county median 12","Public county population and density dataset from balsama/us_counties_data"
"37125","Moore County","North Carolina","113","113","Moore County, North Carolina","Population density 154 people/sq mi; gap vs county median 113","Public county population and density dataset from balsama/us_counties_data"
"37127","Nash County","North Carolina","139","139","Nash County, North Carolina","Population density 180 people/sq mi; gap vs county median 139","Public county population and density dataset from balsama/us_counties_data"
"37129","New Hanover County","North Carolina","699","699","New Hanover County, North Carolina","Population density 740 people/sq mi; gap vs county median 699","Public county population and density dataset from balsama/us_counties_data"
"37131","Northampton County","North Carolina","-11","11","Northampton County, North Carolina","Population density 30 people/sq mi; gap vs county median -11","Public county population and density dataset from balsama/us_counties_data"
"37133","Onslow County","North Carolina","194","194","Onslow County, North Carolina","Population density 235 people/sq mi; gap vs county median 194","Public county population and density dataset from balsama/us_counties_data"
"37135","Orange County","North Carolina","340","340","Orange County, North Carolina","Population density 381 people/sq mi; gap vs county median 340","Public county population and density dataset from balsama/us_counties_data"
"37137","Pamlico County","North Carolina","-19","19","Pamlico County, North Carolina","Population density 22 people/sq mi; gap vs county median -19","Public county population and density dataset from balsama/us_counties_data"
"37139","Pasquotank County","North Carolina","102","102","Pasquotank County, North Carolina","Population density 143 people/sq mi; gap vs county median 102","Public county population and density dataset from balsama/us_counties_data"
"37141","Pender County","North Carolina","34","34","Pender County, North Carolina","Population density 75 people/sq mi; gap vs county median 34","Public county population and density dataset from balsama/us_counties_data"
"37143","Perquimans County","North Carolina","0","0","Perquimans County, North Carolina","Population density 41 people/sq mi; gap vs county median 0","Public county population and density dataset from balsama/us_counties_data"
"37145","Person County","North Carolina","58","58","Person County, North Carolina","Population density 99 people/sq mi; gap vs county median 58","Public county population and density dataset from balsama/us_counties_data"
"37147","Pitt County","North Carolina","235","235","Pitt County, North Carolina","Population density 276 people/sq mi; gap vs county median 235","Public county population and density dataset from balsama/us_counties_data"
"37149","Polk County","North Carolina","44","44","Polk County, North Carolina","Population density 85 people/sq mi; gap vs county median 44","Public county population and density dataset from balsama/us_counties_data"
"37151","Randolph County","North Carolina","147","147","Randolph County, North Carolina","Population density 188 people/sq mi; gap vs county median 147","Public county population and density dataset from balsama/us_counties_data"
"37153","Richmond County","North Carolina","46","46","Richmond County, North Carolina","Population density 87 people/sq mi; gap vs county median 46","Public county population and density dataset from balsama/us_counties_data"
"37155","Robeson County","North Carolina","84","84","Robeson County, North Carolina","Population density 125 people/sq mi; gap vs county median 84","Public county population and density dataset from balsama/us_counties_data"
"37157","Rockingham County","North Carolina","122","122","Rockingham County, North Carolina","Population density 163 people/sq mi; gap vs county median 122","Public county population and density dataset from balsama/us_counties_data"
"37159","Rowan County","North Carolina","252","252","Rowan County, North Carolina","Population density 293 people/sq mi; gap vs county median 252","Public county population and density dataset from balsama/us_counties_data"
"37161","Rutherford County","North Carolina","75","75","Rutherford County, North Carolina","Population density 116 people/sq mi; gap vs county median 75","Public county population and density dataset from balsama/us_counties_data"
"37163","Sampson County","North Carolina","23","23","Sampson County, North Carolina","Population density 64 people/sq mi; gap vs county median 23","Public county population and density dataset from balsama/us_counties_data"
"37165","Scotland County","North Carolina","65","65","Scotland County, North Carolina","Population density 106 people/sq mi; gap vs county median 65","Public county population and density dataset from balsama/us_counties_data"
"37167","Stanly County","North Carolina","125","125","Stanly County, North Carolina","Population density 166 people/sq mi; gap vs county median 125","Public county population and density dataset from balsama/us_counties_data"
"37169","Stokes County","North Carolina","60","60","Stokes County, North Carolina","Population density 101 people/sq mi; gap vs county median 60","Public county population and density dataset from balsama/us_counties_data"
"37171","Surry County","North Carolina","92","92","Surry County, North Carolina","Population density 133 people/sq mi; gap vs county median 92","Public county population and density dataset from balsama/us_counties_data"
"37173","Swain County","North Carolina","-15","15","Swain County, North Carolina","Population density 26 people/sq mi; gap vs county median -15","Public county population and density dataset from balsama/us_counties_data"
"37175","Transylvania County","North Carolina","49","49","Transylvania County, North Carolina","Population density 90 people/sq mi; gap vs county median 49","Public county population and density dataset from balsama/us_counties_data"
"37177","Tyrrell County","North Carolina","-35","35","Tyrrell County, North Carolina","Population density 6 people/sq mi; gap vs county median -35","Public county population and density dataset from balsama/us_counties_data"
"37179","Union County","North Carolina","371","371","Union County, North Carolina","Population density 412 people/sq mi; gap vs county median 371","Public county population and density dataset from balsama/us_counties_data"
"37181","Vance County","North Carolina","116","116","Vance County, North Carolina","Population density 157 people/sq mi; gap vs county median 116","Public county population and density dataset from balsama/us_counties_data"
"37183","Wake County","North Carolina","1397","1397","Wake County, North Carolina","Population density 1438 people/sq mi; gap vs county median 1397","Public county population and density dataset from balsama/us_counties_data"
"37185","Warren County","North Carolina","2","2","Warren County, North Carolina","Population density 43 people/sq mi; gap vs county median 2","Public county population and density dataset from balsama/us_counties_data"
"37187","Washington County","North Carolina","-16","16","Washington County, North Carolina","Population density 25 people/sq mi; gap vs county median -16","Public county population and density dataset from balsama/us_counties_data"
"37189","Watauga County","North Carolina","135","135","Watauga County, North Carolina","Population density 176 people/sq mi; gap vs county median 135","Public county population and density dataset from balsama/us_counties_data"
"37191","Wayne County","North Carolina","175","175","Wayne County, North Carolina","Population density 216 people/sq mi; gap vs county median 175","Public county population and density dataset from balsama/us_counties_data"
"37193","Wilkes County","North Carolina","47","47","Wilkes County, North Carolina","Population density 88 people/sq mi; gap vs county median 47","Public county population and density dataset from balsama/us_counties_data"
"37195","Wilson County","North Carolina","173","173","Wilson County, North Carolina","Population density 214 people/sq mi; gap vs county median 173","Public county population and density dataset from balsama/us_counties_data"
"37197","Yadkin County","North Carolina","71","71","Yadkin County, North Carolina","Population density 112 people/sq mi; gap vs county median 71","Public county population and density dataset from balsama/us_counties_data"
"37199","Yancey County","North Carolina","20","20","Yancey County, North Carolina","Population density 61 people/sq mi; gap vs county median 20","Public county population and density dataset from balsama/us_counties_data"
"38001","Adams County","North Dakota","-39","39","Adams County, North Dakota","Population density 2 people/sq mi; gap vs county median -39","Public county population and density dataset from balsama/us_counties_data"
"38003","Barnes County","North Dakota","-34","34","Barnes County, North Dakota","Population density 7 people/sq mi; gap vs county median -34","Public county population and density dataset from balsama/us_counties_data"
"38005","Benson County","North Dakota","-37","37","Benson County, North Dakota","Population density 4 people/sq mi; gap vs county median -37","Public county population and density dataset from balsama/us_counties_data"
"38007","Billings County","North Dakota","-40","40","Billings County, North Dakota","Population density 1 people/sq mi; gap vs county median -40","Public county population and density dataset from balsama/us_counties_data"
"38009","Bottineau County","North Dakota","-37","37","Bottineau County, North Dakota","Population density 4 people/sq mi; gap vs county median -37","Public county population and density dataset from balsama/us_counties_data"
"38011","Bowman County","North Dakota","-39","39","Bowman County, North Dakota","Population density 2 people/sq mi; gap vs county median -39","Public county population and density dataset from balsama/us_counties_data"
"38013","Burke County","North Dakota","-39","39","Burke County, North Dakota","Population density 2 people/sq mi; gap vs county median -39","Public county population and density dataset from balsama/us_counties_data"
"38015","Burleigh County","North Dakota","22","22","Burleigh County, North Dakota","Population density 63 people/sq mi; gap vs county median 22","Public county population and density dataset from balsama/us_counties_data"
"38017","Cass County","North Dakota","73","73","Cass County, North Dakota","Population density 114 people/sq mi; gap vs county median 73","Public county population and density dataset from balsama/us_counties_data"
"38019","Cavalier County","North Dakota","-39","39","Cavalier County, North Dakota","Population density 2 people/sq mi; gap vs county median -39","Public county population and density dataset from balsama/us_counties_data"
"38021","Dickey County","North Dakota","-37","37","Dickey County, North Dakota","Population density 4 people/sq mi; gap vs county median -37","Public county population and density dataset from balsama/us_counties_data"
"38023","Divide County","North Dakota","-39","39","Divide County, North Dakota","Population density 2 people/sq mi; gap vs county median -39","Public county population and density dataset from balsama/us_counties_data"
"38025","Dunn County","North Dakota","-39","39","Dunn County, North Dakota","Population density 2 people/sq mi; gap vs county median -39","Public county population and density dataset from balsama/us_counties_data"
"38027","Eddy County","North Dakota","-37","37","Eddy County, North Dakota","Population density 4 people/sq mi; gap vs county median -37","Public county population and density dataset from balsama/us_counties_data"
"38029","Emmons County","North Dakota","-39","39","Emmons County, North Dakota","Population density 2 people/sq mi; gap vs county median -39","Public county population and density dataset from balsama/us_counties_data"
"38031","Foster County","North Dakota","-36","36","Foster County, North Dakota","Population density 5 people/sq mi; gap vs county median -36","Public county population and density dataset from balsama/us_counties_data"
"38033","Golden Valley County","North Dakota","-39","39","Golden Valley County, North Dakota","Population density 2 people/sq mi; gap vs county median -39","Public county population and density dataset from balsama/us_counties_data"
"38035","Grand Forks County","North Dakota","10","10","Grand Forks County, North Dakota","Population density 51 people/sq mi; gap vs county median 10","Public county population and density dataset from balsama/us_counties_data"
"38037","Grant County","North Dakota","-40","40","Grant County, North Dakota","Population density 1 people/sq mi; gap vs county median -40","Public county population and density dataset from balsama/us_counties_data"
"38039","Griggs County","North Dakota","-38","38","Griggs County, North Dakota","Population density 3 people/sq mi; gap vs county median -38","Public county population and density dataset from balsama/us_counties_data"
"38041","Hettinger County","North Dakota","-39","39","Hettinger County, North Dakota","Population density 2 people/sq mi; gap vs county median -39","Public county population and density dataset from balsama/us_counties_data"
"38043","Kidder County","North Dakota","-39","39","Kidder County, North Dakota","Population density 2 people/sq mi; gap vs county median -39","Public county population and density dataset from balsama/us_counties_data"
"38045","LaMoure County","North Dakota","-37","37","LaMoure County, North Dakota","Population density 4 people/sq mi; gap vs county median -37","Public county population and density dataset from balsama/us_counties_data"
"38047","Logan County","North Dakota","-39","39","Logan County, North Dakota","Population density 2 people/sq mi; gap vs county median -39","Public county population and density dataset from balsama/us_counties_data"
"38049","McHenry County","North Dakota","-38","38","McHenry County, North Dakota","Population density 3 people/sq mi; gap vs county median -38","Public county population and density dataset from balsama/us_counties_data"
"38051","McIntosh County","North Dakota","-38","38","McIntosh County, North Dakota","Population density 3 people/sq mi; gap vs county median -38","Public county population and density dataset from balsama/us_counties_data"
"38053","McKenzie County","North Dakota","-36","36","McKenzie County, North Dakota","Population density 5 people/sq mi; gap vs county median -36","Public county population and density dataset from balsama/us_counties_data"
"38055","McLean County","North Dakota","-36","36","McLean County, North Dakota","Population density 5 people/sq mi; gap vs county median -36","Public county population and density dataset from balsama/us_counties_data"
"38057","Mercer County","North Dakota","-33","33","Mercer County, North Dakota","Population density 8 people/sq mi; gap vs county median -33","Public county population and density dataset from balsama/us_counties_data"
"38059","Morton County","North Dakota","-23","23","Morton County, North Dakota","Population density 18 people/sq mi; gap vs county median -23","Public county population and density dataset from balsama/us_counties_data"
"38061","Mountrail County","North Dakota","-36","36","Mountrail County, North Dakota","Population density 5 people/sq mi; gap vs county median -36","Public county population and density dataset from balsama/us_counties_data"
"38063","Nelson County","North Dakota","-38","38","Nelson County, North Dakota","Population density 3 people/sq mi; gap vs county median -38","Public county population and density dataset from balsama/us_counties_data"
"38065","Oliver County","North Dakota","-38","38","Oliver County, North Dakota","Population density 3 people/sq mi; gap vs county median -38","Public county population and density dataset from balsama/us_counties_data"
"38067","Pembina County","North Dakota","-35","35","Pembina County, North Dakota","Population density 6 people/sq mi; gap vs county median -35","Public county population and density dataset from balsama/us_counties_data"
"38069","Pierce County","North Dakota","-37","37","Pierce County, North Dakota","Population density 4 people/sq mi; gap vs county median -37","Public county population and density dataset from balsama/us_counties_data"
"38071","Ramsey County","North Dakota","-31","31","Ramsey County, North Dakota","Population density 10 people/sq mi; gap vs county median -31","Public county population and density dataset from balsama/us_counties_data"
"38073","Ransom County","North Dakota","-35","35","Ransom County, North Dakota","Population density 6 people/sq mi; gap vs county median -35","Public county population and density dataset from balsama/us_counties_data"
"38075","Renville County","North Dakota","-38","38","Renville County, North Dakota","Population density 3 people/sq mi; gap vs county median -38","Public county population and density dataset from balsama/us_counties_data"
"38077","Richland County","North Dakota","-29","29","Richland County, North Dakota","Population density 12 people/sq mi; gap vs county median -29","Public county population and density dataset from balsama/us_counties_data"
"38079","Rolette County","North Dakota","-28","28","Rolette County, North Dakota","Population density 13 people/sq mi; gap vs county median -28","Public county population and density dataset from balsama/us_counties_data"
"38081","Sargent County","North Dakota","-37","37","Sargent County, North Dakota","Population density 4 people/sq mi; gap vs county median -37","Public county population and density dataset from balsama/us_counties_data"
"38083","Sheridan County","North Dakota","-40","40","Sheridan County, North Dakota","Population density 1 people/sq mi; gap vs county median -40","Public county population and density dataset from balsama/us_counties_data"
"38085","Sioux County","North Dakota","-38","38","Sioux County, North Dakota","Population density 3 people/sq mi; gap vs county median -38","Public county population and density dataset from balsama/us_counties_data"
"38087","Slope County","North Dakota","-40","40","Slope County, North Dakota","Population density 1 people/sq mi; gap vs county median -40","Public county population and density dataset from balsama/us_counties_data"
"38089","Stark County","North Dakota","-16","16","Stark County, North Dakota","Population density 25 people/sq mi; gap vs county median -16","Public county population and density dataset from balsama/us_counties_data"
"38091","Steele County","North Dakota","-39","39","Steele County, North Dakota","Population density 2 people/sq mi; gap vs county median -39","Public county population and density dataset from balsama/us_counties_data"
"38093","Stutsman County","North Dakota","-31","31","Stutsman County, North Dakota","Population density 10 people/sq mi; gap vs county median -31","Public county population and density dataset from balsama/us_counties_data"
"38095","Towner County","North Dakota","-39","39","Towner County, North Dakota","Population density 2 people/sq mi; gap vs county median -39","Public county population and density dataset from balsama/us_counties_data"
"38097","Traill County","North Dakota","-32","32","Traill County, North Dakota","Population density 9 people/sq mi; gap vs county median -32","Public county population and density dataset from balsama/us_counties_data"
"38099","Walsh County","North Dakota","-33","33","Walsh County, North Dakota","Population density 8 people/sq mi; gap vs county median -33","Public county population and density dataset from balsama/us_counties_data"
"38101","Ward County","North Dakota","-7","7","Ward County, North Dakota","Population density 34 people/sq mi; gap vs county median -7","Public county population and density dataset from balsama/us_counties_data"
"38103","Wells County","North Dakota","-38","38","Wells County, North Dakota","Population density 3 people/sq mi; gap vs county median -38","Public county population and density dataset from balsama/us_counties_data"
"38105","Williams County","North Dakota","-21","21","Williams County, North Dakota","Population density 20 people/sq mi; gap vs county median -21","Public county population and density dataset from balsama/us_counties_data"
"39001","Adams County","Ohio","6","6","Adams County, Ohio","Population density 47 people/sq mi; gap vs county median 6","Public county population and density dataset from balsama/us_counties_data"
"39003","Allen County","Ohio","209","209","Allen County, Ohio","Population density 250 people/sq mi; gap vs county median 209","Public county population and density dataset from balsama/us_counties_data"
"39005","Ashland County","Ohio","83","83","Ashland County, Ohio","Population density 124 people/sq mi; gap vs county median 83","Public county population and density dataset from balsama/us_counties_data"
"39007","Ashtabula County","Ohio","97","97","Ashtabula County, Ohio","Population density 138 people/sq mi; gap vs county median 97","Public county population and density dataset from balsama/us_counties_data"
"39009","Athens County","Ohio","84","84","Athens County, Ohio","Population density 125 people/sq mi; gap vs county median 84","Public county population and density dataset from balsama/us_counties_data"
"39011","Auglaize County","Ohio","74","74","Auglaize County, Ohio","Population density 115 people/sq mi; gap vs county median 74","Public county population and density dataset from balsama/us_counties_data"
"39013","Belmont County","Ohio","79","79","Belmont County, Ohio","Population density 120 people/sq mi; gap vs county median 79","Public county population and density dataset from balsama/us_counties_data"
"39015","Brown County","Ohio","49","49","Brown County, Ohio","Population density 90 people/sq mi; gap vs county median 49","Public county population and density dataset from balsama/us_counties_data"
"39017","Butler County","Ohio","815","815","Butler County, Ohio","Population density 856 people/sq mi; gap vs county median 815","Public county population and density dataset from balsama/us_counties_data"
"39019","Carroll County","Ohio","26","26","Carroll County, Ohio","Population density 67 people/sq mi; gap vs county median 26","Public county population and density dataset from balsama/us_counties_data"
"39021","Champaign County","Ohio","50","50","Champaign County, Ohio","Population density 91 people/sq mi; gap vs county median 50","Public county population and density dataset from balsama/us_counties_data"
"39023","Clark County","Ohio","297","297","Clark County, Ohio","Population density 338 people/sq mi; gap vs county median 297","Public county population and density dataset from balsama/us_counties_data"
"39025","Clermont County","Ohio","434","434","Clermont County, Ohio","Population density 475 people/sq mi; gap vs county median 434","Public county population and density dataset from balsama/us_counties_data"
"39027","Clinton County","Ohio","61","61","Clinton County, Ohio","Population density 102 people/sq mi; gap vs county median 61","Public county population and density dataset from balsama/us_counties_data"
"39029","Columbiana County","Ohio","147","147","Columbiana County, Ohio","Population density 188 people/sq mi; gap vs county median 147","Public county population and density dataset from balsama/us_counties_data"
"39031","Coshocton County","Ohio","25","25","Coshocton County, Ohio","Population density 66 people/sq mi; gap vs county median 25","Public county population and density dataset from balsama/us_counties_data"
"39033","Crawford County","Ohio","63","63","Crawford County, Ohio","Population density 104 people/sq mi; gap vs county median 63","Public county population and density dataset from balsama/us_counties_data"
"39035","Cuyahoga County","Ohio","2668","2668","Cuyahoga County, Ohio","Population density 2709 people/sq mi; gap vs county median 2668","Public county population and density dataset from balsama/us_counties_data"
"39037","Darke County","Ohio","45","45","Darke County, Ohio","Population density 86 people/sq mi; gap vs county median 45","Public county population and density dataset from balsama/us_counties_data"
"39039","Defiance County","Ohio","53","53","Defiance County, Ohio","Population density 94 people/sq mi; gap vs county median 53","Public county population and density dataset from balsama/us_counties_data"
"39041","Delaware County","Ohio","497","497","Delaware County, Ohio","Population density 538 people/sq mi; gap vs county median 497","Public county population and density dataset from balsama/us_counties_data"
"39043","Erie County","Ohio","250","250","Erie County, Ohio","Population density 291 people/sq mi; gap vs county median 250","Public county population and density dataset from balsama/us_counties_data"
"39045","Fairfield County","Ohio","291","291","Fairfield County, Ohio","Population density 332 people/sq mi; gap vs county median 291","Public county population and density dataset from balsama/us_counties_data"
"39047","Fayette County","Ohio","30","30","Fayette County, Ohio","Population density 71 people/sq mi; gap vs county median 30","Public county population and density dataset from balsama/us_counties_data"
"39049","Franklin County","Ohio","2475","2475","Franklin County, Ohio","Population density 2516 people/sq mi; gap vs county median 2475","Public county population and density dataset from balsama/us_counties_data"
"39051","Fulton County","Ohio","63","63","Fulton County, Ohio","Population density 104 people/sq mi; gap vs county median 63","Public county population and density dataset from balsama/us_counties_data"
"39053","Gallia County","Ohio","21","21","Gallia County, Ohio","Population density 62 people/sq mi; gap vs county median 21","Public county population and density dataset from balsama/us_counties_data"
"39055","Geauga County","Ohio","196","196","Geauga County, Ohio","Population density 237 people/sq mi; gap vs county median 196","Public county population and density dataset from balsama/us_counties_data"
"39057","Greene County","Ohio","375","375","Greene County, Ohio","Population density 416 people/sq mi; gap vs county median 375","Public county population and density dataset from balsama/us_counties_data"
"39059","Guernsey County","Ohio","32","32","Guernsey County, Ohio","Population density 73 people/sq mi; gap vs county median 32","Public county population and density dataset from balsama/us_counties_data"
"39061","Hamilton County","Ohio","2016","2016","Hamilton County, Ohio","Population density 2057 people/sq mi; gap vs county median 2016","Public county population and density dataset from balsama/us_counties_data"
"39063","Hancock County","Ohio","100","100","Hancock County, Ohio","Population density 141 people/sq mi; gap vs county median 100","Public county population and density dataset from balsama/us_counties_data"
"39065","Hardin County","Ohio","24","24","Hardin County, Ohio","Population density 65 people/sq mi; gap vs county median 24","Public county population and density dataset from balsama/us_counties_data"
"39067","Harrison County","Ohio","-6","6","Harrison County, Ohio","Population density 35 people/sq mi; gap vs county median -6","Public county population and density dataset from balsama/us_counties_data"
"39069","Henry County","Ohio","25","25","Henry County, Ohio","Population density 66 people/sq mi; gap vs county median 25","Public county population and density dataset from balsama/us_counties_data"
"39071","Highland County","Ohio","38","38","Highland County, Ohio","Population density 79 people/sq mi; gap vs county median 38","Public county population and density dataset from balsama/us_counties_data"
"39073","Hocking County","Ohio","24","24","Hocking County, Ohio","Population density 65 people/sq mi; gap vs county median 24","Public county population and density dataset from balsama/us_counties_data"
"39075","Holmes County","Ohio","65","65","Holmes County, Ohio","Population density 106 people/sq mi; gap vs county median 65","Public county population and density dataset from balsama/us_counties_data"
"39077","Huron County","Ohio","77","77","Huron County, Ohio","Population density 118 people/sq mi; gap vs county median 77","Public county population and density dataset from balsama/us_counties_data"
"39079","Jackson County","Ohio","37","37","Jackson County, Ohio","Population density 78 people/sq mi; gap vs county median 37","Public county population and density dataset from balsama/us_counties_data"
"39081","Jefferson County","Ohio","115","115","Jefferson County, Ohio","Population density 156 people/sq mi; gap vs county median 115","Public county population and density dataset from balsama/us_counties_data"
"39083","Knox County","Ohio","80","80","Knox County, Ohio","Population density 121 people/sq mi; gap vs county median 80","Public county population and density dataset from balsama/us_counties_data"
"39085","Lake County","Ohio","978","978","Lake County, Ohio","Population density 1019 people/sq mi; gap vs county median 978","Public county population and density dataset from balsama/us_counties_data"
"39087","Lawrence County","Ohio","82","82","Lawrence County, Ohio","Population density 123 people/sq mi; gap vs county median 82","Public county population and density dataset from balsama/us_counties_data"
"39089","Licking County","Ohio","229","229","Licking County, Ohio","Population density 270 people/sq mi; gap vs county median 229","Public county population and density dataset from balsama/us_counties_data"
"39091","Logan County","Ohio","60","60","Logan County, Ohio","Population density 101 people/sq mi; gap vs county median 60","Public county population and density dataset from balsama/us_counties_data"
"39093","Lorain County","Ohio","614","614","Lorain County, Ohio","Population density 655 people/sq mi; gap vs county median 614","Public county population and density dataset from balsama/us_counties_data"
"39095","Lucas County","Ohio","1213","1213","Lucas County, Ohio","Population density 1254 people/sq mi; gap vs county median 1213","Public county population and density dataset from balsama/us_counties_data"
"39097","Madison County","Ohio","57","57","Madison County, Ohio","Population density 98 people/sq mi; gap vs county median 57","Public county population and density dataset from balsama/us_counties_data"
"39099","Mahoning County","Ohio","503","503","Mahoning County, Ohio","Population density 544 people/sq mi; gap vs county median 503","Public county population and density dataset from balsama/us_counties_data"
"39101","Marion County","Ohio","120","120","Marion County, Ohio","Population density 161 people/sq mi; gap vs county median 120","Public county population and density dataset from balsama/us_counties_data"
"39103","Medina County","Ohio","395","395","Medina County, Ohio","Population density 436 people/sq mi; gap vs county median 395","Public county population and density dataset from balsama/us_counties_data"
"39105","Meigs County","Ohio","9","9","Meigs County, Ohio","Population density 50 people/sq mi; gap vs county median 9","Public county population and density dataset from balsama/us_counties_data"
"39107","Mercer County","Ohio","51","51","Mercer County, Ohio","Population density 92 people/sq mi; gap vs county median 51","Public county population and density dataset from balsama/us_counties_data"
"39109","Miami County","Ohio","234","234","Miami County, Ohio","Population density 275 people/sq mi; gap vs county median 234","Public county population and density dataset from balsama/us_counties_data"
"39111","Monroe County","Ohio","-12","12","Monroe County, Ohio","Population density 29 people/sq mi; gap vs county median -12","Public county population and density dataset from balsama/us_counties_data"
"39113","Montgomery County","Ohio","1125","1125","Montgomery County, Ohio","Population density 1166 people/sq mi; gap vs county median 1125","Public county population and density dataset from balsama/us_counties_data"
"39115","Morgan County","Ohio","-9","9","Morgan County, Ohio","Population density 32 people/sq mi; gap vs county median -9","Public county population and density dataset from balsama/us_counties_data"
"39117","Morrow County","Ohio","47","47","Morrow County, Ohio","Population density 88 people/sq mi; gap vs county median 47","Public county population and density dataset from balsama/us_counties_data"
"39119","Muskingum County","Ohio","89","89","Muskingum County, Ohio","Population density 130 people/sq mi; gap vs county median 89","Public county population and density dataset from balsama/us_counties_data"
"39121","Noble County","Ohio","-5","5","Noble County, Ohio","Population density 36 people/sq mi; gap vs county median -5","Public county population and density dataset from balsama/us_counties_data"
"39123","Ottawa County","Ohio","115","115","Ottawa County, Ohio","Population density 156 people/sq mi; gap vs county median 115","Public county population and density dataset from balsama/us_counties_data"
"39125","Paulding County","Ohio","4","4","Paulding County, Ohio","Population density 45 people/sq mi; gap vs county median 4","Public county population and density dataset from balsama/us_counties_data"
"39127","Perry County","Ohio","46","46","Perry County, Ohio","Population density 87 people/sq mi; gap vs county median 46","Public county population and density dataset from balsama/us_counties_data"
"39129","Pickaway County","Ohio","83","83","Pickaway County, Ohio","Population density 124 people/sq mi; gap vs county median 83","Public county population and density dataset from balsama/us_counties_data"
"39131","Pike County","Ohio","20","20","Pike County, Ohio","Population density 61 people/sq mi; gap vs county median 20","Public county population and density dataset from balsama/us_counties_data"
"39133","Portage County","Ohio","292","292","Portage County, Ohio","Population density 333 people/sq mi; gap vs county median 292","Public county population and density dataset from balsama/us_counties_data"
"39135","Preble County","Ohio","55","55","Preble County, Ohio","Population density 96 people/sq mi; gap vs county median 55","Public county population and density dataset from balsama/us_counties_data"
"39137","Putnam County","Ohio","30","30","Putnam County, Ohio","Population density 71 people/sq mi; gap vs county median 30","Public county population and density dataset from balsama/us_counties_data"
"39139","Richland County","Ohio","211","211","Richland County, Ohio","Population density 252 people/sq mi; gap vs county median 211","Public county population and density dataset from balsama/us_counties_data"
"39141","Ross County","Ohio","70","70","Ross County, Ohio","Population density 111 people/sq mi; gap vs county median 70","Public county population and density dataset from balsama/us_counties_data"
"39143","Sandusky County","Ohio","103","103","Sandusky County, Ohio","Population density 144 people/sq mi; gap vs county median 103","Public county population and density dataset from balsama/us_counties_data"
"39145","Scioto County","Ohio","76","76","Scioto County, Ohio","Population density 117 people/sq mi; gap vs county median 76","Public county population and density dataset from balsama/us_counties_data"
"39147","Seneca County","Ohio","59","59","Seneca County, Ohio","Population density 100 people/sq mi; gap vs county median 59","Public county population and density dataset from balsama/us_counties_data"
"39149","Shelby County","Ohio","76","76","Shelby County, Ohio","Population density 117 people/sq mi; gap vs county median 76","Public county population and density dataset from balsama/us_counties_data"
"39151","Stark County","Ohio","608","608","Stark County, Ohio","Population density 649 people/sq mi; gap vs county median 608","Public county population and density dataset from balsama/us_counties_data"
"39153","Summit County","Ohio","1244","1244","Summit County, Ohio","Population density 1285 people/sq mi; gap vs county median 1244","Public county population and density dataset from balsama/us_counties_data"
"39155","Trumbull County","Ohio","284","284","Trumbull County, Ohio","Population density 325 people/sq mi; gap vs county median 284","Public county population and density dataset from balsama/us_counties_data"
"39157","Tuscarawas County","Ohio","121","121","Tuscarawas County, Ohio","Population density 162 people/sq mi; gap vs county median 121","Public county population and density dataset from balsama/us_counties_data"
"39159","Union County","Ohio","123","123","Union County, Ohio","Population density 164 people/sq mi; gap vs county median 123","Public county population and density dataset from balsama/us_counties_data"
"39161","Van Wert County","Ohio","29","29","Van Wert County, Ohio","Population density 70 people/sq mi; gap vs county median 29","Public county population and density dataset from balsama/us_counties_data"
"39163","Vinton County","Ohio","-11","11","Vinton County, Ohio","Population density 30 people/sq mi; gap vs county median -11","Public county population and density dataset from balsama/us_counties_data"
"39165","Warren County","Ohio","601","601","Warren County, Ohio","Population density 642 people/sq mi; gap vs county median 601","Public county population and density dataset from balsama/us_counties_data"
"39167","Washington County","Ohio","51","51","Washington County, Ohio","Population density 92 people/sq mi; gap vs county median 51","Public county population and density dataset from balsama/us_counties_data"
"39169","Wayne County","Ohio","169","169","Wayne County, Ohio","Population density 210 people/sq mi; gap vs county median 169","Public county population and density dataset from balsama/us_counties_data"
"39171","Williams County","Ohio","46","46","Williams County, Ohio","Population density 87 people/sq mi; gap vs county median 46","Public county population and density dataset from balsama/us_counties_data"
"39173","Wood County","Ohio","175","175","Wood County, Ohio","Population density 216 people/sq mi; gap vs county median 175","Public county population and density dataset from balsama/us_counties_data"
"39175","Wyandot County","Ohio","12","12","Wyandot County, Ohio","Population density 53 people/sq mi; gap vs county median 12","Public county population and density dataset from balsama/us_counties_data"
"40001","Adair County","Oklahoma","-7","7","Adair County, Oklahoma","Population density 34 people/sq mi; gap vs county median -7","Public county population and density dataset from balsama/us_counties_data"
"40003","Alfalfa County","Oklahoma","-34","34","Alfalfa County, Oklahoma","Population density 7 people/sq mi; gap vs county median -34","Public county population and density dataset from balsama/us_counties_data"
"40005","Atoka County","Oklahoma","-26","26","Atoka County, Oklahoma","Population density 15 people/sq mi; gap vs county median -26","Public county population and density dataset from balsama/us_counties_data"
"40007","Beaver County","Oklahoma","-38","38","Beaver County, Oklahoma","Population density 3 people/sq mi; gap vs county median -38","Public county population and density dataset from balsama/us_counties_data"
"40009","Beckham County","Oklahoma","-16","16","Beckham County, Oklahoma","Population density 25 people/sq mi; gap vs county median -16","Public county population and density dataset from balsama/us_counties_data"
"40011","Blaine County","Oklahoma","-32","32","Blaine County, Oklahoma","Population density 9 people/sq mi; gap vs county median -32","Public county population and density dataset from balsama/us_counties_data"
"40013","Bryan County","Oklahoma","14","14","Bryan County, Oklahoma","Population density 55 people/sq mi; gap vs county median 14","Public county population and density dataset from balsama/us_counties_data"
"40015","Caddo County","Oklahoma","-20","20","Caddo County, Oklahoma","Population density 21 people/sq mi; gap vs county median -20","Public county population and density dataset from balsama/us_counties_data"
"40017","Canadian County","Oklahoma","161","161","Canadian County, Oklahoma","Population density 202 people/sq mi; gap vs county median 161","Public county population and density dataset from balsama/us_counties_data"
"40019","Carter County","Oklahoma","19","19","Carter County, Oklahoma","Population density 60 people/sq mi; gap vs county median 19","Public county population and density dataset from balsama/us_counties_data"
"40021","Cherokee County","Oklahoma","24","24","Cherokee County, Oklahoma","Population density 65 people/sq mi; gap vs county median 24","Public county population and density dataset from balsama/us_counties_data"
"40023","Choctaw County","Oklahoma","-23","23","Choctaw County, Oklahoma","Population density 18 people/sq mi; gap vs county median -23","Public county population and density dataset from balsama/us_counties_data"
"40025","Cimarron County","Oklahoma","-40","40","Cimarron County, Oklahoma","Population density 1 people/sq mi; gap vs county median -40","Public county population and density dataset from balsama/us_counties_data"
"40027","Cleveland County","Oklahoma","526","526","Cleveland County, Oklahoma","Population density 567 people/sq mi; gap vs county median 526","Public county population and density dataset from balsama/us_counties_data"
"40029","Coal County","Oklahoma","-31","31","Coal County, Oklahoma","Population density 10 people/sq mi; gap vs county median -31","Public county population and density dataset from balsama/us_counties_data"
"40031","Comanche County","Oklahoma","73","73","Comanche County, Oklahoma","Population density 114 people/sq mi; gap vs county median 73","Public county population and density dataset from balsama/us_counties_data"
"40033","Cotton County","Oklahoma","-32","32","Cotton County, Oklahoma","Population density 9 people/sq mi; gap vs county median -32","Public county population and density dataset from balsama/us_counties_data"
"40035","Craig County","Oklahoma","-22","22","Craig County, Oklahoma","Population density 19 people/sq mi; gap vs county median -22","Public county population and density dataset from balsama/us_counties_data"
"40037","Creek County","Oklahoma","36","36","Creek County, Oklahoma","Population density 77 people/sq mi; gap vs county median 36","Public county population and density dataset from balsama/us_counties_data"
"40039","Custer County","Oklahoma","-12","12","Custer County, Oklahoma","Population density 29 people/sq mi; gap vs county median -12","Public county population and density dataset from balsama/us_counties_data"
"40041","Delaware County","Oklahoma","15","15","Delaware County, Oklahoma","Population density 56 people/sq mi; gap vs county median 15","Public county population and density dataset from balsama/us_counties_data"
"40043","Dewey County","Oklahoma","-37","37","Dewey County, Oklahoma","Population density 4 people/sq mi; gap vs county median -37","Public county population and density dataset from balsama/us_counties_data"
"40045","Ellis County","Oklahoma","-38","38","Ellis County, Oklahoma","Population density 3 people/sq mi; gap vs county median -38","Public county population and density dataset from balsama/us_counties_data"
"40047","Garfield County","Oklahoma","18","18","Garfield County, Oklahoma","Population density 59 people/sq mi; gap vs county median 18","Public county population and density dataset from balsama/us_counties_data"
"40049","Garvin County","Oklahoma","-9","9","Garvin County, Oklahoma","Population density 32 people/sq mi; gap vs county median -9","Public county population and density dataset from balsama/us_counties_data"
"40051","Grady County","Oklahoma","12","12","Grady County, Oklahoma","Population density 53 people/sq mi; gap vs county median 12","Public county population and density dataset from balsama/us_counties_data"
"40053","Grant County","Oklahoma","-37","37","Grant County, Oklahoma","Population density 4 people/sq mi; gap vs county median -37","Public county population and density dataset from balsama/us_counties_data"
"40055","Greer County","Oklahoma","-32","32","Greer County, Oklahoma","Population density 9 people/sq mi; gap vs county median -32","Public county population and density dataset from balsama/us_counties_data"
"40057","Harmon County","Oklahoma","-37","37","Harmon County, Oklahoma","Population density 4 people/sq mi; gap vs county median -37","Public county population and density dataset from balsama/us_counties_data"
"40059","Harper County","Oklahoma","-38","38","Harper County, Oklahoma","Population density 3 people/sq mi; gap vs county median -38","Public county population and density dataset from balsama/us_counties_data"
"40061","Haskell County","Oklahoma","-21","21","Haskell County, Oklahoma","Population density 20 people/sq mi; gap vs county median -21","Public county population and density dataset from balsama/us_counties_data"
"40063","Hughes County","Oklahoma","-24","24","Hughes County, Oklahoma","Population density 17 people/sq mi; gap vs county median -24","Public county population and density dataset from balsama/us_counties_data"
"40065","Jackson County","Oklahoma","-10","10","Jackson County, Oklahoma","Population density 31 people/sq mi; gap vs county median -10","Public county population and density dataset from balsama/us_counties_data"
"40067","Jefferson County","Oklahoma","-34","34","Jefferson County, Oklahoma","Population density 7 people/sq mi; gap vs county median -34","Public county population and density dataset from balsama/us_counties_data"
"40069","Johnston County","Oklahoma","-25","25","Johnston County, Oklahoma","Population density 16 people/sq mi; gap vs county median -25","Public county population and density dataset from balsama/us_counties_data"
"40071","Kay County","Oklahoma","6","6","Kay County, Oklahoma","Population density 47 people/sq mi; gap vs county median 6","Public county population and density dataset from balsama/us_counties_data"
"40073","Kingfisher County","Oklahoma","-23","23","Kingfisher County, Oklahoma","Population density 18 people/sq mi; gap vs county median -23","Public county population and density dataset from balsama/us_counties_data"
"40075","Kiowa County","Oklahoma","-33","33","Kiowa County, Oklahoma","Population density 8 people/sq mi; gap vs county median -33","Public county population and density dataset from balsama/us_counties_data"
"40077","Latimer County","Oklahoma","-28","28","Latimer County, Oklahoma","Population density 13 people/sq mi; gap vs county median -28","Public county population and density dataset from balsama/us_counties_data"
"40079","LeFlore County","Oklahoma","-10","10","LeFlore County, Oklahoma","Population density 31 people/sq mi; gap vs county median -10","Public county population and density dataset from balsama/us_counties_data"
"40081","Lincoln County","Oklahoma","-5","5","Lincoln County, Oklahoma","Population density 36 people/sq mi; gap vs county median -5","Public county population and density dataset from balsama/us_counties_data"
"40083","Logan County","Oklahoma","31","31","Logan County, Oklahoma","Population density 72 people/sq mi; gap vs county median 31","Public county population and density dataset from balsama/us_counties_data"
"40085","Love County","Oklahoma","-21","21","Love County, Oklahoma","Population density 20 people/sq mi; gap vs county median -21","Public county population and density dataset from balsama/us_counties_data"
"40087","McClain County","Oklahoma","44","44","McClain County, Oklahoma","Population density 85 people/sq mi; gap vs county median 44","Public county population and density dataset from balsama/us_counties_data"
"40089","McCurtain County","Oklahoma","-24","24","McCurtain County, Oklahoma","Population density 17 people/sq mi; gap vs county median -24","Public county population and density dataset from balsama/us_counties_data"
"40091","McIntosh County","Oklahoma","-9","9","McIntosh County, Oklahoma","Population density 32 people/sq mi; gap vs county median -9","Public county population and density dataset from balsama/us_counties_data"
"40093","Major County","Oklahoma","-33","33","Major County, Oklahoma","Population density 8 people/sq mi; gap vs county median -33","Public county population and density dataset from balsama/us_counties_data"
"40095","Marshall County","Oklahoma","3","3","Marshall County, Oklahoma","Population density 44 people/sq mi; gap vs county median 3","Public county population and density dataset from balsama/us_counties_data"
"40097","Mayes County","Oklahoma","20","20","Mayes County, Oklahoma","Population density 61 people/sq mi; gap vs county median 20","Public county population and density dataset from balsama/us_counties_data"
"40099","Murray County","Oklahoma","-8","8","Murray County, Oklahoma","Population density 33 people/sq mi; gap vs county median -8","Public county population and density dataset from balsama/us_counties_data"
"40101","Muskogee County","Oklahoma","41","41","Muskogee County, Oklahoma","Population density 82 people/sq mi; gap vs county median 41","Public county population and density dataset from balsama/us_counties_data"
"40103","Noble County","Oklahoma","-26","26","Noble County, Oklahoma","Population density 15 people/sq mi; gap vs county median -26","Public county population and density dataset from balsama/us_counties_data"
"40105","Nowata County","Oklahoma","-24","24","Nowata County, Oklahoma","Population density 17 people/sq mi; gap vs county median -24","Public county population and density dataset from balsama/us_counties_data"
"40107","Okfuskee County","Oklahoma","-23","23","Okfuskee County, Oklahoma","Population density 18 people/sq mi; gap vs county median -23","Public county population and density dataset from balsama/us_counties_data"
"40109","Oklahoma County","Oklahoma","1111","1111","Oklahoma County, Oklahoma","Population density 1152 people/sq mi; gap vs county median 1111","Public county population and density dataset from balsama/us_counties_data"
"40111","Okmulgee County","Oklahoma","12","12","Okmulgee County, Oklahoma","Population density 53 people/sq mi; gap vs county median 12","Public county population and density dataset from balsama/us_counties_data"
"40113","Osage County","Oklahoma","-20","20","Osage County, Oklahoma","Population density 21 people/sq mi; gap vs county median -20","Public county population and density dataset from balsama/us_counties_data"
"40115","Ottawa County","Oklahoma","24","24","Ottawa County, Oklahoma","Population density 65 people/sq mi; gap vs county median 24","Public county population and density dataset from balsama/us_counties_data"
"40117","Pawnee County","Oklahoma","-13","13","Pawnee County, Oklahoma","Population density 28 people/sq mi; gap vs county median -13","Public county population and density dataset from balsama/us_counties_data"
"40119","Payne County","Oklahoma","82","82","Payne County, Oklahoma","Population density 123 people/sq mi; gap vs county median 82","Public county population and density dataset from balsama/us_counties_data"
"40121","Pittsburg County","Oklahoma","-8","8","Pittsburg County, Oklahoma","Population density 33 people/sq mi; gap vs county median -8","Public county population and density dataset from balsama/us_counties_data"
"40123","Pontotoc County","Oklahoma","12","12","Pontotoc County, Oklahoma","Population density 53 people/sq mi; gap vs county median 12","Public county population and density dataset from balsama/us_counties_data"
"40125","Pottawatomie County","Oklahoma","53","53","Pottawatomie County, Oklahoma","Population density 94 people/sq mi; gap vs county median 53","Public county population and density dataset from balsama/us_counties_data"
"40127","Pushmataha County","Oklahoma","-33","33","Pushmataha County, Oklahoma","Population density 8 people/sq mi; gap vs county median -33","Public county population and density dataset from balsama/us_counties_data"
"40129","Roger Mills County","Oklahoma","-38","38","Roger Mills County, Oklahoma","Population density 3 people/sq mi; gap vs county median -38","Public county population and density dataset from balsama/us_counties_data"
"40131","Rogers County","Oklahoma","109","109","Rogers County, Oklahoma","Population density 150 people/sq mi; gap vs county median 109","Public county population and density dataset from balsama/us_counties_data"
"40133","Seminole County","Oklahoma","-4","4","Seminole County, Oklahoma","Population density 37 people/sq mi; gap vs county median -4","Public county population and density dataset from balsama/us_counties_data"
"40135","Sequoyah County","Oklahoma","19","19","Sequoyah County, Oklahoma","Population density 60 people/sq mi; gap vs county median 19","Public county population and density dataset from balsama/us_counties_data"
"40137","Stephens County","Oklahoma","9","9","Stephens County, Oklahoma","Population density 50 people/sq mi; gap vs county median 9","Public county population and density dataset from balsama/us_counties_data"
"40139","Texas County","Oklahoma","-31","31","Texas County, Oklahoma","Population density 10 people/sq mi; gap vs county median -31","Public county population and density dataset from balsama/us_counties_data"
"40141","Tillman County","Oklahoma","-33","33","Tillman County, Oklahoma","Population density 8 people/sq mi; gap vs county median -33","Public county population and density dataset from balsama/us_counties_data"
"40143","Tulsa County","Oklahoma","1176","1176","Tulsa County, Oklahoma","Population density 1217 people/sq mi; gap vs county median 1176","Public county population and density dataset from balsama/us_counties_data"
"40145","Wagoner County","Oklahoma","121","121","Wagoner County, Oklahoma","Population density 162 people/sq mi; gap vs county median 121","Public county population and density dataset from balsama/us_counties_data"
"40147","Washington County","Oklahoma","89","89","Washington County, Oklahoma","Population density 130 people/sq mi; gap vs county median 89","Public county population and density dataset from balsama/us_counties_data"
"40149","Washita County","Oklahoma","-30","30","Washita County, Oklahoma","Population density 11 people/sq mi; gap vs county median -30","Public county population and density dataset from balsama/us_counties_data"
"40151","Woods County","Oklahoma","-34","34","Woods County, Oklahoma","Population density 7 people/sq mi; gap vs county median -34","Public county population and density dataset from balsama/us_counties_data"
"40153","Woodward County","Oklahoma","-25","25","Woodward County, Oklahoma","Population density 16 people/sq mi; gap vs county median -25","Public county population and density dataset from balsama/us_counties_data"
"41001","Baker County","Oregon","-36","36","Baker County, Oregon","Population density 5 people/sq mi; gap vs county median -36","Public county population and density dataset from balsama/us_counties_data"
"41003","Benton County","Oregon","105","105","Benton County, Oregon","Population density 146 people/sq mi; gap vs county median 105","Public county population and density dataset from balsama/us_counties_data"
"41005","Clackamas County","Oregon","187","187","Clackamas County, Oregon","Population density 228 people/sq mi; gap vs county median 187","Public county population and density dataset from balsama/us_counties_data"
"41007","Clatsop County","Oregon","9","9","Clatsop County, Oregon","Population density 50 people/sq mi; gap vs county median 9","Public county population and density dataset from balsama/us_counties_data"
"41009","Columbia County","Oregon","41","41","Columbia County, Oregon","Population density 82 people/sq mi; gap vs county median 41","Public county population and density dataset from balsama/us_counties_data"
"41011","Coos County","Oregon","-1","1","Coos County, Oregon","Population density 40 people/sq mi; gap vs county median -1","Public county population and density dataset from balsama/us_counties_data"
"41013","Crook County","Oregon","-32","32","Crook County, Oregon","Population density 9 people/sq mi; gap vs county median -32","Public county population and density dataset from balsama/us_counties_data"
"41015","Curry County","Oregon","-27","27","Curry County, Oregon","Population density 14 people/sq mi; gap vs county median -27","Public county population and density dataset from balsama/us_counties_data"
"41017","Deschutes County","Oregon","29","29","Deschutes County, Oregon","Population density 70 people/sq mi; gap vs county median 29","Public county population and density dataset from balsama/us_counties_data"
"41019","Douglas County","Oregon","-19","19","Douglas County, Oregon","Population density 22 people/sq mi; gap vs county median -19","Public county population and density dataset from balsama/us_counties_data"
"41021","Gilliam County","Oregon","-39","39","Gilliam County, Oregon","Population density 2 people/sq mi; gap vs county median -39","Public county population and density dataset from balsama/us_counties_data"
"41023","Grant County","Oregon","-39","39","Grant County, Oregon","Population density 2 people/sq mi; gap vs county median -39","Public county population and density dataset from balsama/us_counties_data"
"41025","Harney County","Oregon","-40","40","Harney County, Oregon","Population density 1 people/sq mi; gap vs county median -40","Public county population and density dataset from balsama/us_counties_data"
"41027","Hood River County","Oregon","5","5","Hood River County, Oregon","Population density 46 people/sq mi; gap vs county median 5","Public county population and density dataset from balsama/us_counties_data"
"41029","Jackson County","Oregon","38","38","Jackson County, Oregon","Population density 79 people/sq mi; gap vs county median 38","Public county population and density dataset from balsama/us_counties_data"
"41031","Jefferson County","Oregon","-27","27","Jefferson County, Oregon","Population density 14 people/sq mi; gap vs county median -27","Public county population and density dataset from balsama/us_counties_data"
"41033","Josephine County","Oregon","13","13","Josephine County, Oregon","Population density 54 people/sq mi; gap vs county median 13","Public county population and density dataset from balsama/us_counties_data"
"41035","Klamath County","Oregon","-29","29","Klamath County, Oregon","Population density 12 people/sq mi; gap vs county median -29","Public county population and density dataset from balsama/us_counties_data"
"41037","Lake County","Oregon","-40","40","Lake County, Oregon","Population density 1 people/sq mi; gap vs county median -40","Public county population and density dataset from balsama/us_counties_data"
"41039","Lane County","Oregon","43","43","Lane County, Oregon","Population density 84 people/sq mi; gap vs county median 43","Public county population and density dataset from balsama/us_counties_data"
"41041","Lincoln County","Oregon","11","11","Lincoln County, Oregon","Population density 52 people/sq mi; gap vs county median 11","Public county population and density dataset from balsama/us_counties_data"
"41043","Linn County","Oregon","17","17","Linn County, Oregon","Population density 58 people/sq mi; gap vs county median 17","Public county population and density dataset from balsama/us_counties_data"
"41045","Malheur County","Oregon","-38","38","Malheur County, Oregon","Population density 3 people/sq mi; gap vs county median -38","Public county population and density dataset from balsama/us_counties_data"
"41047","Marion County","Oregon","257","257","Marion County, Oregon","Population density 298 people/sq mi; gap vs county median 257","Public county population and density dataset from balsama/us_counties_data"
"41049","Morrow County","Oregon","-35","35","Morrow County, Oregon","Population density 6 people/sq mi; gap vs county median -35","Public county population and density dataset from balsama/us_counties_data"
"41051","Multnomah County","Oregon","1789","1789","Multnomah County, Oregon","Population density 1830 people/sq mi; gap vs county median 1789","Public county population and density dataset from balsama/us_counties_data"
"41053","Polk County","Oregon","81","81","Polk County, Oregon","Population density 122 people/sq mi; gap vs county median 81","Public county population and density dataset from balsama/us_counties_data"
"41055","Sherman County","Oregon","-39","39","Sherman County, Oregon","Population density 2 people/sq mi; gap vs county median -39","Public county population and density dataset from balsama/us_counties_data"
"41057","Tillamook County","Oregon","-16","16","Tillamook County, Oregon","Population density 25 people/sq mi; gap vs county median -16","Public county population and density dataset from balsama/us_counties_data"
"41059","Umatilla County","Oregon","-16","16","Umatilla County, Oregon","Population density 25 people/sq mi; gap vs county median -16","Public county population and density dataset from balsama/us_counties_data"
"41061","Union County","Oregon","-28","28","Union County, Oregon","Population density 13 people/sq mi; gap vs county median -28","Public county population and density dataset from balsama/us_counties_data"
"41063","Wallowa County","Oregon","-39","39","Wallowa County, Oregon","Population density 2 people/sq mi; gap vs county median -39","Public county population and density dataset from balsama/us_counties_data"
"41065","Wasco County","Oregon","-30","30","Wasco County, Oregon","Population density 11 people/sq mi; gap vs county median -30","Public county population and density dataset from balsama/us_counties_data"
"41067","Washington County","Oregon","803","803","Washington County, Oregon","Population density 844 people/sq mi; gap vs county median 803","Public county population and density dataset from balsama/us_counties_data"
"41069","Wheeler County","Oregon","-40","40","Wheeler County, Oregon","Population density 1 people/sq mi; gap vs county median -40","Public county population and density dataset from balsama/us_counties_data"
"41071","Yamhill County","Oregon","114","114","Yamhill County, Oregon","Population density 155 people/sq mi; gap vs county median 114","Public county population and density dataset from balsama/us_counties_data"
"42001","Adams County","Pennsylvania","166","166","Adams County, Pennsylvania","Population density 207 people/sq mi; gap vs county median 166","Public county population and density dataset from balsama/us_counties_data"
"42003","Allegheny County","Pennsylvania","1612","1612","Allegheny County, Pennsylvania","Population density 1653 people/sq mi; gap vs county median 1612","Public county population and density dataset from balsama/us_counties_data"
"42005","Armstrong County","Pennsylvania","55","55","Armstrong County, Pennsylvania","Population density 96 people/sq mi; gap vs county median 55","Public county population and density dataset from balsama/us_counties_data"
"42007","Beaver County","Pennsylvania","332","332","Beaver County, Pennsylvania","Population density 373 people/sq mi; gap vs county median 332","Public county population and density dataset from balsama/us_counties_data"
"42009","Bedford County","Pennsylvania","6","6","Bedford County, Pennsylvania","Population density 47 people/sq mi; gap vs county median 6","Public county population and density dataset from balsama/us_counties_data"
"42011","Berks County","Pennsylvania","466","466","Berks County, Pennsylvania","Population density 507 people/sq mi; gap vs county median 466","Public county population and density dataset from balsama/us_counties_data"
"42013","Blair County","Pennsylvania","187","187","Blair County, Pennsylvania","Population density 228 people/sq mi; gap vs county median 187","Public county population and density dataset from balsama/us_counties_data"
"42015","Bradford County","Pennsylvania","10","10","Bradford County, Pennsylvania","Population density 51 people/sq mi; gap vs county median 10","Public county population and density dataset from balsama/us_counties_data"
"42017","Bucks County","Pennsylvania","1004","1004","Bucks County, Pennsylvania","Population density 1045 people/sq mi; gap vs county median 1004","Public county population and density dataset from balsama/us_counties_data"
"42019","Butler County","Pennsylvania","210","210","Butler County, Pennsylvania","Population density 251 people/sq mi; gap vs county median 210","Public county population and density dataset from balsama/us_counties_data"
"42021","Cambria County","Pennsylvania","147","147","Cambria County, Pennsylvania","Population density 188 people/sq mi; gap vs county median 147","Public county population and density dataset from balsama/us_counties_data"
"42023","Cameron County","Pennsylvania","-30","30","Cameron County, Pennsylvania","Population density 11 people/sq mi; gap vs county median -30","Public county population and density dataset from balsama/us_counties_data"
"42025","Carbon County","Pennsylvania","129","129","Carbon County, Pennsylvania","Population density 170 people/sq mi; gap vs county median 129","Public county population and density dataset from balsama/us_counties_data"
"42027","Centre County","Pennsylvania","103","103","Centre County, Pennsylvania","Population density 144 people/sq mi; gap vs county median 103","Public county population and density dataset from balsama/us_counties_data"
"42029","Chester County","Pennsylvania","697","697","Chester County, Pennsylvania","Population density 738 people/sq mi; gap vs county median 697","Public county population and density dataset from balsama/us_counties_data"
"42031","Clarion County","Pennsylvania","20","20","Clarion County, Pennsylvania","Population density 61 people/sq mi; gap vs county median 20","Public county population and density dataset from balsama/us_counties_data"
"42033","Clearfield County","Pennsylvania","27","27","Clearfield County, Pennsylvania","Population density 68 people/sq mi; gap vs county median 27","Public county population and density dataset from balsama/us_counties_data"
"42035","Clinton County","Pennsylvania","1","1","Clinton County, Pennsylvania","Population density 42 people/sq mi; gap vs county median 1","Public county population and density dataset from balsama/us_counties_data"
"42037","Columbia County","Pennsylvania","94","94","Columbia County, Pennsylvania","Population density 135 people/sq mi; gap vs county median 94","Public county population and density dataset from balsama/us_counties_data"
"42039","Crawford County","Pennsylvania","38","38","Crawford County, Pennsylvania","Population density 79 people/sq mi; gap vs county median 38","Public county population and density dataset from balsama/us_counties_data"
"42041","Cumberland County","Pennsylvania","459","459","Cumberland County, Pennsylvania","Population density 500 people/sq mi; gap vs county median 459","Public county population and density dataset from balsama/us_counties_data"
"42043","Dauphin County","Pennsylvania","484","484","Dauphin County, Pennsylvania","Population density 525 people/sq mi; gap vs county median 484","Public county population and density dataset from balsama/us_counties_data"
"42045","Delaware County","Pennsylvania","3021","3021","Delaware County, Pennsylvania","Population density 3062 people/sq mi; gap vs county median 3021","Public county population and density dataset from balsama/us_counties_data"
"42047","Elk County","Pennsylvania","-5","5","Elk County, Pennsylvania","Population density 36 people/sq mi; gap vs county median -5","Public county population and density dataset from balsama/us_counties_data"
"42049","Erie County","Pennsylvania","294","294","Erie County, Pennsylvania","Population density 335 people/sq mi; gap vs county median 294","Public county population and density dataset from balsama/us_counties_data"
"42051","Fayette County","Pennsylvania","114","114","Fayette County, Pennsylvania","Population density 155 people/sq mi; gap vs county median 114","Public county population and density dataset from balsama/us_counties_data"
"42053","Forest County","Pennsylvania","-26","26","Forest County, Pennsylvania","Population density 15 people/sq mi; gap vs county median -26","Public county population and density dataset from balsama/us_counties_data"
"42055","Franklin County","Pennsylvania","166","166","Franklin County, Pennsylvania","Population density 207 people/sq mi; gap vs county median 166","Public county population and density dataset from balsama/us_counties_data"
"42057","Fulton County","Pennsylvania","-8","8","Fulton County, Pennsylvania","Population density 33 people/sq mi; gap vs county median -8","Public county population and density dataset from balsama/us_counties_data"
"42059","Greene County","Pennsylvania","18","18","Greene County, Pennsylvania","Population density 59 people/sq mi; gap vs county median 18","Public county population and density dataset from balsama/us_counties_data"
"42061","Huntingdon County","Pennsylvania","8","8","Huntingdon County, Pennsylvania","Population density 49 people/sq mi; gap vs county median 8","Public county population and density dataset from balsama/us_counties_data"
"42063","Indiana County","Pennsylvania","58","58","Indiana County, Pennsylvania","Population density 99 people/sq mi; gap vs county median 58","Public county population and density dataset from balsama/us_counties_data"
"42065","Jefferson County","Pennsylvania","25","25","Jefferson County, Pennsylvania","Population density 66 people/sq mi; gap vs county median 25","Public county population and density dataset from balsama/us_counties_data"
"42067","Juniata County","Pennsylvania","18","18","Juniata County, Pennsylvania","Population density 59 people/sq mi; gap vs county median 18","Public county population and density dataset from balsama/us_counties_data"
"42069","Lackawanna County","Pennsylvania","425","425","Lackawanna County, Pennsylvania","Population density 466 people/sq mi; gap vs county median 425","Public county population and density dataset from balsama/us_counties_data"
"42071","Lancaster County","Pennsylvania","531","531","Lancaster County, Pennsylvania","Population density 572 people/sq mi; gap vs county median 531","Public county population and density dataset from balsama/us_counties_data"
"42073","Lawrence County","Pennsylvania","191","191","Lawrence County, Pennsylvania","Population density 232 people/sq mi; gap vs county median 191","Public county population and density dataset from balsama/us_counties_data"
"42075","Lebanon County","Pennsylvania","359","359","Lebanon County, Pennsylvania","Population density 400 people/sq mi; gap vs county median 359","Public county population and density dataset from balsama/us_counties_data"
"42077","Lehigh County","Pennsylvania","1064","1064","Lehigh County, Pennsylvania","Population density 1105 people/sq mi; gap vs county median 1064","Public county population and density dataset from balsama/us_counties_data"
"42079","Luzerne County","Pennsylvania","324","324","Luzerne County, Pennsylvania","Population density 365 people/sq mi; gap vs county median 324","Public county population and density dataset from balsama/us_counties_data"
"42081","Lycoming County","Pennsylvania","50","50","Lycoming County, Pennsylvania","Population density 91 people/sq mi; gap vs county median 50","Public county population and density dataset from balsama/us_counties_data"
"42083","McKean County","Pennsylvania","-1","1","McKean County, Pennsylvania","Population density 40 people/sq mi; gap vs county median -1","Public county population and density dataset from balsama/us_counties_data"
"42085","Mercer County","Pennsylvania","117","117","Mercer County, Pennsylvania","Population density 158 people/sq mi; gap vs county median 117","Public county population and density dataset from balsama/us_counties_data"
"42087","Mifflin County","Pennsylvania","70","70","Mifflin County, Pennsylvania","Population density 111 people/sq mi; gap vs county median 70","Public county population and density dataset from balsama/us_counties_data"
"42089","Monroe County","Pennsylvania","229","229","Monroe County, Pennsylvania","Population density 270 people/sq mi; gap vs county median 229","Public county population and density dataset from balsama/us_counties_data"
"42091","Montgomery County","Pennsylvania","1764","1764","Montgomery County, Pennsylvania","Population density 1805 people/sq mi; gap vs county median 1764","Public county population and density dataset from balsama/us_counties_data"
"42093","Montour County","Pennsylvania","96","96","Montour County, Pennsylvania","Population density 137 people/sq mi; gap vs county median 96","Public county population and density dataset from balsama/us_counties_data"
"42095","Northampton County","Pennsylvania","816","816","Northampton County, Pennsylvania","Population density 857 people/sq mi; gap vs county median 816","Public county population and density dataset from balsama/us_counties_data"
"42097","Northumberland County","Pennsylvania","148","148","Northumberland County, Pennsylvania","Population density 189 people/sq mi; gap vs county median 148","Public county population and density dataset from balsama/us_counties_data"
"42099","Perry County","Pennsylvania","43","43","Perry County, Pennsylvania","Population density 84 people/sq mi; gap vs county median 43","Public county population and density dataset from balsama/us_counties_data"
"42101","Philadelphia County","Pennsylvania","10965","10965","Philadelphia County, Pennsylvania","Population density 11006 people/sq mi; gap vs county median 10965","Public county population and density dataset from balsama/us_counties_data"
"42103","Pike County","Pennsylvania","69","69","Pike County, Pennsylvania","Population density 110 people/sq mi; gap vs county median 69","Public county population and density dataset from balsama/us_counties_data"
"42105","Potter County","Pennsylvania","-26","26","Potter County, Pennsylvania","Population density 15 people/sq mi; gap vs county median -26","Public county population and density dataset from balsama/us_counties_data"
"42107","Schuylkill County","Pennsylvania","145","145","Schuylkill County, Pennsylvania","Population density 186 people/sq mi; gap vs county median 145","Public county population and density dataset from balsama/us_counties_data"
"42109","Snyder County","Pennsylvania","78","78","Snyder County, Pennsylvania","Population density 119 people/sq mi; gap vs county median 78","Public county population and density dataset from balsama/us_counties_data"
"42111","Somerset County","Pennsylvania","26","26","Somerset County, Pennsylvania","Population density 67 people/sq mi; gap vs county median 26","Public county population and density dataset from balsama/us_counties_data"
"42113","Sullivan County","Pennsylvania","-28","28","Sullivan County, Pennsylvania","Population density 13 people/sq mi; gap vs county median -28","Public county population and density dataset from balsama/us_counties_data"
"42115","Susquehanna County","Pennsylvania","5","5","Susquehanna County, Pennsylvania","Population density 46 people/sq mi; gap vs county median 5","Public county population and density dataset from balsama/us_counties_data"
"42117","Tioga County","Pennsylvania","-5","5","Tioga County, Pennsylvania","Population density 36 people/sq mi; gap vs county median -5","Public county population and density dataset from balsama/us_counties_data"
"42119","Union County","Pennsylvania","92","92","Union County, Pennsylvania","Population density 133 people/sq mi; gap vs county median 92","Public county population and density dataset from balsama/us_counties_data"
"42121","Venango County","Pennsylvania","31","31","Venango County, Pennsylvania","Population density 72 people/sq mi; gap vs county median 31","Public county population and density dataset from balsama/us_counties_data"
"42123","Warren County","Pennsylvania","1","1","Warren County, Pennsylvania","Population density 42 people/sq mi; gap vs county median 1","Public county population and density dataset from balsama/us_counties_data"
"42125","Washington County","Pennsylvania","203","203","Washington County, Pennsylvania","Population density 244 people/sq mi; gap vs county median 203","Public county population and density dataset from balsama/us_counties_data"
"42127","Wayne County","Pennsylvania","27","27","Wayne County, Pennsylvania","Population density 68 people/sq mi; gap vs county median 27","Public county population and density dataset from balsama/us_counties_data"
"42129","Westmoreland County","Pennsylvania","298","298","Westmoreland County, Pennsylvania","Population density 339 people/sq mi; gap vs county median 298","Public county population and density dataset from balsama/us_counties_data"
"42131","Wyoming County","Pennsylvania","23","23","Wyoming County, Pennsylvania","Population density 64 people/sq mi; gap vs county median 23","Public county population and density dataset from balsama/us_counties_data"
"42133","York County","Pennsylvania","477","477","York County, Pennsylvania","Population density 518 people/sq mi; gap vs county median 477","Public county population and density dataset from balsama/us_counties_data"
"44001","Bristol County","Rhode Island","2048","2048","Bristol County, Rhode Island","Population density 2089 people/sq mi; gap vs county median 2048","Public county population and density dataset from balsama/us_counties_data"
"44003","Kent County","Rhode Island","985","985","Kent County, Rhode Island","Population density 1026 people/sq mi; gap vs county median 985","Public county population and density dataset from balsama/us_counties_data"
"44005","Newport County","Rhode Island","777","777","Newport County, Rhode Island","Population density 818 people/sq mi; gap vs county median 777","Public county population and density dataset from balsama/us_counties_data"
"44007","Providence County","Rhode Island","1612","1612","Providence County, Rhode Island","Population density 1653 people/sq mi; gap vs county median 1612","Public county population and density dataset from balsama/us_counties_data"
"44009","Washington County","Rhode Island","355","355","Washington County, Rhode Island","Population density 396 people/sq mi; gap vs county median 355","Public county population and density dataset from balsama/us_counties_data"
"46003","Aurora County","South Dakota","-37","37","Aurora County, South Dakota","Population density 4 people/sq mi; gap vs county median -37","Public county population and density dataset from balsama/us_counties_data"
"46005","Beadle County","South Dakota","-26","26","Beadle County, South Dakota","Population density 15 people/sq mi; gap vs county median -26","Public county population and density dataset from balsama/us_counties_data"
"46007","Bennett County","South Dakota","-38","38","Bennett County, South Dakota","Population density 3 people/sq mi; gap vs county median -38","Public county population and density dataset from balsama/us_counties_data"
"46009","Bon Homme County","South Dakota","-28","28","Bon Homme County, South Dakota","Population density 13 people/sq mi; gap vs county median -28","Public county population and density dataset from balsama/us_counties_data"
"46011","Brookings County","South Dakota","5","5","Brookings County, South Dakota","Population density 46 people/sq mi; gap vs county median 5","Public county population and density dataset from balsama/us_counties_data"
"46013","Brown County","South Dakota","-19","19","Brown County, South Dakota","Population density 22 people/sq mi; gap vs county median -19","Public county population and density dataset from balsama/us_counties_data"
"46015","Brule County","South Dakota","-35","35","Brule County, South Dakota","Population density 6 people/sq mi; gap vs county median -35","Public county population and density dataset from balsama/us_counties_data"
"46017","Buffalo County","South Dakota","-37","37","Buffalo County, South Dakota","Population density 4 people/sq mi; gap vs county median -37","Public county population and density dataset from balsama/us_counties_data"
"46019","Butte County","South Dakota","-36","36","Butte County, South Dakota","Population density 5 people/sq mi; gap vs county median -36","Public county population and density dataset from balsama/us_counties_data"
"46021","Campbell County","South Dakota","-39","39","Campbell County, South Dakota","Population density 2 people/sq mi; gap vs county median -39","Public county population and density dataset from balsama/us_counties_data"
"46023","Charles Mix County","South Dakota","-32","32","Charles Mix County, South Dakota","Population density 9 people/sq mi; gap vs county median -32","Public county population and density dataset from balsama/us_counties_data"
"46025","Clark County","South Dakota","-37","37","Clark County, South Dakota","Population density 4 people/sq mi; gap vs county median -37","Public county population and density dataset from balsama/us_counties_data"
"46027","Clay County","South Dakota","-4","4","Clay County, South Dakota","Population density 37 people/sq mi; gap vs county median -4","Public county population and density dataset from balsama/us_counties_data"
"46029","Codington County","South Dakota","2","2","Codington County, South Dakota","Population density 43 people/sq mi; gap vs county median 2","Public county population and density dataset from balsama/us_counties_data"
"46031","Corson County","South Dakota","-39","39","Corson County, South Dakota","Population density 2 people/sq mi; gap vs county median -39","Public county population and density dataset from balsama/us_counties_data"
"46033","Custer County","South Dakota","-35","35","Custer County, South Dakota","Population density 6 people/sq mi; gap vs county median -35","Public county population and density dataset from balsama/us_counties_data"
"46035","Davison County","South Dakota","5","5","Davison County, South Dakota","Population density 46 people/sq mi; gap vs county median 5","Public county population and density dataset from balsama/us_counties_data"
"46037","Day County","South Dakota","-36","36","Day County, South Dakota","Population density 5 people/sq mi; gap vs county median -36","Public county population and density dataset from balsama/us_counties_data"
"46039","Deuel County","South Dakota","-34","34","Deuel County, South Dakota","Population density 7 people/sq mi; gap vs county median -34","Public county population and density dataset from balsama/us_counties_data"
"46041","Dewey County","South Dakota","-39","39","Dewey County, South Dakota","Population density 2 people/sq mi; gap vs county median -39","Public county population and density dataset from balsama/us_counties_data"
"46043","Douglas County","South Dakota","-34","34","Douglas County, South Dakota","Population density 7 people/sq mi; gap vs county median -34","Public county population and density dataset from balsama/us_counties_data"
"46045","Edmunds County","South Dakota","-37","37","Edmunds County, South Dakota","Population density 4 people/sq mi; gap vs county median -37","Public county population and density dataset from balsama/us_counties_data"
"46047","Fall River County","South Dakota","-37","37","Fall River County, South Dakota","Population density 4 people/sq mi; gap vs county median -37","Public county population and density dataset from balsama/us_counties_data"
"46049","Faulk County","South Dakota","-39","39","Faulk County, South Dakota","Population density 2 people/sq mi; gap vs county median -39","Public county population and density dataset from balsama/us_counties_data"
"46051","Grant County","South Dakota","-30","30","Grant County, South Dakota","Population density 11 people/sq mi; gap vs county median -30","Public county population and density dataset from balsama/us_counties_data"
"46053","Gregory County","South Dakota","-37","37","Gregory County, South Dakota","Population density 4 people/sq mi; gap vs county median -37","Public county population and density dataset from balsama/us_counties_data"
"46055","Haakon County","South Dakota","-40","40","Haakon County, South Dakota","Population density 1 people/sq mi; gap vs county median -40","Public county population and density dataset from balsama/us_counties_data"
"46057","Hamlin County","South Dakota","-28","28","Hamlin County, South Dakota","Population density 13 people/sq mi; gap vs county median -28","Public county population and density dataset from balsama/us_counties_data"
"46059","Hand County","South Dakota","-39","39","Hand County, South Dakota","Population density 2 people/sq mi; gap vs county median -39","Public county population and density dataset from balsama/us_counties_data"
"46061","Hanson County","South Dakota","-33","33","Hanson County, South Dakota","Population density 8 people/sq mi; gap vs county median -33","Public county population and density dataset from balsama/us_counties_data"
"46063","Harding County","South Dakota","-41","41","Harding County, South Dakota","Population density 0 people/sq mi; gap vs county median -41","Public county population and density dataset from balsama/us_counties_data"
"46065","Hughes County","South Dakota","-17","17","Hughes County, South Dakota","Population density 24 people/sq mi; gap vs county median -17","Public county population and density dataset from balsama/us_counties_data"
"46067","Hutchinson County","South Dakota","-32","32","Hutchinson County, South Dakota","Population density 9 people/sq mi; gap vs county median -32","Public county population and density dataset from balsama/us_counties_data"
"46069","Hyde County","South Dakota","-40","40","Hyde County, South Dakota","Population density 1 people/sq mi; gap vs county median -40","Public county population and density dataset from balsama/us_counties_data"
"46071","Jackson County","South Dakota","-40","40","Jackson County, South Dakota","Population density 1 people/sq mi; gap vs county median -40","Public county population and density dataset from balsama/us_counties_data"
"46073","Jerauld County","South Dakota","-38","38","Jerauld County, South Dakota","Population density 3 people/sq mi; gap vs county median -38","Public county population and density dataset from balsama/us_counties_data"
"46075","Jones County","South Dakota","-40","40","Jones County, South Dakota","Population density 1 people/sq mi; gap vs county median -40","Public county population and density dataset from balsama/us_counties_data"
"46077","Kingsbury County","South Dakota","-35","35","Kingsbury County, South Dakota","Population density 6 people/sq mi; gap vs county median -35","Public county population and density dataset from balsama/us_counties_data"
"46079","Lake County","South Dakota","-21","21","Lake County, South Dakota","Population density 20 people/sq mi; gap vs county median -21","Public county population and density dataset from balsama/us_counties_data"
"46081","Lawrence County","South Dakota","-5","5","Lawrence County, South Dakota","Population density 36 people/sq mi; gap vs county median -5","Public county population and density dataset from balsama/us_counties_data"
"46083","Lincoln County","South Dakota","89","89","Lincoln County, South Dakota","Population density 130 people/sq mi; gap vs county median 89","Public county population and density dataset from balsama/us_counties_data"
"46085","Lyman County","South Dakota","-39","39","Lyman County, South Dakota","Population density 2 people/sq mi; gap vs county median -39","Public county population and density dataset from balsama/us_counties_data"
"46087","McCook County","South Dakota","-31","31","McCook County, South Dakota","Population density 10 people/sq mi; gap vs county median -31","Public county population and density dataset from balsama/us_counties_data"
"46089","McPherson County","South Dakota","-39","39","McPherson County, South Dakota","Population density 2 people/sq mi; gap vs county median -39","Public county population and density dataset from balsama/us_counties_data"
"46091","Marshall County","South Dakota","-36","36","Marshall County, South Dakota","Population density 5 people/sq mi; gap vs county median -36","Public county population and density dataset from balsama/us_counties_data"
"46093","Meade County","South Dakota","-32","32","Meade County, South Dakota","Population density 9 people/sq mi; gap vs county median -32","Public county population and density dataset from balsama/us_counties_data"
"46095","Mellette County","South Dakota","-40","40","Mellette County, South Dakota","Population density 1 people/sq mi; gap vs county median -40","Public county population and density dataset from balsama/us_counties_data"
"46097","Miner County","South Dakota","-37","37","Miner County, South Dakota","Population density 4 people/sq mi; gap vs county median -37","Public county population and density dataset from balsama/us_counties_data"
"46099","Minnehaha County","South Dakota","217","217","Minnehaha County, South Dakota","Population density 258 people/sq mi; gap vs county median 217","Public county population and density dataset from balsama/us_counties_data"
"46101","Moody County","South Dakota","-28","28","Moody County, South Dakota","Population density 13 people/sq mi; gap vs county median -28","Public county population and density dataset from balsama/us_counties_data"
"46102","Oglala Lakota County","South Dakota","-35","35","Oglala Lakota County, South Dakota","Population density 6 people/sq mi; gap vs county median -35","Public county population and density dataset from balsama/us_counties_data"
"46103","Pennington County","South Dakota","1","1","Pennington County, South Dakota","Population density 42 people/sq mi; gap vs county median 1","Public county population and density dataset from balsama/us_counties_data"
"46105","Perkins County","South Dakota","-40","40","Perkins County, South Dakota","Population density 1 people/sq mi; gap vs county median -40","Public county population and density dataset from balsama/us_counties_data"
"46107","Potter County","South Dakota","-38","38","Potter County, South Dakota","Population density 3 people/sq mi; gap vs county median -38","Public county population and density dataset from balsama/us_counties_data"
"46109","Roberts County","South Dakota","-32","32","Roberts County, South Dakota","Population density 9 people/sq mi; gap vs county median -32","Public county population and density dataset from balsama/us_counties_data"
"46111","Sanborn County","South Dakota","-37","37","Sanborn County, South Dakota","Population density 4 people/sq mi; gap vs county median -37","Public county population and density dataset from balsama/us_counties_data"
"46115","Spink County","South Dakota","-37","37","Spink County, South Dakota","Population density 4 people/sq mi; gap vs county median -37","Public county population and density dataset from balsama/us_counties_data"
"46117","Stanley County","South Dakota","-39","39","Stanley County, South Dakota","Population density 2 people/sq mi; gap vs county median -39","Public county population and density dataset from balsama/us_counties_data"
"46119","Sully County","South Dakota","-40","40","Sully County, South Dakota","Population density 1 people/sq mi; gap vs county median -40","Public county population and density dataset from balsama/us_counties_data"
"46121","Todd County","South Dakota","-34","34","Todd County, South Dakota","Population density 7 people/sq mi; gap vs county median -34","Public county population and density dataset from balsama/us_counties_data"
"46123","Tripp County","South Dakota","-37","37","Tripp County, South Dakota","Population density 4 people/sq mi; gap vs county median -37","Public county population and density dataset from balsama/us_counties_data"
"46125","Turner County","South Dakota","-26","26","Turner County, South Dakota","Population density 15 people/sq mi; gap vs county median -26","Public county population and density dataset from balsama/us_counties_data"
"46127","Union County","South Dakota","-3","3","Union County, South Dakota","Population density 38 people/sq mi; gap vs county median -3","Public county population and density dataset from balsama/us_counties_data"
"46129","Walworth County","South Dakota","-34","34","Walworth County, South Dakota","Population density 7 people/sq mi; gap vs county median -34","Public county population and density dataset from balsama/us_counties_data"
"46135","Yankton County","South Dakota","4","4","Yankton County, South Dakota","Population density 45 people/sq mi; gap vs county median 4","Public county population and density dataset from balsama/us_counties_data"
"46137","Ziebach County","South Dakota","-40","40","Ziebach County, South Dakota","Population density 1 people/sq mi; gap vs county median -40","Public county population and density dataset from balsama/us_counties_data"
"47001","Anderson County","Tennessee","200","200","Anderson County, Tennessee","Population density 241 people/sq mi; gap vs county median 200","Public county population and density dataset from balsama/us_counties_data"
"47003","Bedford County","Tennessee","73","73","Bedford County, Tennessee","Population density 114 people/sq mi; gap vs county median 73","Public county population and density dataset from balsama/us_counties_data"
"47005","Benton County","Tennessee","0","0","Benton County, Tennessee","Population density 41 people/sq mi; gap vs county median 0","Public county population and density dataset from balsama/us_counties_data"
"47007","Bledsoe County","Tennessee","-3","3","Bledsoe County, Tennessee","Population density 38 people/sq mi; gap vs county median -3","Public county population and density dataset from balsama/us_counties_data"
"47009","Blount County","Tennessee","213","213","Blount County, Tennessee","Population density 254 people/sq mi; gap vs county median 213","Public county population and density dataset from balsama/us_counties_data"
"47011","Bradley County","Tennessee","305","305","Bradley County, Tennessee","Population density 346 people/sq mi; gap vs county median 305","Public county population and density dataset from balsama/us_counties_data"
"47013","Campbell County","Tennessee","43","43","Campbell County, Tennessee","Population density 84 people/sq mi; gap vs county median 43","Public county population and density dataset from balsama/us_counties_data"
"47015","Cannon County","Tennessee","16","16","Cannon County, Tennessee","Population density 57 people/sq mi; gap vs county median 16","Public county population and density dataset from balsama/us_counties_data"
"47017","Carroll County","Tennessee","8","8","Carroll County, Tennessee","Population density 49 people/sq mi; gap vs county median 8","Public county population and density dataset from balsama/us_counties_data"
"47019","Carter County","Tennessee","127","127","Carter County, Tennessee","Population density 168 people/sq mi; gap vs county median 127","Public county population and density dataset from balsama/us_counties_data"
"47021","Cheatham County","Tennessee","100","100","Cheatham County, Tennessee","Population density 141 people/sq mi; gap vs county median 100","Public county population and density dataset from balsama/us_counties_data"
"47023","Chester County","Tennessee","21","21","Chester County, Tennessee","Population density 62 people/sq mi; gap vs county median 21","Public county population and density dataset from balsama/us_counties_data"
"47025","Claiborne County","Tennessee","35","35","Claiborne County, Tennessee","Population density 76 people/sq mi; gap vs county median 35","Public county population and density dataset from balsama/us_counties_data"
"47027","Clay County","Tennessee","-8","8","Clay County, Tennessee","Population density 33 people/sq mi; gap vs county median -8","Public county population and density dataset from balsama/us_counties_data"
"47029","Cocke County","Tennessee","46","46","Cocke County, Tennessee","Population density 87 people/sq mi; gap vs county median 46","Public county population and density dataset from balsama/us_counties_data"
"47031","Coffee County","Tennessee","102","102","Coffee County, Tennessee","Population density 143 people/sq mi; gap vs county median 102","Public county population and density dataset from balsama/us_counties_data"
"47033","Crockett County","Tennessee","12","12","Crockett County, Tennessee","Population density 53 people/sq mi; gap vs county median 12","Public county population and density dataset from balsama/us_counties_data"
"47035","Cumberland County","Tennessee","55","55","Cumberland County, Tennessee","Population density 96 people/sq mi; gap vs county median 55","Public county population and density dataset from balsama/us_counties_data"
"47037","Davidson County","Tennessee","1412","1412","Davidson County, Tennessee","Population density 1453 people/sq mi; gap vs county median 1412","Public county population and density dataset from balsama/us_counties_data"
"47039","Decatur County","Tennessee","-6","6","Decatur County, Tennessee","Population density 35 people/sq mi; gap vs county median -6","Public county population and density dataset from balsama/us_counties_data"
"47041","DeKalb County","Tennessee","31","31","DeKalb County, Tennessee","Population density 72 people/sq mi; gap vs county median 31","Public county population and density dataset from balsama/us_counties_data"
"47043","Dickson County","Tennessee","77","77","Dickson County, Tennessee","Population density 118 people/sq mi; gap vs county median 77","Public county population and density dataset from balsama/us_counties_data"
"47045","Dyer County","Tennessee","30","30","Dyer County, Tennessee","Population density 71 people/sq mi; gap vs county median 30","Public county population and density dataset from balsama/us_counties_data"
"47047","Fayette County","Tennessee","22","22","Fayette County, Tennessee","Population density 63 people/sq mi; gap vs county median 22","Public county population and density dataset from balsama/us_counties_data"
"47049","Fentress County","Tennessee","-1","1","Fentress County, Tennessee","Population density 40 people/sq mi; gap vs county median -1","Public county population and density dataset from balsama/us_counties_data"
"47051","Franklin County","Tennessee","41","41","Franklin County, Tennessee","Population density 82 people/sq mi; gap vs county median 41","Public county population and density dataset from balsama/us_counties_data"
"47053","Gibson County","Tennessee","44","44","Gibson County, Tennessee","Population density 85 people/sq mi; gap vs county median 44","Public county population and density dataset from balsama/us_counties_data"
"47055","Giles County","Tennessee","10","10","Giles County, Tennessee","Population density 51 people/sq mi; gap vs county median 10","Public county population and density dataset from balsama/us_counties_data"
"47057","Grainger County","Tennessee","49","49","Grainger County, Tennessee","Population density 90 people/sq mi; gap vs county median 49","Public county population and density dataset from balsama/us_counties_data"
"47059","Greene County","Tennessee","77","77","Greene County, Tennessee","Population density 118 people/sq mi; gap vs county median 77","Public county population and density dataset from balsama/us_counties_data"
"47061","Grundy County","Tennessee","-2","2","Grundy County, Tennessee","Population density 39 people/sq mi; gap vs county median -2","Public county population and density dataset from balsama/us_counties_data"
"47063","Hamblen County","Tennessee","380","380","Hamblen County, Tennessee","Population density 421 people/sq mi; gap vs county median 380","Public county population and density dataset from balsama/us_counties_data"
"47065","Hamilton County","Tennessee","670","670","Hamilton County, Tennessee","Population density 711 people/sq mi; gap vs county median 670","Public county population and density dataset from balsama/us_counties_data"
"47067","Hancock County","Tennessee","-9","9","Hancock County, Tennessee","Population density 32 people/sq mi; gap vs county median -9","Public county population and density dataset from balsama/us_counties_data"
"47069","Hardeman County","Tennessee","-3","3","Hardeman County, Tennessee","Population density 38 people/sq mi; gap vs county median -3","Public county population and density dataset from balsama/us_counties_data"
"47071","Hardin County","Tennessee","7","7","Hardin County, Tennessee","Population density 48 people/sq mi; gap vs county median 7","Public county population and density dataset from balsama/us_counties_data"
"47073","Hawkins County","Tennessee","81","81","Hawkins County, Tennessee","Population density 122 people/sq mi; gap vs county median 81","Public county population and density dataset from balsama/us_counties_data"
"47075","Haywood County","Tennessee","-9","9","Haywood County, Tennessee","Population density 32 people/sq mi; gap vs county median -9","Public county population and density dataset from balsama/us_counties_data"
"47077","Henderson County","Tennessee","13","13","Henderson County, Tennessee","Population density 54 people/sq mi; gap vs county median 13","Public county population and density dataset from balsama/us_counties_data"
"47079","Henry County","Tennessee","18","18","Henry County, Tennessee","Population density 59 people/sq mi; gap vs county median 18","Public county population and density dataset from balsama/us_counties_data"
"47081","Hickman County","Tennessee","1","1","Hickman County, Tennessee","Population density 42 people/sq mi; gap vs county median 1","Public county population and density dataset from balsama/us_counties_data"
"47083","Houston County","Tennessee","2","2","Houston County, Tennessee","Population density 43 people/sq mi; gap vs county median 2","Public county population and density dataset from balsama/us_counties_data"
"47085","Humphreys County","Tennessee","-4","4","Humphreys County, Tennessee","Population density 37 people/sq mi; gap vs county median -4","Public county population and density dataset from balsama/us_counties_data"
"47087","Jackson County","Tennessee","-1","1","Jackson County, Tennessee","Population density 40 people/sq mi; gap vs county median -1","Public county population and density dataset from balsama/us_counties_data"
"47089","Jefferson County","Tennessee","175","175","Jefferson County, Tennessee","Population density 216 people/sq mi; gap vs county median 175","Public county population and density dataset from balsama/us_counties_data"
"47091","Johnson County","Tennessee","21","21","Johnson County, Tennessee","Population density 62 people/sq mi; gap vs county median 21","Public county population and density dataset from balsama/us_counties_data"
"47093","Knox County","Tennessee","955","955","Knox County, Tennessee","Population density 996 people/sq mi; gap vs county median 955","Public county population and density dataset from balsama/us_counties_data"
"47095","Lake County","Tennessee","-2","2","Lake County, Tennessee","Population density 39 people/sq mi; gap vs county median -2","Public county population and density dataset from balsama/us_counties_data"
"47097","Lauderdale County","Tennessee","11","11","Lauderdale County, Tennessee","Population density 52 people/sq mi; gap vs county median 11","Public county population and density dataset from balsama/us_counties_data"
"47099","Lawrence County","Tennessee","34","34","Lawrence County, Tennessee","Population density 75 people/sq mi; gap vs county median 34","Public county population and density dataset from balsama/us_counties_data"
"47101","Lewis County","Tennessee","7","7","Lewis County, Tennessee","Population density 48 people/sq mi; gap vs county median 7","Public county population and density dataset from balsama/us_counties_data"
"47103","Lincoln County","Tennessee","23","23","Lincoln County, Tennessee","Population density 64 people/sq mi; gap vs county median 23","Public county population and density dataset from balsama/us_counties_data"
"47105","Loudon County","Tennessee","230","230","Loudon County, Tennessee","Population density 271 people/sq mi; gap vs county median 230","Public county population and density dataset from balsama/us_counties_data"
"47107","McMinn County","Tennessee","91","91","McMinn County, Tennessee","Population density 132 people/sq mi; gap vs county median 91","Public county population and density dataset from balsama/us_counties_data"
"47109","McNairy County","Tennessee","6","6","McNairy County, Tennessee","Population density 47 people/sq mi; gap vs county median 6","Public county population and density dataset from balsama/us_counties_data"
"47111","Macon County","Tennessee","48","48","Macon County, Tennessee","Population density 89 people/sq mi; gap vs county median 48","Public county population and density dataset from balsama/us_counties_data"
"47113","Madison County","Tennessee","139","139","Madison County, Tennessee","Population density 180 people/sq mi; gap vs county median 139","Public county population and density dataset from balsama/us_counties_data"
"47115","Marion County","Tennessee","19","19","Marion County, Tennessee","Population density 60 people/sq mi; gap vs county median 19","Public county population and density dataset from balsama/us_counties_data"
"47117","Marshall County","Tennessee","60","60","Marshall County, Tennessee","Population density 101 people/sq mi; gap vs county median 60","Public county population and density dataset from balsama/us_counties_data"
"47119","Maury County","Tennessee","144","144","Maury County, Tennessee","Population density 185 people/sq mi; gap vs county median 144","Public county population and density dataset from balsama/us_counties_data"
"47121","Meigs County","Tennessee","30","30","Meigs County, Tennessee","Population density 71 people/sq mi; gap vs county median 30","Public county population and density dataset from balsama/us_counties_data"
"47123","Monroe County","Tennessee","36","36","Monroe County, Tennessee","Population density 77 people/sq mi; gap vs county median 36","Public county population and density dataset from balsama/us_counties_data"
"47125","Montgomery County","Tennessee","415","415","Montgomery County, Tennessee","Population density 456 people/sq mi; gap vs county median 415","Public county population and density dataset from balsama/us_counties_data"
"47127","Moore County","Tennessee","12","12","Moore County, Tennessee","Population density 53 people/sq mi; gap vs county median 12","Public county population and density dataset from balsama/us_counties_data"
"47129","Morgan County","Tennessee","1","1","Morgan County, Tennessee","Population density 42 people/sq mi; gap vs county median 1","Public county population and density dataset from balsama/us_counties_data"
"47131","Obion County","Tennessee","15","15","Obion County, Tennessee","Population density 56 people/sq mi; gap vs county median 15","Public county population and density dataset from balsama/us_counties_data"
"47133","Overton County","Tennessee","13","13","Overton County, Tennessee","Population density 54 people/sq mi; gap vs county median 13","Public county population and density dataset from balsama/us_counties_data"
"47135","Perry County","Tennessee","-19","19","Perry County, Tennessee","Population density 22 people/sq mi; gap vs county median -19","Public county population and density dataset from balsama/us_counties_data"
"47137","Pickett County","Tennessee","-10","10","Pickett County, Tennessee","Population density 31 people/sq mi; gap vs county median -10","Public county population and density dataset from balsama/us_counties_data"
"47139","Polk County","Tennessee","1","1","Polk County, Tennessee","Population density 42 people/sq mi; gap vs county median 1","Public county population and density dataset from balsama/us_counties_data"
"47141","Putnam County","Tennessee","171","171","Putnam County, Tennessee","Population density 212 people/sq mi; gap vs county median 171","Public county population and density dataset from balsama/us_counties_data"
"47143","Rhea County","Tennessee","69","69","Rhea County, Tennessee","Population density 110 people/sq mi; gap vs county median 69","Public county population and density dataset from balsama/us_counties_data"
"47145","Roane County","Tennessee","116","116","Roane County, Tennessee","Population density 157 people/sq mi; gap vs county median 116","Public county population and density dataset from balsama/us_counties_data"
"47147","Robertson County","Tennessee","123","123","Robertson County, Tennessee","Population density 164 people/sq mi; gap vs county median 123","Public county population and density dataset from balsama/us_counties_data"
"47149","Rutherford County","Tennessee","568","568","Rutherford County, Tennessee","Population density 609 people/sq mi; gap vs county median 568","Public county population and density dataset from balsama/us_counties_data"
"47151","Scott County","Tennessee","1","1","Scott County, Tennessee","Population density 42 people/sq mi; gap vs county median 1","Public county population and density dataset from balsama/us_counties_data"
"47153","Sequatchie County","Tennessee","25","25","Sequatchie County, Tennessee","Population density 66 people/sq mi; gap vs county median 25","Public county population and density dataset from balsama/us_counties_data"
"47155","Sevier County","Tennessee","128","128","Sevier County, Tennessee","Population density 169 people/sq mi; gap vs county median 128","Public county population and density dataset from balsama/us_counties_data"
"47157","Shelby County","Tennessee","1165","1165","Shelby County, Tennessee","Population density 1206 people/sq mi; gap vs county median 1165","Public county population and density dataset from balsama/us_counties_data"
"47159","Smith County","Tennessee","25","25","Smith County, Tennessee","Population density 66 people/sq mi; gap vs county median 25","Public county population and density dataset from balsama/us_counties_data"
"47161","Stewart County","Tennessee","-10","10","Stewart County, Tennessee","Population density 31 people/sq mi; gap vs county median -10","Public county population and density dataset from balsama/us_counties_data"
"47163","Sullivan County","Tennessee","353","353","Sullivan County, Tennessee","Population density 394 people/sq mi; gap vs county median 353","Public county population and density dataset from balsama/us_counties_data"
"47165","Sumner County","Tennessee","359","359","Sumner County, Tennessee","Population density 400 people/sq mi; gap vs county median 359","Public county population and density dataset from balsama/us_counties_data"
"47167","Tipton County","Tennessee","94","94","Tipton County, Tennessee","Population density 135 people/sq mi; gap vs county median 94","Public county population and density dataset from balsama/us_counties_data"
"47169","Trousdale County","Tennessee","66","66","Trousdale County, Tennessee","Population density 107 people/sq mi; gap vs county median 66","Public county population and density dataset from balsama/us_counties_data"
"47171","Unicoi County","Tennessee","55","55","Unicoi County, Tennessee","Population density 96 people/sq mi; gap vs county median 55","Public county population and density dataset from balsama/us_counties_data"
"47173","Union County","Tennessee","53","53","Union County, Tennessee","Population density 94 people/sq mi; gap vs county median 53","Public county population and density dataset from balsama/us_counties_data"
"47175","Van Buren County","Tennessee","-14","14","Van Buren County, Tennessee","Population density 27 people/sq mi; gap vs county median -14","Public county population and density dataset from balsama/us_counties_data"
"47177","Warren County","Tennessee","60","60","Warren County, Tennessee","Population density 101 people/sq mi; gap vs county median 60","Public county population and density dataset from balsama/us_counties_data"
"47179","Washington County","Tennessee","387","387","Washington County, Tennessee","Population density 428 people/sq mi; gap vs county median 387","Public county population and density dataset from balsama/us_counties_data"
"47181","Wayne County","Tennessee","-19","19","Wayne County, Tennessee","Population density 22 people/sq mi; gap vs county median -19","Public county population and density dataset from balsama/us_counties_data"
"47183","Weakley County","Tennessee","16","16","Weakley County, Tennessee","Population density 57 people/sq mi; gap vs county median 16","Public county population and density dataset from balsama/us_counties_data"
"47185","White County","Tennessee","36","36","White County, Tennessee","Population density 77 people/sq mi; gap vs county median 36","Public county population and density dataset from balsama/us_counties_data"
"47187","Williamson County","Tennessee","421","421","Williamson County, Tennessee","Population density 462 people/sq mi; gap vs county median 421","Public county population and density dataset from balsama/us_counties_data"
"47189","Wilson County","Tennessee","257","257","Wilson County, Tennessee","Population density 298 people/sq mi; gap vs county median 257","Public county population and density dataset from balsama/us_counties_data"
"48001","Anderson County","Texas","15","15","Anderson County, Texas","Population density 56 people/sq mi; gap vs county median 15","Public county population and density dataset from balsama/us_counties_data"
"48003","Andrews County","Texas","-28","28","Andrews County, Texas","Population density 13 people/sq mi; gap vs county median -28","Public county population and density dataset from balsama/us_counties_data"
"48005","Angelina County","Texas","69","69","Angelina County, Texas","Population density 110 people/sq mi; gap vs county median 69","Public county population and density dataset from balsama/us_counties_data"
"48007","Aransas County","Texas","61","61","Aransas County, Texas","Population density 102 people/sq mi; gap vs county median 61","Public county population and density dataset from balsama/us_counties_data"
"48009","Archer County","Texas","-31","31","Archer County, Texas","Population density 10 people/sq mi; gap vs county median -31","Public county population and density dataset from balsama/us_counties_data"
"48011","Armstrong County","Texas","-39","39","Armstrong County, Texas","Population density 2 people/sq mi; gap vs county median -39","Public county population and density dataset from balsama/us_counties_data"
"48013","Atascosa County","Texas","2","2","Atascosa County, Texas","Population density 43 people/sq mi; gap vs county median 2","Public county population and density dataset from balsama/us_counties_data"
"48015","Austin County","Texas","9","9","Austin County, Texas","Population density 50 people/sq mi; gap vs county median 9","Public county population and density dataset from balsama/us_counties_data"
"48017","Bailey County","Texas","-32","32","Bailey County, Texas","Population density 9 people/sq mi; gap vs county median -32","Public county population and density dataset from balsama/us_counties_data"
"48019","Bandera County","Texas","-12","12","Bandera County, Texas","Population density 29 people/sq mi; gap vs county median -12","Public county population and density dataset from balsama/us_counties_data"
"48021","Bastrop County","Texas","88","88","Bastrop County, Texas","Population density 129 people/sq mi; gap vs county median 88","Public county population and density dataset from balsama/us_counties_data"
"48023","Baylor County","Texas","-37","37","Baylor County, Texas","Population density 4 people/sq mi; gap vs county median -37","Public county population and density dataset from balsama/us_counties_data"
"48025","Bee County","Texas","-6","6","Bee County, Texas","Population density 35 people/sq mi; gap vs county median -6","Public county population and density dataset from balsama/us_counties_data"
"48027","Bell County","Texas","336","336","Bell County, Texas","Population density 377 people/sq mi; gap vs county median 336","Public county population and density dataset from balsama/us_counties_data"
"48029","Bexar County","Texas","1665","1665","Bexar County, Texas","Population density 1706 people/sq mi; gap vs county median 1665","Public county population and density dataset from balsama/us_counties_data"
"48031","Blanco County","Texas","-22","22","Blanco County, Texas","Population density 19 people/sq mi; gap vs county median -22","Public county population and density dataset from balsama/us_counties_data"
"48033","Borden County","Texas","-40","40","Borden County, Texas","Population density 1 people/sq mi; gap vs county median -40","Public county population and density dataset from balsama/us_counties_data"
"48035","Bosque County","Texas","-22","22","Bosque County, Texas","Population density 19 people/sq mi; gap vs county median -22","Public county population and density dataset from balsama/us_counties_data"
"48037","Bowie County","Texas","63","63","Bowie County, Texas","Population density 104 people/sq mi; gap vs county median 63","Public county population and density dataset from balsama/us_counties_data"
"48039","Brazoria County","Texas","257","257","Brazoria County, Texas","Population density 298 people/sq mi; gap vs county median 257","Public county population and density dataset from balsama/us_counties_data"
"48041","Brazos County","Texas","385","385","Brazos County, Texas","Population density 426 people/sq mi; gap vs county median 385","Public county population and density dataset from balsama/us_counties_data"
"48043","Brewster County","Texas","-39","39","Brewster County, Texas","Population density 2 people/sq mi; gap vs county median -39","Public county population and density dataset from balsama/us_counties_data"
"48045","Briscoe County","Texas","-39","39","Briscoe County, Texas","Population density 2 people/sq mi; gap vs county median -39","Public county population and density dataset from balsama/us_counties_data"
"48047","Brooks County","Texas","-34","34","Brooks County, Texas","Population density 7 people/sq mi; gap vs county median -34","Public county population and density dataset from balsama/us_counties_data"
"48049","Brown County","Texas","0","0","Brown County, Texas","Population density 41 people/sq mi; gap vs county median 0","Public county population and density dataset from balsama/us_counties_data"
"48051","Burleson County","Texas","-11","11","Burleson County, Texas","Population density 30 people/sq mi; gap vs county median -11","Public county population and density dataset from balsama/us_counties_data"
"48053","Burnet County","Texas","15","15","Burnet County, Texas","Population density 56 people/sq mi; gap vs county median 15","Public county population and density dataset from balsama/us_counties_data"
"48055","Caldwell County","Texas","55","55","Caldwell County, Texas","Population density 96 people/sq mi; gap vs county median 55","Public county population and density dataset from balsama/us_counties_data"
"48057","Calhoun County","Texas","-2","2","Calhoun County, Texas","Population density 39 people/sq mi; gap vs county median -2","Public county population and density dataset from balsama/us_counties_data"
"48059","Callahan County","Texas","-25","25","Callahan County, Texas","Population density 16 people/sq mi; gap vs county median -25","Public county population and density dataset from balsama/us_counties_data"
"48061","Cameron County","Texas","436","436","Cameron County, Texas","Population density 477 people/sq mi; gap vs county median 436","Public county population and density dataset from balsama/us_counties_data"
"48063","Camp County","Texas","25","25","Camp County, Texas","Population density 66 people/sq mi; gap vs county median 25","Public county population and density dataset from balsama/us_counties_data"
"48065","Carson County","Texas","-35","35","Carson County, Texas","Population density 6 people/sq mi; gap vs county median -35","Public county population and density dataset from balsama/us_counties_data"
"48067","Cass County","Texas","-10","10","Cass County, Texas","Population density 31 people/sq mi; gap vs county median -10","Public county population and density dataset from balsama/us_counties_data"
"48069","Castro County","Texas","-33","33","Castro County, Texas","Population density 8 people/sq mi; gap vs county median -33","Public county population and density dataset from balsama/us_counties_data"
"48071","Chambers County","Texas","53","53","Chambers County, Texas","Population density 94 people/sq mi; gap vs county median 53","Public county population and density dataset from balsama/us_counties_data"
"48073","Cherokee County","Texas","10","10","Cherokee County, Texas","Population density 51 people/sq mi; gap vs county median 10","Public county population and density dataset from balsama/us_counties_data"
"48075","Childress County","Texas","-32","32","Childress County, Texas","Population density 9 people/sq mi; gap vs county median -32","Public county population and density dataset from balsama/us_counties_data"
"48077","Clay County","Texas","-31","31","Clay County, Texas","Population density 10 people/sq mi; gap vs county median -31","Public county population and density dataset from balsama/us_counties_data"
"48079","Cochran County","Texas","-38","38","Cochran County, Texas","Population density 3 people/sq mi; gap vs county median -38","Public county population and density dataset from balsama/us_counties_data"
"48081","Coke County","Texas","-37","37","Coke County, Texas","Population density 4 people/sq mi; gap vs county median -37","Public county population and density dataset from balsama/us_counties_data"
"48083","Coleman County","Texas","-35","35","Coleman County, Texas","Population density 6 people/sq mi; gap vs county median -35","Public county population and density dataset from balsama/us_counties_data"
"48085","Collin County","Texas","1439","1439","Collin County, Texas","Population density 1480 people/sq mi; gap vs county median 1439","Public county population and density dataset from balsama/us_counties_data"
"48087","Collingsworth County","Texas","-38","38","Collingsworth County, Texas","Population density 3 people/sq mi; gap vs county median -38","Public county population and density dataset from balsama/us_counties_data"
"48089","Colorado County","Texas","-19","19","Colorado County, Texas","Population density 22 people/sq mi; gap vs county median -19","Public county population and density dataset from balsama/us_counties_data"
"48091","Comal County","Texas","318","318","Comal County, Texas","Population density 359 people/sq mi; gap vs county median 318","Public county population and density dataset from balsama/us_counties_data"
"48093","Comanche County","Texas","-26","26","Comanche County, Texas","Population density 15 people/sq mi; gap vs county median -26","Public county population and density dataset from balsama/us_counties_data"
"48095","Concho County","Texas","-38","38","Concho County, Texas","Population density 3 people/sq mi; gap vs county median -38","Public county population and density dataset from balsama/us_counties_data"
"48097","Cooke County","Texas","10","10","Cooke County, Texas","Population density 51 people/sq mi; gap vs county median 10","Public county population and density dataset from balsama/us_counties_data"
"48099","Coryell County","Texas","41","41","Coryell County, Texas","Population density 82 people/sq mi; gap vs county median 41","Public county population and density dataset from balsama/us_counties_data"
"48101","Cottle County","Texas","-40","40","Cottle County, Texas","Population density 1 people/sq mi; gap vs county median -40","Public county population and density dataset from balsama/us_counties_data"
"48103","Crane County","Texas","-35","35","Crane County, Texas","Population density 6 people/sq mi; gap vs county median -35","Public county population and density dataset from balsama/us_counties_data"
"48105","Crockett County","Texas","-40","40","Crockett County, Texas","Population density 1 people/sq mi; gap vs county median -40","Public county population and density dataset from balsama/us_counties_data"
"48107","Crosby County","Texas","-35","35","Crosby County, Texas","Population density 6 people/sq mi; gap vs county median -35","Public county population and density dataset from balsama/us_counties_data"
"48109","Culberson County","Texas","-40","40","Culberson County, Texas","Population density 1 people/sq mi; gap vs county median -40","Public county population and density dataset from balsama/us_counties_data"
"48111","Dallam County","Texas","-36","36","Dallam County, Texas","Population density 5 people/sq mi; gap vs county median -36","Public county population and density dataset from balsama/us_counties_data"
"48113","Dallas County","Texas","2977","2977","Dallas County, Texas","Population density 3018 people/sq mi; gap vs county median 2977","Public county population and density dataset from balsama/us_counties_data"
"48115","Dawson County","Texas","-28","28","Dawson County, Texas","Population density 13 people/sq mi; gap vs county median -28","Public county population and density dataset from balsama/us_counties_data"
"48117","Deaf Smith County","Texas","-29","29","Deaf Smith County, Texas","Population density 12 people/sq mi; gap vs county median -29","Public county population and density dataset from balsama/us_counties_data"
"48119","Delta County","Texas","-21","21","Delta County, Texas","Population density 20 people/sq mi; gap vs county median -21","Public county population and density dataset from balsama/us_counties_data"
"48121","Denton County","Texas","1136","1136","Denton County, Texas","Population density 1177 people/sq mi; gap vs county median 1136","Public county population and density dataset from balsama/us_counties_data"
"48123","DeWitt County","Texas","-19","19","DeWitt County, Texas","Population density 22 people/sq mi; gap vs county median -19","Public county population and density dataset from balsama/us_counties_data"
"48125","Dickens County","Texas","-39","39","Dickens County, Texas","Population density 2 people/sq mi; gap vs county median -39","Public county population and density dataset from balsama/us_counties_data"
"48127","Dimmit County","Texas","-35","35","Dimmit County, Texas","Population density 6 people/sq mi; gap vs county median -35","Public county population and density dataset from balsama/us_counties_data"
"48129","Donley County","Texas","-38","38","Donley County, Texas","Population density 3 people/sq mi; gap vs county median -38","Public county population and density dataset from balsama/us_counties_data"
"48131","Duval County","Texas","-36","36","Duval County, Texas","Population density 5 people/sq mi; gap vs county median -36","Public county population and density dataset from balsama/us_counties_data"
"48133","Eastland County","Texas","-21","21","Eastland County, Texas","Population density 20 people/sq mi; gap vs county median -21","Public county population and density dataset from balsama/us_counties_data"
"48135","Ector County","Texas","148","148","Ector County, Texas","Population density 189 people/sq mi; gap vs county median 148","Public county population and density dataset from balsama/us_counties_data"
"48137","Edwards County","Texas","-40","40","Edwards County, Texas","Population density 1 people/sq mi; gap vs county median -40","Public county population and density dataset from balsama/us_counties_data"
"48139","Ellis County","Texas","206","206","Ellis County, Texas","Population density 247 people/sq mi; gap vs county median 206","Public county population and density dataset from balsama/us_counties_data"
"48141","El Paso County","Texas","824","824","El Paso County, Texas","Population density 865 people/sq mi; gap vs county median 824","Public county population and density dataset from balsama/us_counties_data"
"48143","Erath County","Texas","0","0","Erath County, Texas","Population density 41 people/sq mi; gap vs county median 0","Public county population and density dataset from balsama/us_counties_data"
"48145","Falls County","Texas","-18","18","Falls County, Texas","Population density 23 people/sq mi; gap vs county median -18","Public county population and density dataset from balsama/us_counties_data"
"48147","Fannin County","Texas","2","2","Fannin County, Texas","Population density 43 people/sq mi; gap vs county median 2","Public county population and density dataset from balsama/us_counties_data"
"48149","Fayette County","Texas","-14","14","Fayette County, Texas","Population density 27 people/sq mi; gap vs county median -14","Public county population and density dataset from balsama/us_counties_data"
"48151","Fisher County","Texas","-37","37","Fisher County, Texas","Population density 4 people/sq mi; gap vs county median -37","Public county population and density dataset from balsama/us_counties_data"
"48153","Floyd County","Texas","-36","36","Floyd County, Texas","Population density 5 people/sq mi; gap vs county median -36","Public county population and density dataset from balsama/us_counties_data"
"48155","Foard County","Texas","-40","40","Foard County, Texas","Population density 1 people/sq mi; gap vs county median -40","Public county population and density dataset from balsama/us_counties_data"
"48157","Fort Bend County","Texas","1054","1054","Fort Bend County, Texas","Population density 1095 people/sq mi; gap vs county median 1054","Public county population and density dataset from balsama/us_counties_data"
"48159","Franklin County","Texas","-3","3","Franklin County, Texas","Population density 38 people/sq mi; gap vs county median -3","Public county population and density dataset from balsama/us_counties_data"
"48161","Freestone County","Texas","-18","18","Freestone County, Texas","Population density 23 people/sq mi; gap vs county median -18","Public county population and density dataset from balsama/us_counties_data"
"48163","Frio County","Texas","-24","24","Frio County, Texas","Population density 17 people/sq mi; gap vs county median -24","Public county population and density dataset from balsama/us_counties_data"
"48165","Gaines County","Texas","-26","26","Gaines County, Texas","Population density 15 people/sq mi; gap vs county median -26","Public county population and density dataset from balsama/us_counties_data"
"48167","Galveston County","Texas","880","880","Galveston County, Texas","Population density 921 people/sq mi; gap vs county median 880","Public county population and density dataset from balsama/us_counties_data"
"48169","Garza County","Texas","-36","36","Garza County, Texas","Population density 5 people/sq mi; gap vs county median -36","Public county population and density dataset from balsama/us_counties_data"
"48171","Gillespie County","Texas","-14","14","Gillespie County, Texas","Population density 27 people/sq mi; gap vs county median -14","Public county population and density dataset from balsama/us_counties_data"
"48173","Glasscock County","Texas","-40","40","Glasscock County, Texas","Population density 1 people/sq mi; gap vs county median -40","Public county population and density dataset from balsama/us_counties_data"
"48175","Goliad County","Texas","-33","33","Goliad County, Texas","Population density 8 people/sq mi; gap vs county median -33","Public county population and density dataset from balsama/us_counties_data"
"48177","Gonzales County","Texas","-22","22","Gonzales County, Texas","Population density 19 people/sq mi; gap vs county median -22","Public county population and density dataset from balsama/us_counties_data"
"48179","Gray County","Texas","-18","18","Gray County, Texas","Population density 23 people/sq mi; gap vs county median -18","Public county population and density dataset from balsama/us_counties_data"
"48181","Grayson County","Texas","120","120","Grayson County, Texas","Population density 161 people/sq mi; gap vs county median 120","Public county population and density dataset from balsama/us_counties_data"
"48183","Gregg County","Texas","421","421","Gregg County, Texas","Population density 462 people/sq mi; gap vs county median 421","Public county population and density dataset from balsama/us_counties_data"
"48185","Grimes County","Texas","1","1","Grimes County, Texas","Population density 42 people/sq mi; gap vs county median 1","Public county population and density dataset from balsama/us_counties_data"
"48187","Guadalupe County","Texas","233","233","Guadalupe County, Texas","Population density 274 people/sq mi; gap vs county median 233","Public county population and density dataset from balsama/us_counties_data"
"48189","Hale County","Texas","-9","9","Hale County, Texas","Population density 32 people/sq mi; gap vs county median -9","Public county population and density dataset from balsama/us_counties_data"
"48191","Hall County","Texas","-38","38","Hall County, Texas","Population density 3 people/sq mi; gap vs county median -38","Public county population and density dataset from balsama/us_counties_data"
"48193","Hamilton County","Texas","-31","31","Hamilton County, Texas","Population density 10 people/sq mi; gap vs county median -31","Public county population and density dataset from balsama/us_counties_data"
"48195","Hansford County","Texas","-36","36","Hansford County, Texas","Population density 5 people/sq mi; gap vs county median -36","Public county population and density dataset from balsama/us_counties_data"
"48197","Hardeman County","Texas","-36","36","Hardeman County, Texas","Population density 5 people/sq mi; gap vs county median -36","Public county population and density dataset from balsama/us_counties_data"
"48199","Hardin County","Texas","25","25","Hardin County, Texas","Population density 66 people/sq mi; gap vs county median 25","Public county population and density dataset from balsama/us_counties_data"
"48201","Harris County","Texas","2856","2856","Harris County, Texas","Population density 2897 people/sq mi; gap vs county median 2856","Public county population and density dataset from balsama/us_counties_data"
"48203","Harrison County","Texas","38","38","Harrison County, Texas","Population density 79 people/sq mi; gap vs county median 38","Public county population and density dataset from balsama/us_counties_data"
"48205","Hartley County","Texas","-38","38","Hartley County, Texas","Population density 3 people/sq mi; gap vs county median -38","Public county population and density dataset from balsama/us_counties_data"
"48207","Haskell County","Texas","-35","35","Haskell County, Texas","Population density 6 people/sq mi; gap vs county median -35","Public county population and density dataset from balsama/us_counties_data"
"48209","Hays County","Texas","390","390","Hays County, Texas","Population density 431 people/sq mi; gap vs county median 390","Public county population and density dataset from balsama/us_counties_data"
"48211","Hemphill County","Texas","-38","38","Hemphill County, Texas","Population density 3 people/sq mi; gap vs county median -38","Public county population and density dataset from balsama/us_counties_data"
"48213","Henderson County","Texas","59","59","Henderson County, Texas","Population density 100 people/sq mi; gap vs county median 59","Public county population and density dataset from balsama/us_counties_data"
"48215","Hidalgo County","Texas","542","542","Hidalgo County, Texas","Population density 583 people/sq mi; gap vs county median 542","Public county population and density dataset from balsama/us_counties_data"
"48217","Hill County","Texas","-1","1","Hill County, Texas","Population density 40 people/sq mi; gap vs county median -1","Public county population and density dataset from balsama/us_counties_data"
"48219","Hockley County","Texas","-17","17","Hockley County, Texas","Population density 24 people/sq mi; gap vs county median -17","Public county population and density dataset from balsama/us_counties_data"
"48221","Hood County","Texas","123","123","Hood County, Texas","Population density 164 people/sq mi; gap vs county median 123","Public county population and density dataset from balsama/us_counties_data"
"48223","Hopkins County","Texas","8","8","Hopkins County, Texas","Population density 49 people/sq mi; gap vs county median 8","Public county population and density dataset from balsama/us_counties_data"
"48225","Houston County","Texas","-23","23","Houston County, Texas","Population density 18 people/sq mi; gap vs county median -23","Public county population and density dataset from balsama/us_counties_data"
"48227","Howard County","Texas","-7","7","Howard County, Texas","Population density 34 people/sq mi; gap vs county median -7","Public county population and density dataset from balsama/us_counties_data"
"48229","Hudspeth County","Texas","-40","40","Hudspeth County, Texas","Population density 1 people/sq mi; gap vs county median -40","Public county population and density dataset from balsama/us_counties_data"
"48231","Hunt County","Texas","100","100","Hunt County, Texas","Population density 141 people/sq mi; gap vs county median 100","Public county population and density dataset from balsama/us_counties_data"
"48233","Hutchinson County","Texas","-19","19","Hutchinson County, Texas","Population density 22 people/sq mi; gap vs county median -19","Public county population and density dataset from balsama/us_counties_data"
"48235","Irion County","Texas","-40","40","Irion County, Texas","Population density 1 people/sq mi; gap vs county median -40","Public county population and density dataset from balsama/us_counties_data"
"48237","Jack County","Texas","-31","31","Jack County, Texas","Population density 10 people/sq mi; gap vs county median -31","Public county population and density dataset from balsama/us_counties_data"
"48239","Jackson County","Texas","-23","23","Jackson County, Texas","Population density 18 people/sq mi; gap vs county median -23","Public county population and density dataset from balsama/us_counties_data"
"48241","Jasper County","Texas","-6","6","Jasper County, Texas","Population density 35 people/sq mi; gap vs county median -6","Public county population and density dataset from balsama/us_counties_data"
"48243","Jeff Davis County","Texas","-40","40","Jeff Davis County, Texas","Population density 1 people/sq mi; gap vs county median -40","Public county population and density dataset from balsama/us_counties_data"
"48245","Jefferson County","Texas","240","240","Jefferson County, Texas","Population density 281 people/sq mi; gap vs county median 240","Public county population and density dataset from balsama/us_counties_data"
"48247","Jim Hogg County","Texas","-37","37","Jim Hogg County, Texas","Population density 4 people/sq mi; gap vs county median -37","Public county population and density dataset from balsama/us_counties_data"
"48249","Jim Wells County","Texas","4","4","Jim Wells County, Texas","Population density 45 people/sq mi; gap vs county median 4","Public county population and density dataset from balsama/us_counties_data"
"48251","Johnson County","Texas","248","248","Johnson County, Texas","Population density 289 people/sq mi; gap vs county median 248","Public county population and density dataset from balsama/us_counties_data"
"48253","Jones County","Texas","-19","19","Jones County, Texas","Population density 22 people/sq mi; gap vs county median -19","Public county population and density dataset from balsama/us_counties_data"
"48255","Karnes County","Texas","-21","21","Karnes County, Texas","Population density 20 people/sq mi; gap vs county median -21","Public county population and density dataset from balsama/us_counties_data"
"48257","Kaufman County","Texas","211","211","Kaufman County, Texas","Population density 252 people/sq mi; gap vs county median 211","Public county population and density dataset from balsama/us_counties_data"
"48259","Kendall County","Texas","37","37","Kendall County, Texas","Population density 78 people/sq mi; gap vs county median 37","Public county population and density dataset from balsama/us_counties_data"
"48261","Kenedy County","Texas","-41","41","Kenedy County, Texas","Population density 0 people/sq mi; gap vs county median -41","Public county population and density dataset from balsama/us_counties_data"
"48263","Kent County","Texas","-40","40","Kent County, Texas","Population density 1 people/sq mi; gap vs county median -40","Public county population and density dataset from balsama/us_counties_data"
"48265","Kerr County","Texas","8","8","Kerr County, Texas","Population density 49 people/sq mi; gap vs county median 8","Public county population and density dataset from balsama/us_counties_data"
"48267","Kimble County","Texas","-37","37","Kimble County, Texas","Population density 4 people/sq mi; gap vs county median -37","Public county population and density dataset from balsama/us_counties_data"
"48269","King County","Texas","-41","41","King County, Texas","Population density 0 people/sq mi; gap vs county median -41","Public county population and density dataset from balsama/us_counties_data"
"48271","Kinney County","Texas","-39","39","Kinney County, Texas","Population density 2 people/sq mi; gap vs county median -39","Public county population and density dataset from balsama/us_counties_data"
"48273","Kleberg County","Texas","-6","6","Kleberg County, Texas","Population density 35 people/sq mi; gap vs county median -6","Public county population and density dataset from balsama/us_counties_data"
"48275","Knox County","Texas","-37","37","Knox County, Texas","Population density 4 people/sq mi; gap vs county median -37","Public county population and density dataset from balsama/us_counties_data"
"48277","Lamar County","Texas","15","15","Lamar County, Texas","Population density 56 people/sq mi; gap vs county median 15","Public county population and density dataset from balsama/us_counties_data"
"48279","Lamb County","Texas","-29","29","Lamb County, Texas","Population density 12 people/sq mi; gap vs county median -29","Public county population and density dataset from balsama/us_counties_data"
"48281","Lampasas County","Texas","-8","8","Lampasas County, Texas","Population density 33 people/sq mi; gap vs county median -8","Public county population and density dataset from balsama/us_counties_data"
"48283","La Salle County","Texas","-37","37","La Salle County, Texas","Population density 4 people/sq mi; gap vs county median -37","Public county population and density dataset from balsama/us_counties_data"
"48285","Lavaca County","Texas","-20","20","Lavaca County, Texas","Population density 21 people/sq mi; gap vs county median -20","Public county population and density dataset from balsama/us_counties_data"
"48287","Lee County","Texas","-12","12","Lee County, Texas","Population density 29 people/sq mi; gap vs county median -12","Public county population and density dataset from balsama/us_counties_data"
"48289","Leon County","Texas","-25","25","Leon County, Texas","Population density 16 people/sq mi; gap vs county median -25","Public county population and density dataset from balsama/us_counties_data"
"48291","Liberty County","Texas","58","58","Liberty County, Texas","Population density 99 people/sq mi; gap vs county median 58","Public county population and density dataset from balsama/us_counties_data"
"48293","Limestone County","Texas","-16","16","Limestone County, Texas","Population density 25 people/sq mi; gap vs county median -16","Public county population and density dataset from balsama/us_counties_data"
"48295","Lipscomb County","Texas","-38","38","Lipscomb County, Texas","Population density 3 people/sq mi; gap vs county median -38","Public county population and density dataset from balsama/us_counties_data"
"48297","Live Oak County","Texas","-29","29","Live Oak County, Texas","Population density 12 people/sq mi; gap vs county median -29","Public county population and density dataset from balsama/us_counties_data"
"48299","Llano County","Texas","-16","16","Llano County, Texas","Population density 25 people/sq mi; gap vs county median -16","Public county population and density dataset from balsama/us_counties_data"
"48301","Loving County","Texas","-41","41","Loving County, Texas","Population density 0 people/sq mi; gap vs county median -41","Public county population and density dataset from balsama/us_counties_data"
"48303","Lubbock County","Texas","323","323","Lubbock County, Texas","Population density 364 people/sq mi; gap vs county median 323","Public county population and density dataset from balsama/us_counties_data"
"48305","Lynn County","Texas","-34","34","Lynn County, Texas","Population density 7 people/sq mi; gap vs county median -34","Public county population and density dataset from balsama/us_counties_data"
"48307","McCulloch County","Texas","-34","34","McCulloch County, Texas","Population density 7 people/sq mi; gap vs county median -34","Public county population and density dataset from balsama/us_counties_data"
"48309","McLennan County","Texas","218","218","McLennan County, Texas","Population density 259 people/sq mi; gap vs county median 218","Public county population and density dataset from balsama/us_counties_data"
"48311","McMullen County","Texas","-40","40","McMullen County, Texas","Population density 1 people/sq mi; gap vs county median -40","Public county population and density dataset from balsama/us_counties_data"
"48313","Madison County","Texas","-11","11","Madison County, Texas","Population density 30 people/sq mi; gap vs county median -11","Public county population and density dataset from balsama/us_counties_data"
"48315","Marion County","Texas","-16","16","Marion County, Texas","Population density 25 people/sq mi; gap vs county median -16","Public county population and density dataset from balsama/us_counties_data"
"48317","Martin County","Texas","-35","35","Martin County, Texas","Population density 6 people/sq mi; gap vs county median -35","Public county population and density dataset from balsama/us_counties_data"
"48319","Mason County","Texas","-37","37","Mason County, Texas","Population density 4 people/sq mi; gap vs county median -37","Public county population and density dataset from balsama/us_counties_data"
"48321","Matagorda County","Texas","-8","8","Matagorda County, Texas","Population density 33 people/sq mi; gap vs county median -8","Public county population and density dataset from balsama/us_counties_data"
"48323","Maverick County","Texas","5","5","Maverick County, Texas","Population density 46 people/sq mi; gap vs county median 5","Public county population and density dataset from balsama/us_counties_data"
"48325","Medina County","Texas","1","1","Medina County, Texas","Population density 42 people/sq mi; gap vs county median 1","Public county population and density dataset from balsama/us_counties_data"
"48327","Menard County","Texas","-39","39","Menard County, Texas","Population density 2 people/sq mi; gap vs county median -39","Public county population and density dataset from balsama/us_counties_data"
"48329","Midland County","Texas","163","163","Midland County, Texas","Population density 204 people/sq mi; gap vs county median 163","Public county population and density dataset from balsama/us_counties_data"
"48331","Milam County","Texas","-15","15","Milam County, Texas","Population density 26 people/sq mi; gap vs county median -15","Public county population and density dataset from balsama/us_counties_data"
"48333","Mills County","Texas","-35","35","Mills County, Texas","Population density 6 people/sq mi; gap vs county median -35","Public county population and density dataset from balsama/us_counties_data"
"48335","Mitchell County","Texas","-31","31","Mitchell County, Texas","Population density 10 people/sq mi; gap vs county median -31","Public county population and density dataset from balsama/us_counties_data"
"48337","Montague County","Texas","-17","17","Montague County, Texas","Population density 24 people/sq mi; gap vs county median -17","Public county population and density dataset from balsama/us_counties_data"
"48339","Montgomery County","Texas","677","677","Montgomery County, Texas","Population density 718 people/sq mi; gap vs county median 677","Public county population and density dataset from balsama/us_counties_data"
"48341","Moore County","Texas","-17","17","Moore County, Texas","Population density 24 people/sq mi; gap vs county median -17","Public county population and density dataset from balsama/us_counties_data"
"48343","Morris County","Texas","7","7","Morris County, Texas","Population density 48 people/sq mi; gap vs county median 7","Public county population and density dataset from balsama/us_counties_data"
"48345","Motley County","Texas","-40","40","Motley County, Texas","Population density 1 people/sq mi; gap vs county median -40","Public county population and density dataset from balsama/us_counties_data"
"48347","Nacogdoches County","Texas","28","28","Nacogdoches County, Texas","Population density 69 people/sq mi; gap vs county median 28","Public county population and density dataset from balsama/us_counties_data"
"48349","Navarro County","Texas","12","12","Navarro County, Texas","Population density 53 people/sq mi; gap vs county median 12","Public county population and density dataset from balsama/us_counties_data"
"48351","Newton County","Texas","-28","28","Newton County, Texas","Population density 13 people/sq mi; gap vs county median -28","Public county population and density dataset from balsama/us_counties_data"
"48353","Nolan County","Texas","-25","25","Nolan County, Texas","Population density 16 people/sq mi; gap vs county median -25","Public county population and density dataset from balsama/us_counties_data"
"48355","Nueces County","Texas","381","381","Nueces County, Texas","Population density 422 people/sq mi; gap vs county median 381","Public county population and density dataset from balsama/us_counties_data"
"48357","Ochiltree County","Texas","-30","30","Ochiltree County, Texas","Population density 11 people/sq mi; gap vs county median -30","Public county population and density dataset from balsama/us_counties_data"
"48359","Oldham County","Texas","-40","40","Oldham County, Texas","Population density 1 people/sq mi; gap vs county median -40","Public county population and density dataset from balsama/us_counties_data"
"48361","Orange County","Texas","201","201","Orange County, Texas","Population density 242 people/sq mi; gap vs county median 201","Public county population and density dataset from balsama/us_counties_data"
"48363","Palo Pinto County","Texas","-9","9","Palo Pinto County, Texas","Population density 32 people/sq mi; gap vs county median -9","Public county population and density dataset from balsama/us_counties_data"
"48365","Panola County","Texas","-12","12","Panola County, Texas","Population density 29 people/sq mi; gap vs county median -12","Public county population and density dataset from balsama/us_counties_data"
"48367","Parker County","Texas","158","158","Parker County, Texas","Population density 199 people/sq mi; gap vs county median 158","Public county population and density dataset from balsama/us_counties_data"
"48369","Parmer County","Texas","-30","30","Parmer County, Texas","Population density 11 people/sq mi; gap vs county median -30","Public county population and density dataset from balsama/us_counties_data"
"48371","Pecos County","Texas","-38","38","Pecos County, Texas","Population density 3 people/sq mi; gap vs county median -38","Public county population and density dataset from balsama/us_counties_data"
"48373","Polk County","Texas","10","10","Polk County, Texas","Population density 51 people/sq mi; gap vs county median 10","Public county population and density dataset from balsama/us_counties_data"
"48375","Potter County","Texas","85","85","Potter County, Texas","Population density 126 people/sq mi; gap vs county median 85","Public county population and density dataset from balsama/us_counties_data"
"48377","Presidio County","Texas","-40","40","Presidio County, Texas","Population density 1 people/sq mi; gap vs county median -40","Public county population and density dataset from balsama/us_counties_data"
"48379","Rains County","Texas","10","10","Rains County, Texas","Population density 51 people/sq mi; gap vs county median 10","Public county population and density dataset from balsama/us_counties_data"
"48381","Randall County","Texas","124","124","Randall County, Texas","Population density 165 people/sq mi; gap vs county median 124","Public county population and density dataset from balsama/us_counties_data"
"48383","Reagan County","Texas","-38","38","Reagan County, Texas","Population density 3 people/sq mi; gap vs county median -38","Public county population and density dataset from balsama/us_counties_data"
"48385","Real County","Texas","-37","37","Real County, Texas","Population density 4 people/sq mi; gap vs county median -37","Public county population and density dataset from balsama/us_counties_data"
"48387","Red River County","Texas","-30","30","Red River County, Texas","Population density 11 people/sq mi; gap vs county median -30","Public county population and density dataset from balsama/us_counties_data"
"48389","Reeves County","Texas","-36","36","Reeves County, Texas","Population density 5 people/sq mi; gap vs county median -36","Public county population and density dataset from balsama/us_counties_data"
"48391","Refugio County","Texas","-32","32","Refugio County, Texas","Population density 9 people/sq mi; gap vs county median -32","Public county population and density dataset from balsama/us_counties_data"
"48393","Roberts County","Texas","-40","40","Roberts County, Texas","Population density 1 people/sq mi; gap vs county median -40","Public county population and density dataset from balsama/us_counties_data"
"48395","Robertson County","Texas","-20","20","Robertson County, Texas","Population density 21 people/sq mi; gap vs county median -20","Public county population and density dataset from balsama/us_counties_data"
"48397","Rockwall County","Texas","879","879","Rockwall County, Texas","Population density 920 people/sq mi; gap vs county median 879","Public county population and density dataset from balsama/us_counties_data"
"48399","Runnels County","Texas","-32","32","Runnels County, Texas","Population density 9 people/sq mi; gap vs county median -32","Public county population and density dataset from balsama/us_counties_data"
"48401","Rusk County","Texas","17","17","Rusk County, Texas","Population density 58 people/sq mi; gap vs county median 17","Public county population and density dataset from balsama/us_counties_data"
"48403","Sabine County","Texas","-20","20","Sabine County, Texas","Population density 21 people/sq mi; gap vs county median -20","Public county population and density dataset from balsama/us_counties_data"
"48405","San Augustine County","Texas","-26","26","San Augustine County, Texas","Population density 15 people/sq mi; gap vs county median -26","Public county population and density dataset from balsama/us_counties_data"
"48407","San Jacinto County","Texas","10","10","San Jacinto County, Texas","Population density 51 people/sq mi; gap vs county median 10","Public county population and density dataset from balsama/us_counties_data"
"48409","San Patricio County","Texas","62","62","San Patricio County, Texas","Population density 103 people/sq mi; gap vs county median 62","Public county population and density dataset from balsama/us_counties_data"
"48411","San Saba County","Texas","-36","36","San Saba County, Texas","Population density 5 people/sq mi; gap vs county median -36","Public county population and density dataset from balsama/us_counties_data"
"48413","Schleicher County","Texas","-39","39","Schleicher County, Texas","Population density 2 people/sq mi; gap vs county median -39","Public county population and density dataset from balsama/us_counties_data"
"48415","Scurry County","Texas","-23","23","Scurry County, Texas","Population density 18 people/sq mi; gap vs county median -23","Public county population and density dataset from balsama/us_counties_data"
"48417","Shackelford County","Texas","-38","38","Shackelford County, Texas","Population density 3 people/sq mi; gap vs county median -38","Public county population and density dataset from balsama/us_counties_data"
"48419","Shelby County","Texas","-11","11","Shelby County, Texas","Population density 30 people/sq mi; gap vs county median -11","Public county population and density dataset from balsama/us_counties_data"
"48421","Sherman County","Texas","-38","38","Sherman County, Texas","Population density 3 people/sq mi; gap vs county median -38","Public county population and density dataset from balsama/us_counties_data"
"48423","Smith County","Texas","227","227","Smith County, Texas","Population density 268 people/sq mi; gap vs county median 227","Public county population and density dataset from balsama/us_counties_data"
"48425","Somervell County","Texas","13","13","Somervell County, Texas","Population density 54 people/sq mi; gap vs county median 13","Public county population and density dataset from balsama/us_counties_data"
"48427","Starr County","Texas","13","13","Starr County, Texas","Population density 54 people/sq mi; gap vs county median 13","Public county population and density dataset from balsama/us_counties_data"
"48429","Stephens County","Texas","-30","30","Stephens County, Texas","Population density 11 people/sq mi; gap vs county median -30","Public county population and density dataset from balsama/us_counties_data"
"48431","Sterling County","Texas","-39","39","Sterling County, Texas","Population density 2 people/sq mi; gap vs county median -39","Public county population and density dataset from balsama/us_counties_data"
"48433","Stonewall County","Texas","-40","40","Stonewall County, Texas","Population density 1 people/sq mi; gap vs county median -40","Public county population and density dataset from balsama/us_counties_data"
"48435","Sutton County","Texas","-39","39","Sutton County, Texas","Population density 2 people/sq mi; gap vs county median -39","Public county population and density dataset from balsama/us_counties_data"
"48437","Swisher County","Texas","-33","33","Swisher County, Texas","Population density 8 people/sq mi; gap vs county median -33","Public county population and density dataset from balsama/us_counties_data"
"48439","Tarrant County","Texas","2541","2541","Tarrant County, Texas","Population density 2582 people/sq mi; gap vs county median 2541","Public county population and density dataset from balsama/us_counties_data"
"48441","Taylor County","Texas","121","121","Taylor County, Texas","Population density 162 people/sq mi; gap vs county median 121","Public county population and density dataset from balsama/us_counties_data"
"48443","Terrell County","Texas","-41","41","Terrell County, Texas","Population density 0 people/sq mi; gap vs county median -41","Public county population and density dataset from balsama/us_counties_data"
"48445","Terry County","Texas","-28","28","Terry County, Texas","Population density 13 people/sq mi; gap vs county median -28","Public county population and density dataset from balsama/us_counties_data"
"48447","Throckmorton County","Texas","-39","39","Throckmorton County, Texas","Population density 2 people/sq mi; gap vs county median -39","Public county population and density dataset from balsama/us_counties_data"
"48449","Titus County","Texas","36","36","Titus County, Texas","Population density 77 people/sq mi; gap vs county median 36","Public county population and density dataset from balsama/us_counties_data"
"48451","Tom Green County","Texas","38","38","Tom Green County, Texas","Population density 79 people/sq mi; gap vs county median 38","Public county population and density dataset from balsama/us_counties_data"
"48453","Travis County","Texas","1338","1338","Travis County, Texas","Population density 1379 people/sq mi; gap vs county median 1338","Public county population and density dataset from balsama/us_counties_data"
"48455","Trinity County","Texas","-20","20","Trinity County, Texas","Population density 21 people/sq mi; gap vs county median -20","Public county population and density dataset from balsama/us_counties_data"
"48457","Tyler County","Texas","-19","19","Tyler County, Texas","Population density 22 people/sq mi; gap vs county median -19","Public county population and density dataset from balsama/us_counties_data"
"48459","Upshur County","Texas","34","34","Upshur County, Texas","Population density 75 people/sq mi; gap vs county median 34","Public county population and density dataset from balsama/us_counties_data"
"48461","Upton County","Texas","-38","38","Upton County, Texas","Population density 3 people/sq mi; gap vs county median -38","Public county population and density dataset from balsama/us_counties_data"
"48463","Uvalde County","Texas","-25","25","Uvalde County, Texas","Population density 16 people/sq mi; gap vs county median -25","Public county population and density dataset from balsama/us_counties_data"
"48465","Val Verde County","Texas","-26","26","Val Verde County, Texas","Population density 15 people/sq mi; gap vs county median -26","Public county population and density dataset from balsama/us_counties_data"
"48467","Van Zandt County","Texas","36","36","Van Zandt County, Texas","Population density 77 people/sq mi; gap vs county median 36","Public county population and density dataset from balsama/us_counties_data"
"48469","Victoria County","Texas","63","63","Victoria County, Texas","Population density 104 people/sq mi; gap vs county median 63","Public county population and density dataset from balsama/us_counties_data"
"48471","Walker County","Texas","65","65","Walker County, Texas","Population density 106 people/sq mi; gap vs county median 65","Public county population and density dataset from balsama/us_counties_data"
"48473","Waller County","Texas","86","86","Waller County, Texas","Population density 127 people/sq mi; gap vs county median 86","Public county population and density dataset from balsama/us_counties_data"
"48475","Ward County","Texas","-28","28","Ward County, Texas","Population density 13 people/sq mi; gap vs county median -28","Public county population and density dataset from balsama/us_counties_data"
"48477","Washington County","Texas","21","21","Washington County, Texas","Population density 62 people/sq mi; gap vs county median 21","Public county population and density dataset from balsama/us_counties_data"
"48479","Webb County","Texas","40","40","Webb County, Texas","Population density 81 people/sq mi; gap vs county median 40","Public county population and density dataset from balsama/us_counties_data"
"48481","Wharton County","Texas","-2","2","Wharton County, Texas","Population density 39 people/sq mi; gap vs county median -2","Public county population and density dataset from balsama/us_counties_data"
"48483","Wheeler County","Texas","-36","36","Wheeler County, Texas","Population density 5 people/sq mi; gap vs county median -36","Public county population and density dataset from balsama/us_counties_data"
"48485","Wichita County","Texas","166","166","Wichita County, Texas","Population density 207 people/sq mi; gap vs county median 166","Public county population and density dataset from balsama/us_counties_data"
"48487","Wilbarger County","Texas","-28","28","Wilbarger County, Texas","Population density 13 people/sq mi; gap vs county median -28","Public county population and density dataset from balsama/us_counties_data"
"48489","Willacy County","Texas","-7","7","Willacy County, Texas","Population density 34 people/sq mi; gap vs county median -7","Public county population and density dataset from balsama/us_counties_data"
"48491","Williamson County","Texas","606","606","Williamson County, Texas","Population density 647 people/sq mi; gap vs county median 606","Public county population and density dataset from balsama/us_counties_data"
"48493","Wilson County","Texas","28","28","Wilson County, Texas","Population density 69 people/sq mi; gap vs county median 28","Public county population and density dataset from balsama/us_counties_data"
"48495","Winkler County","Texas","-32","32","Winkler County, Texas","Population density 9 people/sq mi; gap vs county median -32","Public county population and density dataset from balsama/us_counties_data"
"48497","Wise County","Texas","49","49","Wise County, Texas","Population density 90 people/sq mi; gap vs county median 49","Public county population and density dataset from balsama/us_counties_data"
"48499","Wood County","Texas","34","34","Wood County, Texas","Population density 75 people/sq mi; gap vs county median 34","Public county population and density dataset from balsama/us_counties_data"
"48501","Yoakum County","Texas","-32","32","Yoakum County, Texas","Population density 9 people/sq mi; gap vs county median -32","Public county population and density dataset from balsama/us_counties_data"
"48503","Young County","Texas","-21","21","Young County, Texas","Population density 20 people/sq mi; gap vs county median -21","Public county population and density dataset from balsama/us_counties_data"
"48505","Zapata County","Texas","-27","27","Zapata County, Texas","Population density 14 people/sq mi; gap vs county median -27","Public county population and density dataset from balsama/us_counties_data"
"48507","Zavala County","Texas","-34","34","Zavala County, Texas","Population density 7 people/sq mi; gap vs county median -34","Public county population and density dataset from balsama/us_counties_data"
"49001","Beaver County","Utah","-38","38","Beaver County, Utah","Population density 3 people/sq mi; gap vs county median -38","Public county population and density dataset from balsama/us_counties_data"
"49003","Box Elder County","Utah","-30","30","Box Elder County, Utah","Population density 11 people/sq mi; gap vs county median -30","Public county population and density dataset from balsama/us_counties_data"
"49005","Cache County","Utah","84","84","Cache County, Utah","Population density 125 people/sq mi; gap vs county median 84","Public county population and density dataset from balsama/us_counties_data"
"49007","Carbon County","Utah","-27","27","Carbon County, Utah","Population density 14 people/sq mi; gap vs county median -27","Public county population and density dataset from balsama/us_counties_data"
"49009","Daggett County","Utah","-40","40","Daggett County, Utah","Population density 1 people/sq mi; gap vs county median -40","Public county population and density dataset from balsama/us_counties_data"
"49011","Davis County","Utah","1225","1225","Davis County, Utah","Population density 1266 people/sq mi; gap vs county median 1225","Public county population and density dataset from balsama/us_counties_data"
"49013","Duchesne County","Utah","-35","35","Duchesne County, Utah","Population density 6 people/sq mi; gap vs county median -35","Public county population and density dataset from balsama/us_counties_data"
"49015","Emery County","Utah","-39","39","Emery County, Utah","Population density 2 people/sq mi; gap vs county median -39","Public county population and density dataset from balsama/us_counties_data"
"49017","Garfield County","Utah","-40","40","Garfield County, Utah","Population density 1 people/sq mi; gap vs county median -40","Public county population and density dataset from balsama/us_counties_data"
"49019","Grand County","Utah","-38","38","Grand County, Utah","Population density 3 people/sq mi; gap vs county median -38","Public county population and density dataset from balsama/us_counties_data"
"49021","Iron County","Utah","-21","21","Iron County, Utah","Population density 20 people/sq mi; gap vs county median -21","Public county population and density dataset from balsama/us_counties_data"
"49023","Juab County","Utah","-37","37","Juab County, Utah","Population density 4 people/sq mi; gap vs county median -37","Public county population and density dataset from balsama/us_counties_data"
"49025","Kane County","Utah","-39","39","Kane County, Utah","Population density 2 people/sq mi; gap vs county median -39","Public county population and density dataset from balsama/us_counties_data"
"49027","Millard County","Utah","-39","39","Millard County, Utah","Population density 2 people/sq mi; gap vs county median -39","Public county population and density dataset from balsama/us_counties_data"
"49029","Morgan County","Utah","-20","20","Morgan County, Utah","Population density 21 people/sq mi; gap vs county median -20","Public county population and density dataset from balsama/us_counties_data"
"49031","Piute County","Utah","-39","39","Piute County, Utah","Population density 2 people/sq mi; gap vs county median -39","Public county population and density dataset from balsama/us_counties_data"
"49033","Rich County","Utah","-38","38","Rich County, Utah","Population density 3 people/sq mi; gap vs county median -38","Public county population and density dataset from balsama/us_counties_data"
"49035","Salt Lake County","Utah","1598","1598","Salt Lake County, Utah","Population density 1639 people/sq mi; gap vs county median 1598","Public county population and density dataset from balsama/us_counties_data"
"49037","San Juan County","Utah","-39","39","San Juan County, Utah","Population density 2 people/sq mi; gap vs county median -39","Public county population and density dataset from balsama/us_counties_data"
"49039","Sanpete County","Utah","-22","22","Sanpete County, Utah","Population density 19 people/sq mi; gap vs county median -22","Public county population and density dataset from balsama/us_counties_data"
"49041","Sevier County","Utah","-29","29","Sevier County, Utah","Population density 12 people/sq mi; gap vs county median -29","Public county population and density dataset from balsama/us_counties_data"
"49043","Summit County","Utah","-18","18","Summit County, Utah","Population density 23 people/sq mi; gap vs county median -18","Public county population and density dataset from balsama/us_counties_data"
"49045","Tooele County","Utah","-29","29","Tooele County, Utah","Population density 12 people/sq mi; gap vs county median -29","Public county population and density dataset from balsama/us_counties_data"
"49047","Uintah County","Utah","-32","32","Uintah County, Utah","Population density 9 people/sq mi; gap vs county median -32","Public county population and density dataset from balsama/us_counties_data"
"49049","Utah County","Utah","332","332","Utah County, Utah","Population density 373 people/sq mi; gap vs county median 332","Public county population and density dataset from balsama/us_counties_data"
"49051","Wasatch County","Utah","-9","9","Wasatch County, Utah","Population density 32 people/sq mi; gap vs county median -9","Public county population and density dataset from balsama/us_counties_data"
"49053","Washington County","Utah","45","45","Washington County, Utah","Population density 86 people/sq mi; gap vs county median 45","Public county population and density dataset from balsama/us_counties_data"
"49055","Wayne County","Utah","-40","40","Wayne County, Utah","Population density 1 people/sq mi; gap vs county median -40","Public county population and density dataset from balsama/us_counties_data"
"49057","Weber County","Utah","438","438","Weber County, Utah","Population density 479 people/sq mi; gap vs county median 438","Public county population and density dataset from balsama/us_counties_data"
"50001","Addison County","Vermont","8","8","Addison County, Vermont","Population density 49 people/sq mi; gap vs county median 8","Public county population and density dataset from balsama/us_counties_data"
"50003","Bennington County","Vermont","14","14","Bennington County, Vermont","Population density 55 people/sq mi; gap vs county median 14","Public county population and density dataset from balsama/us_counties_data"
"50005","Caledonia County","Vermont","6","6","Caledonia County, Vermont","Population density 47 people/sq mi; gap vs county median 6","Public county population and density dataset from balsama/us_counties_data"
"50007","Chittenden County","Vermont","276","276","Chittenden County, Vermont","Population density 317 people/sq mi; gap vs county median 276","Public county population and density dataset from balsama/us_counties_data"
"50009","Essex County","Vermont","-32","32","Essex County, Vermont","Population density 9 people/sq mi; gap vs county median -32","Public county population and density dataset from balsama/us_counties_data"
"50011","Franklin County","Vermont","39","39","Franklin County, Vermont","Population density 80 people/sq mi; gap vs county median 39","Public county population and density dataset from balsama/us_counties_data"
"50013","Grand Isle County","Vermont","50","50","Grand Isle County, Vermont","Population density 91 people/sq mi; gap vs county median 50","Public county population and density dataset from balsama/us_counties_data"
"50015","Lamoille County","Vermont","16","16","Lamoille County, Vermont","Population density 57 people/sq mi; gap vs county median 16","Public county population and density dataset from balsama/us_counties_data"
"50017","Orange County","Vermont","3","3","Orange County, Vermont","Population density 44 people/sq mi; gap vs county median 3","Public county population and density dataset from balsama/us_counties_data"
"50019","Orleans County","Vermont","-1","1","Orleans County, Vermont","Population density 40 people/sq mi; gap vs county median -1","Public county population and density dataset from balsama/us_counties_data"
"50021","Rutland County","Vermont","24","24","Rutland County, Vermont","Population density 65 people/sq mi; gap vs county median 24","Public county population and density dataset from balsama/us_counties_data"
"50023","Washington County","Vermont","46","46","Washington County, Vermont","Population density 87 people/sq mi; gap vs county median 46","Public county population and density dataset from balsama/us_counties_data"
"50025","Windham County","Vermont","17","17","Windham County, Vermont","Population density 58 people/sq mi; gap vs county median 17","Public county population and density dataset from balsama/us_counties_data"
"50027","Windsor County","Vermont","18","18","Windsor County, Vermont","Population density 59 people/sq mi; gap vs county median 18","Public county population and density dataset from balsama/us_counties_data"
"51001","Accomack County","Virginia","32","32","Accomack County, Virginia","Population density 73 people/sq mi; gap vs county median 32","Public county population and density dataset from balsama/us_counties_data"
"51003","Albemarle County","Virginia","121","121","Albemarle County, Virginia","Population density 162 people/sq mi; gap vs county median 121","Public county population and density dataset from balsama/us_counties_data"
"51005","Alleghany County","Virginia","-8","8","Alleghany County, Virginia","Population density 33 people/sq mi; gap vs county median -8","Public county population and density dataset from balsama/us_counties_data"
"51007","Amelia County","Virginia","-3","3","Amelia County, Virginia","Population density 38 people/sq mi; gap vs county median -3","Public county population and density dataset from balsama/us_counties_data"
"51009","Amherst County","Virginia","26","26","Amherst County, Virginia","Population density 67 people/sq mi; gap vs county median 26","Public county population and density dataset from balsama/us_counties_data"
"51011","Appomattox County","Virginia","10","10","Appomattox County, Virginia","Population density 51 people/sq mi; gap vs county median 10","Public county population and density dataset from balsama/us_counties_data"
"51013","Arlington County","Virginia","9182","9182","Arlington County, Virginia","Population density 9223 people/sq mi; gap vs county median 9182","Public county population and density dataset from balsama/us_counties_data"
"51015","Augusta County","Virginia","40","40","Augusta County, Virginia","Population density 81 people/sq mi; gap vs county median 40","Public county population and density dataset from balsama/us_counties_data"
"51017","Bath County","Virginia","-33","33","Bath County, Virginia","Population density 8 people/sq mi; gap vs county median -33","Public county population and density dataset from balsama/us_counties_data"
"51019","Bedford County","Virginia","68","68","Bedford County, Virginia","Population density 109 people/sq mi; gap vs county median 68","Public county population and density dataset from balsama/us_counties_data"
"51021","Bland County","Virginia","-24","24","Bland County, Virginia","Population density 17 people/sq mi; gap vs county median -24","Public county population and density dataset from balsama/us_counties_data"
"51023","Botetourt County","Virginia","22","22","Botetourt County, Virginia","Population density 63 people/sq mi; gap vs county median 22","Public county population and density dataset from balsama/us_counties_data"
"51025","Brunswick County","Virginia","-13","13","Brunswick County, Virginia","Population density 28 people/sq mi; gap vs county median -13","Public county population and density dataset from balsama/us_counties_data"
"51027","Buchanan County","Virginia","-4","4","Buchanan County, Virginia","Population density 37 people/sq mi; gap vs county median -4","Public county population and density dataset from balsama/us_counties_data"
"51029","Buckingham County","Virginia","-12","12","Buckingham County, Virginia","Population density 29 people/sq mi; gap vs county median -12","Public county population and density dataset from balsama/us_counties_data"
"51031","Campbell County","Virginia","69","69","Campbell County, Virginia","Population density 110 people/sq mi; gap vs county median 69","Public county population and density dataset from balsama/us_counties_data"
"51033","Caroline County","Virginia","22","22","Caroline County, Virginia","Population density 63 people/sq mi; gap vs county median 22","Public county population and density dataset from balsama/us_counties_data"
"51035","Carroll County","Virginia","20","20","Carroll County, Virginia","Population density 61 people/sq mi; gap vs county median 20","Public county population and density dataset from balsama/us_counties_data"
"51036","Charles City County","Virginia","-5","5","Charles City County, Virginia","Population density 36 people/sq mi; gap vs county median -5","Public county population and density dataset from balsama/us_counties_data"
"51037","Charlotte County","Virginia","-17","17","Charlotte County, Virginia","Population density 24 people/sq mi; gap vs county median -17","Public county population and density dataset from balsama/us_counties_data"
"51041","Chesterfield County","Virginia","874","874","Chesterfield County, Virginia","Population density 915 people/sq mi; gap vs county median 874","Public county population and density dataset from balsama/us_counties_data"
"51043","Clarke County","Virginia","47","47","Clarke County, Virginia","Population density 88 people/sq mi; gap vs county median 47","Public county population and density dataset from balsama/us_counties_data"
"51045","Craig County","Virginia","-26","26","Craig County, Virginia","Population density 15 people/sq mi; gap vs county median -26","Public county population and density dataset from balsama/us_counties_data"
"51047","Culpeper County","Virginia","106","106","Culpeper County, Virginia","Population density 147 people/sq mi; gap vs county median 106","Public county population and density dataset from balsama/us_counties_data"
"51049","Cumberland County","Virginia","-7","7","Cumberland County, Virginia","Population density 34 people/sq mi; gap vs county median -7","Public county population and density dataset from balsama/us_counties_data"
"51051","Dickenson County","Virginia","-1","1","Dickenson County, Virginia","Population density 40 people/sq mi; gap vs county median -1","Public county population and density dataset from balsama/us_counties_data"
"51053","Dinwiddie County","Virginia","16","16","Dinwiddie County, Virginia","Population density 57 people/sq mi; gap vs county median 16","Public county population and density dataset from balsama/us_counties_data"
"51057","Essex County","Virginia","0","0","Essex County, Virginia","Population density 41 people/sq mi; gap vs county median 0","Public county population and density dataset from balsama/us_counties_data"
"51059","Fairfax County","Virginia","2891","2891","Fairfax County, Virginia","Population density 2932 people/sq mi; gap vs county median 2891","Public county population and density dataset from balsama/us_counties_data"
"51061","Fauquier County","Virginia","76","76","Fauquier County, Virginia","Population density 117 people/sq mi; gap vs county median 76","Public county population and density dataset from balsama/us_counties_data"
"51063","Floyd County","Virginia","0","0","Floyd County, Virginia","Population density 41 people/sq mi; gap vs county median 0","Public county population and density dataset from balsama/us_counties_data"
"51065","Fluvanna County","Virginia","59","59","Fluvanna County, Virginia","Population density 100 people/sq mi; gap vs county median 59","Public county population and density dataset from balsama/us_counties_data"
"51067","Franklin County","Virginia","39","39","Franklin County, Virginia","Population density 80 people/sq mi; gap vs county median 39","Public county population and density dataset from balsama/us_counties_data"
"51069","Frederick County","Virginia","195","195","Frederick County, Virginia","Population density 236 people/sq mi; gap vs county median 195","Public county population and density dataset from balsama/us_counties_data"
"51071","Giles County","Virginia","5","5","Giles County, Virginia","Population density 46 people/sq mi; gap vs county median 5","Public county population and density dataset from balsama/us_counties_data"
"51073","Gloucester County","Virginia","144","144","Gloucester County, Virginia","Population density 185 people/sq mi; gap vs county median 144","Public county population and density dataset from balsama/us_counties_data"
"51075","Goochland County","Virginia","58","58","Goochland County, Virginia","Population density 99 people/sq mi; gap vs county median 58","Public county population and density dataset from balsama/us_counties_data"
"51077","Grayson County","Virginia","-7","7","Grayson County, Virginia","Population density 34 people/sq mi; gap vs county median -7","Public county population and density dataset from balsama/us_counties_data"
"51079","Greene County","Virginia","97","97","Greene County, Virginia","Population density 138 people/sq mi; gap vs county median 97","Public county population and density dataset from balsama/us_counties_data"
"51081","Greensville County","Virginia","-3","3","Greensville County, Virginia","Population density 38 people/sq mi; gap vs county median -3","Public county population and density dataset from balsama/us_counties_data"
"51083","Halifax County","Virginia","0","0","Halifax County, Virginia","Population density 41 people/sq mi; gap vs county median 0","Public county population and density dataset from balsama/us_counties_data"
"51085","Hanover County","Virginia","203","203","Hanover County, Virginia","Population density 244 people/sq mi; gap vs county median 203","Public county population and density dataset from balsama/us_counties_data"
"51087","Henrico County","Virginia","1382","1382","Henrico County, Virginia","Population density 1423 people/sq mi; gap vs county median 1382","Public county population and density dataset from balsama/us_counties_data"
"51089","Henry County","Virginia","88","88","Henry County, Virginia","Population density 129 people/sq mi; gap vs county median 88","Public county population and density dataset from balsama/us_counties_data"
"51091","Highland County","Virginia","-35","35","Highland County, Virginia","Population density 6 people/sq mi; gap vs county median -35","Public county population and density dataset from balsama/us_counties_data"
"51093","Isle of Wight County","Virginia","89","89","Isle of Wight County, Virginia","Population density 130 people/sq mi; gap vs county median 89","Public county population and density dataset from balsama/us_counties_data"
"51095","James City County","Virginia","538","538","James City County, Virginia","Population density 579 people/sq mi; gap vs county median 538","Public county population and density dataset from balsama/us_counties_data"
"51097","King and Queen County","Virginia","-20","20","King and Queen County, Virginia","Population density 21 people/sq mi; gap vs county median -20","Public county population and density dataset from balsama/us_counties_data"
"51099","King George County","Virginia","119","119","King George County, Virginia","Population density 160 people/sq mi; gap vs county median 119","Public county population and density dataset from balsama/us_counties_data"
"51101","King William County","Virginia","29","29","King William County, Virginia","Population density 70 people/sq mi; gap vs county median 29","Public county population and density dataset from balsama/us_counties_data"
"51103","Lancaster County","Virginia","42","42","Lancaster County, Virginia","Population density 83 people/sq mi; gap vs county median 42","Public county population and density dataset from balsama/us_counties_data"
"51105","Lee County","Virginia","9","9","Lee County, Virginia","Population density 50 people/sq mi; gap vs county median 9","Public county population and density dataset from balsama/us_counties_data"
"51107","Loudoun County","Virginia","812","812","Loudoun County, Virginia","Population density 853 people/sq mi; gap vs county median 812","Public county population and density dataset from balsama/us_counties_data"
"51109","Louisa County","Virginia","44","44","Louisa County, Virginia","Population density 85 people/sq mi; gap vs county median 44","Public county population and density dataset from balsama/us_counties_data"
"51111","Lunenburg County","Virginia","-13","13","Lunenburg County, Virginia","Population density 28 people/sq mi; gap vs county median -13","Public county population and density dataset from balsama/us_counties_data"
"51113","Madison County","Virginia","3","3","Madison County, Virginia","Population density 44 people/sq mi; gap vs county median 3","Public county population and density dataset from balsama/us_counties_data"
"51115","Mathews County","Virginia","59","59","Mathews County, Virginia","Population density 100 people/sq mi; gap vs county median 59","Public county population and density dataset from balsama/us_counties_data"
"51117","Mecklenburg County","Virginia","8","8","Mecklenburg County, Virginia","Population density 49 people/sq mi; gap vs county median 8","Public county population and density dataset from balsama/us_counties_data"
"51119","Middlesex County","Virginia","43","43","Middlesex County, Virginia","Population density 84 people/sq mi; gap vs county median 43","Public county population and density dataset from balsama/us_counties_data"
"51121","Montgomery County","Virginia","214","214","Montgomery County, Virginia","Population density 255 people/sq mi; gap vs county median 214","Public county population and density dataset from balsama/us_counties_data"
"51125","Nelson County","Virginia","-10","10","Nelson County, Virginia","Population density 31 people/sq mi; gap vs county median -10","Public county population and density dataset from balsama/us_counties_data"
"51127","New Kent County","Virginia","89","89","New Kent County, Virginia","Population density 130 people/sq mi; gap vs county median 89","Public county population and density dataset from balsama/us_counties_data"
"51131","Northampton County","Virginia","17","17","Northampton County, Virginia","Population density 58 people/sq mi; gap vs county median 17","Public county population and density dataset from balsama/us_counties_data"
"51133","Northumberland County","Virginia","24","24","Northumberland County, Virginia","Population density 65 people/sq mi; gap vs county median 24","Public county population and density dataset from balsama/us_counties_data"
"51135","Nottoway County","Virginia","9","9","Nottoway County, Virginia","Population density 50 people/sq mi; gap vs county median 9","Public county population and density dataset from balsama/us_counties_data"
"51137","Orange County","Virginia","73","73","Orange County, Virginia","Population density 114 people/sq mi; gap vs county median 73","Public county population and density dataset from balsama/us_counties_data"
"51139","Page County","Virginia","35","35","Page County, Virginia","Population density 76 people/sq mi; gap vs county median 35","Public county population and density dataset from balsama/us_counties_data"
"51141","Patrick County","Virginia","-5","5","Patrick County, Virginia","Population density 36 people/sq mi; gap vs county median -5","Public county population and density dataset from balsama/us_counties_data"
"51143","Pittsylvania County","Virginia","20","20","Pittsylvania County, Virginia","Population density 61 people/sq mi; gap vs county median 20","Public county population and density dataset from balsama/us_counties_data"
"51145","Powhatan County","Virginia","83","83","Powhatan County, Virginia","Population density 124 people/sq mi; gap vs county median 83","Public county population and density dataset from balsama/us_counties_data"
"51147","Prince Edward County","Virginia","22","22","Prince Edward County, Virginia","Population density 63 people/sq mi; gap vs county median 22","Public county population and density dataset from balsama/us_counties_data"
"51149","Prince George County","Virginia","123","123","Prince George County, Virginia","Population density 164 people/sq mi; gap vs county median 123","Public county population and density dataset from balsama/us_counties_data"
"51153","Prince William County","Virginia","1429","1429","Prince William County, Virginia","Population density 1470 people/sq mi; gap vs county median 1429","Public county population and density dataset from balsama/us_counties_data"
"51155","Pulaski County","Virginia","64","64","Pulaski County, Virginia","Population density 105 people/sq mi; gap vs county median 64","Public county population and density dataset from balsama/us_counties_data"
"51157","Rappahannock County","Virginia","-13","13","Rappahannock County, Virginia","Population density 28 people/sq mi; gap vs county median -13","Public county population and density dataset from balsama/us_counties_data"
"51159","Richmond County","Virginia","7","7","Richmond County, Virginia","Population density 48 people/sq mi; gap vs county median 7","Public county population and density dataset from balsama/us_counties_data"
"51161","Roanoke County","Virginia","347","347","Roanoke County, Virginia","Population density 388 people/sq mi; gap vs county median 347","Public county population and density dataset from balsama/us_counties_data"
"51163","Rockbridge County","Virginia","-4","4","Rockbridge County, Virginia","Population density 37 people/sq mi; gap vs county median -4","Public county population and density dataset from balsama/us_counties_data"
"51165","Rockingham County","Virginia","62","62","Rockingham County, Virginia","Population density 103 people/sq mi; gap vs county median 62","Public county population and density dataset from balsama/us_counties_data"
"51167","Russell County","Virginia","13","13","Russell County, Virginia","Population density 54 people/sq mi; gap vs county median 13","Public county population and density dataset from balsama/us_counties_data"
"51169","Scott County","Virginia","-1","1","Scott County, Virginia","Population density 40 people/sq mi; gap vs county median -1","Public county population and density dataset from balsama/us_counties_data"
"51171","Shenandoah County","Virginia","48","48","Shenandoah County, Virginia","Population density 89 people/sq mi; gap vs county median 48","Public county population and density dataset from balsama/us_counties_data"
"51173","Smyth County","Virginia","23","23","Smyth County, Virginia","Population density 64 people/sq mi; gap vs county median 23","Public county population and density dataset from balsama/us_counties_data"
"51175","Southampton County","Virginia","-11","11","Southampton County, Virginia","Population density 30 people/sq mi; gap vs county median -11","Public county population and density dataset from balsama/us_counties_data"
"51177","Spotsylvania County","Virginia","338","338","Spotsylvania County, Virginia","Population density 379 people/sq mi; gap vs county median 338","Public county population and density dataset from balsama/us_counties_data"
"51179","Stafford County","Virginia","585","585","Stafford County, Virginia","Population density 626 people/sq mi; gap vs county median 585","Public county population and density dataset from balsama/us_counties_data"
"51181","Surry County","Virginia","-17","17","Surry County, Virginia","Population density 24 people/sq mi; gap vs county median -17","Public county population and density dataset from balsama/us_counties_data"
"51183","Sussex County","Virginia","-19","19","Sussex County, Virginia","Population density 22 people/sq mi; gap vs county median -19","Public county population and density dataset from balsama/us_counties_data"
"51185","Tazewell County","Virginia","34","34","Tazewell County, Virginia","Population density 75 people/sq mi; gap vs county median 34","Public county population and density dataset from balsama/us_counties_data"
"51187","Warren County","Virginia","157","157","Warren County, Virginia","Population density 198 people/sq mi; gap vs county median 157","Public county population and density dataset from balsama/us_counties_data"
"51191","Washington County","Virginia","55","55","Washington County, Virginia","Population density 96 people/sq mi; gap vs county median 55","Public county population and density dataset from balsama/us_counties_data"
"51193","Westmoreland County","Virginia","43","43","Westmoreland County, Virginia","Population density 84 people/sq mi; gap vs county median 43","Public county population and density dataset from balsama/us_counties_data"
"51195","Wise County","Virginia","46","46","Wise County, Virginia","Population density 87 people/sq mi; gap vs county median 46","Public county population and density dataset from balsama/us_counties_data"
"51197","Wythe County","Virginia","20","20","Wythe County, Virginia","Population density 61 people/sq mi; gap vs county median 20","Public county population and density dataset from balsama/us_counties_data"
"51199","York County","Virginia","633","633","York County, Virginia","Population density 674 people/sq mi; gap vs county median 633","Public county population and density dataset from balsama/us_counties_data"
"53001","Adams County","Washington","20998","20998","Adams County, Washington","Population density 21039 people/sq mi; gap vs county median 20998","Public county population and density dataset from balsama/us_counties_data"
"53003","Asotin County","Washington","7467","7467","Asotin County, Washington","Population density 7508 people/sq mi; gap vs county median 7467","Public county population and density dataset from balsama/us_counties_data"
"53005","Benton County","Washington","43597","43597","Benton County, Washington","Population density 43638 people/sq mi; gap vs county median 43597","Public county population and density dataset from balsama/us_counties_data"
"53007","Chelan County","Washington","11563","11563","Chelan County, Washington","Population density 11604 people/sq mi; gap vs county median 11563","Public county population and density dataset from balsama/us_counties_data"
"53009","Clallam County","Washington","8621","8621","Clallam County, Washington","Population density 8662 people/sq mi; gap vs county median 8621","Public county population and density dataset from balsama/us_counties_data"
"53011","Clark County","Washington","47893","47893","Clark County, Washington","Population density 47934 people/sq mi; gap vs county median 47893","Public county population and density dataset from balsama/us_counties_data"
"53013","Columbia County","Washington","269","269","Columbia County, Washington","Population density 310 people/sq mi; gap vs county median 269","Public county population and density dataset from balsama/us_counties_data"
"53015","Cowlitz County","Washington","7558","7558","Cowlitz County, Washington","Population density 7599 people/sq mi; gap vs county median 7558","Public county population and density dataset from balsama/us_counties_data"
"53017","Douglas County","Washington","2653","2653","Douglas County, Washington","Population density 2694 people/sq mi; gap vs county median 2653","Public county population and density dataset from balsama/us_counties_data"
"53019","Ferry County","Washington","356","356","Ferry County, Washington","Population density 397 people/sq mi; gap vs county median 356","Public county population and density dataset from balsama/us_counties_data"
"53021","Franklin County","Washington","4780","4780","Franklin County, Washington","Population density 4821 people/sq mi; gap vs county median 4780","Public county population and density dataset from balsama/us_counties_data"
"53023","Garfield County","Washington","64","64","Garfield County, Washington","Population density 105 people/sq mi; gap vs county median 64","Public county population and density dataset from balsama/us_counties_data"
"53025","Grant County","Washington","4148","4148","Grant County, Washington","Population density 4189 people/sq mi; gap vs county median 4148","Public county population and density dataset from balsama/us_counties_data"
"53027","Grays Harbor County","Washington","2844","2844","Grays Harbor County, Washington","Population density 2885 people/sq mi; gap vs county median 2844","Public county population and density dataset from balsama/us_counties_data"
"53029","Island County","Washington","2941","2941","Island County, Washington","Population density 2982 people/sq mi; gap vs county median 2941","Public county population and density dataset from balsama/us_counties_data"
"53031","Jefferson County","Washington","1054","1054","Jefferson County, Washington","Population density 1095 people/sq mi; gap vs county median 1054","Public county population and density dataset from balsama/us_counties_data"
"53033","King County","Washington","70874","70874","King County, Washington","Population density 70915 people/sq mi; gap vs county median 70874","Public county population and density dataset from balsama/us_counties_data"
"53035","Kitsap County","Washington","8000","8000","Kitsap County, Washington","Population density 8041 people/sq mi; gap vs county median 8000","Public county population and density dataset from balsama/us_counties_data"
"53037","Kittitas County","Washington","1261","1261","Kittitas County, Washington","Population density 1302 people/sq mi; gap vs county median 1261","Public county population and density dataset from balsama/us_counties_data"
"53039","Klickitat County","Washington","578","578","Klickitat County, Washington","Population density 619 people/sq mi; gap vs county median 578","Public county population and density dataset from balsama/us_counties_data"
"53041","Lewis County","Washington","2082","2082","Lewis County, Washington","Population density 2123 people/sq mi; gap vs county median 2082","Public county population and density dataset from balsama/us_counties_data"
"53043","Lincoln County","Washington","235","235","Lincoln County, Washington","Population density 276 people/sq mi; gap vs county median 235","Public county population and density dataset from balsama/us_counties_data"
"53045","Mason County","Washington","1506","1506","Mason County, Washington","Population density 1547 people/sq mi; gap vs county median 1506","Public county population and density dataset from balsama/us_counties_data"
"53047","Okanogan County","Washington","915","915","Okanogan County, Washington","Population density 956 people/sq mi; gap vs county median 915","Public county population and density dataset from balsama/us_counties_data"
"53049","Pacific County","Washington","454","454","Pacific County, Washington","Population density 495 people/sq mi; gap vs county median 454","Public county population and density dataset from balsama/us_counties_data"
"53051","Pend Oreille County","Washington","240","240","Pend Oreille County, Washington","Population density 281 people/sq mi; gap vs county median 240","Public county population and density dataset from balsama/us_counties_data"
"53053","Pierce County","Washington","17717","17717","Pierce County, Washington","Population density 17758 people/sq mi; gap vs county median 17717","Public county population and density dataset from balsama/us_counties_data"
"53055","San Juan County","Washington","298","298","San Juan County, Washington","Population density 339 people/sq mi; gap vs county median 298","Public county population and density dataset from balsama/us_counties_data"
"53057","Skagit County","Washington","2288","2288","Skagit County, Washington","Population density 2329 people/sq mi; gap vs county median 2288","Public county population and density dataset from balsama/us_counties_data"
"53059","Skamania County","Washington","174","174","Skamania County, Washington","Population density 215 people/sq mi; gap vs county median 174","Public county population and density dataset from balsama/us_counties_data"
"53061","Snohomish County","Washington","14125","14125","Snohomish County, Washington","Population density 14166 people/sq mi; gap vs county median 14125","Public county population and density dataset from balsama/us_counties_data"
"53063","Spokane County","Washington","8784","8784","Spokane County, Washington","Population density 8825 people/sq mi; gap vs county median 8784","Public county population and density dataset from balsama/us_counties_data"
"53065","Stevens County","Washington","713","713","Stevens County, Washington","Population density 754 people/sq mi; gap vs county median 713","Public county population and density dataset from balsama/us_counties_data"
"53067","Thurston County","Washington","4480","4480","Thurston County, Washington","Population density 4521 people/sq mi; gap vs county median 4480","Public county population and density dataset from balsama/us_counties_data"
"53069","Wahkiakum County","Washington","29","29","Wahkiakum County, Washington","Population density 70 people/sq mi; gap vs county median 29","Public county population and density dataset from balsama/us_counties_data"
"53071","Walla Walla County","Washington","833","833","Walla Walla County, Washington","Population density 874 people/sq mi; gap vs county median 833","Public county population and density dataset from balsama/us_counties_data"
"53073","Whatcom County","Washington","3178","3178","Whatcom County, Washington","Population density 3219 people/sq mi; gap vs county median 3178","Public county population and density dataset from balsama/us_counties_data"
"53075","Whitman County","Washington","604","604","Whitman County, Washington","Population density 645 people/sq mi; gap vs county median 604","Public county population and density dataset from balsama/us_counties_data"
"53077","Yakima County","Washington","3316","3316","Yakima County, Washington","Population density 3357 people/sq mi; gap vs county median 3316","Public county population and density dataset from balsama/us_counties_data"
"54001","Barbour County","West Virginia","4","4","Barbour County, West Virginia","Population density 45 people/sq mi; gap vs county median 4","Public county population and density dataset from balsama/us_counties_data"
"54003","Berkeley County","West Virginia","384","384","Berkeley County, West Virginia","Population density 425 people/sq mi; gap vs county median 384","Public county population and density dataset from balsama/us_counties_data"
"54005","Boone County","West Virginia","0","0","Boone County, West Virginia","Population density 41 people/sq mi; gap vs county median 0","Public county population and density dataset from balsama/us_counties_data"
"54007","Braxton County","West Virginia","-18","18","Braxton County, West Virginia","Population density 23 people/sq mi; gap vs county median -18","Public county population and density dataset from balsama/us_counties_data"
"54009","Brooke County","West Virginia","198","198","Brooke County, West Virginia","Population density 239 people/sq mi; gap vs county median 198","Public county population and density dataset from balsama/us_counties_data"
"54011","Cabell County","West Virginia","283","283","Cabell County, West Virginia","Population density 324 people/sq mi; gap vs county median 283","Public county population and density dataset from balsama/us_counties_data"
"54013","Calhoun County","West Virginia","-20","20","Calhoun County, West Virginia","Population density 21 people/sq mi; gap vs county median -20","Public county population and density dataset from balsama/us_counties_data"
"54015","Clay County","West Virginia","-19","19","Clay County, West Virginia","Population density 22 people/sq mi; gap vs county median -19","Public county population and density dataset from balsama/us_counties_data"
"54017","Doddridge County","West Virginia","-17","17","Doddridge County, West Virginia","Population density 24 people/sq mi; gap vs county median -17","Public county population and density dataset from balsama/us_counties_data"
"54019","Fayette County","West Virginia","17","17","Fayette County, West Virginia","Population density 58 people/sq mi; gap vs county median 17","Public county population and density dataset from balsama/us_counties_data"
"54021","Gilmer County","West Virginia","-20","20","Gilmer County, West Virginia","Population density 21 people/sq mi; gap vs county median -20","Public county population and density dataset from balsama/us_counties_data"
"54023","Grant County","West Virginia","-18","18","Grant County, West Virginia","Population density 23 people/sq mi; gap vs county median -18","Public county population and density dataset from balsama/us_counties_data"
"54025","Greenbrier County","West Virginia","-10","10","Greenbrier County, West Virginia","Population density 31 people/sq mi; gap vs county median -10","Public county population and density dataset from balsama/us_counties_data"
"54027","Hampshire County","West Virginia","-4","4","Hampshire County, West Virginia","Population density 37 people/sq mi; gap vs county median -4","Public county population and density dataset from balsama/us_counties_data"
"54029","Hancock County","West Virginia","297","297","Hancock County, West Virginia","Population density 338 people/sq mi; gap vs county median 297","Public county population and density dataset from balsama/us_counties_data"
"54031","Hardy County","West Virginia","-16","16","Hardy County, West Virginia","Population density 25 people/sq mi; gap vs county median -16","Public county population and density dataset from balsama/us_counties_data"
"54033","Harrison County","West Virginia","114","114","Harrison County, West Virginia","Population density 155 people/sq mi; gap vs county median 114","Public county population and density dataset from balsama/us_counties_data"
"54035","Jackson County","West Virginia","18","18","Jackson County, West Virginia","Population density 59 people/sq mi; gap vs county median 18","Public county population and density dataset from balsama/us_counties_data"
"54037","Jefferson County","West Virginia","251","251","Jefferson County, West Virginia","Population density 292 people/sq mi; gap vs county median 251","Public county population and density dataset from balsama/us_counties_data"
"54039","Kanawha County","West Virginia","152","152","Kanawha County, West Virginia","Population density 193 people/sq mi; gap vs county median 152","Public county population and density dataset from balsama/us_counties_data"
"54041","Lewis County","West Virginia","1","1","Lewis County, West Virginia","Population density 42 people/sq mi; gap vs county median 1","Public county population and density dataset from balsama/us_counties_data"
"54043","Lincoln County","West Virginia","3","3","Lincoln County, West Virginia","Population density 44 people/sq mi; gap vs county median 3","Public county population and density dataset from balsama/us_counties_data"
"54045","Logan County","West Virginia","26","26","Logan County, West Virginia","Population density 67 people/sq mi; gap vs county median 26","Public county population and density dataset from balsama/us_counties_data"
"54047","McDowell County","West Virginia","-9","9","McDowell County, West Virginia","Population density 32 people/sq mi; gap vs county median -9","Public county population and density dataset from balsama/us_counties_data"
"54049","Marion County","West Virginia","139","139","Marion County, West Virginia","Population density 180 people/sq mi; gap vs county median 139","Public county population and density dataset from balsama/us_counties_data"
"54051","Marshall County","West Virginia","55","55","Marshall County, West Virginia","Population density 96 people/sq mi; gap vs county median 55","Public county population and density dataset from balsama/us_counties_data"
"54053","Mason County","West Virginia","16","16","Mason County, West Virginia","Population density 57 people/sq mi; gap vs county median 16","Public county population and density dataset from balsama/us_counties_data"
"54055","Mercer County","West Virginia","96","96","Mercer County, West Virginia","Population density 137 people/sq mi; gap vs county median 96","Public county population and density dataset from balsama/us_counties_data"
"54057","Mineral County","West Virginia","41","41","Mineral County, West Virginia","Population density 82 people/sq mi; gap vs county median 41","Public county population and density dataset from balsama/us_counties_data"
"54059","Mingo County","West Virginia","10","10","Mingo County, West Virginia","Population density 51 people/sq mi; gap vs county median 10","Public county population and density dataset from balsama/us_counties_data"
"54061","Monongalia County","West Virginia","260","260","Monongalia County, West Virginia","Population density 301 people/sq mi; gap vs county median 260","Public county population and density dataset from balsama/us_counties_data"
"54063","Monroe County","West Virginia","-15","15","Monroe County, West Virginia","Population density 26 people/sq mi; gap vs county median -15","Public county population and density dataset from balsama/us_counties_data"
"54065","Morgan County","West Virginia","37","37","Morgan County, West Virginia","Population density 78 people/sq mi; gap vs county median 37","Public county population and density dataset from balsama/us_counties_data"
"54067","Nicholas County","West Virginia","-4","4","Nicholas County, West Virginia","Population density 37 people/sq mi; gap vs county median -4","Public county population and density dataset from balsama/us_counties_data"
"54069","Ohio County","West Virginia","347","347","Ohio County, West Virginia","Population density 388 people/sq mi; gap vs county median 347","Public county population and density dataset from balsama/us_counties_data"
"54071","Pendleton County","West Virginia","-32","32","Pendleton County, West Virginia","Population density 9 people/sq mi; gap vs county median -32","Public county population and density dataset from balsama/us_counties_data"
"54073","Pleasants County","West Virginia","15","15","Pleasants County, West Virginia","Population density 56 people/sq mi; gap vs county median 15","Public county population and density dataset from balsama/us_counties_data"
"54075","Pocahontas County","West Virginia","-33","33","Pocahontas County, West Virginia","Population density 8 people/sq mi; gap vs county median -33","Public county population and density dataset from balsama/us_counties_data"
"54077","Preston County","West Virginia","12","12","Preston County, West Virginia","Population density 53 people/sq mi; gap vs county median 12","Public county population and density dataset from balsama/us_counties_data"
"54079","Putnam County","West Virginia","124","124","Putnam County, West Virginia","Population density 165 people/sq mi; gap vs county median 124","Public county population and density dataset from balsama/us_counties_data"
"54081","Raleigh County","West Virginia","78","78","Raleigh County, West Virginia","Population density 119 people/sq mi; gap vs county median 78","Public county population and density dataset from balsama/us_counties_data"
"54083","Randolph County","West Virginia","-15","15","Randolph County, West Virginia","Population density 26 people/sq mi; gap vs county median -15","Public county population and density dataset from balsama/us_counties_data"
"54085","Ritchie County","West Virginia","-23","23","Ritchie County, West Virginia","Population density 18 people/sq mi; gap vs county median -23","Public county population and density dataset from balsama/us_counties_data"
"54087","Roane County","West Virginia","-13","13","Roane County, West Virginia","Population density 28 people/sq mi; gap vs county median -13","Public county population and density dataset from balsama/us_counties_data"
"54089","Summers County","West Virginia","-9","9","Summers County, West Virginia","Population density 32 people/sq mi; gap vs county median -9","Public county population and density dataset from balsama/us_counties_data"
"54091","Taylor County","West Virginia","54","54","Taylor County, West Virginia","Population density 95 people/sq mi; gap vs county median 54","Public county population and density dataset from balsama/us_counties_data"
"54093","Tucker County","West Virginia","-25","25","Tucker County, West Virginia","Population density 16 people/sq mi; gap vs county median -25","Public county population and density dataset from balsama/us_counties_data"
"54095","Tyler County","West Virginia","-11","11","Tyler County, West Virginia","Population density 30 people/sq mi; gap vs county median -11","Public county population and density dataset from balsama/us_counties_data"
"54097","Upshur County","West Virginia","26","26","Upshur County, West Virginia","Population density 67 people/sq mi; gap vs county median 26","Public county population and density dataset from balsama/us_counties_data"
"54099","Wayne County","West Virginia","33","33","Wayne County, West Virginia","Population density 74 people/sq mi; gap vs county median 33","Public county population and density dataset from balsama/us_counties_data"
"54101","Webster County","West Virginia","-27","27","Webster County, West Virginia","Population density 14 people/sq mi; gap vs county median -27","Public county population and density dataset from balsama/us_counties_data"
"54103","Wetzel County","West Virginia","-3","3","Wetzel County, West Virginia","Population density 38 people/sq mi; gap vs county median -3","Public county population and density dataset from balsama/us_counties_data"
"54105","Wirt County","West Virginia","-20","20","Wirt County, West Virginia","Population density 21 people/sq mi; gap vs county median -20","Public county population and density dataset from balsama/us_counties_data"
"54107","Wood County","West Virginia","184","184","Wood County, West Virginia","Population density 225 people/sq mi; gap vs county median 184","Public county population and density dataset from balsama/us_counties_data"
"54109","Wyoming County","West Virginia","-1","1","Wyoming County, West Virginia","Population density 40 people/sq mi; gap vs county median -1","Public county population and density dataset from balsama/us_counties_data"
"55001","Adams County","Wisconsin","-8","8","Adams County, Wisconsin","Population density 33 people/sq mi; gap vs county median -8","Public county population and density dataset from balsama/us_counties_data"
"55003","Ashland County","Wisconsin","-26","26","Ashland County, Wisconsin","Population density 15 people/sq mi; gap vs county median -26","Public county population and density dataset from balsama/us_counties_data"
"55005","Barron County","Wisconsin","13","13","Barron County, Wisconsin","Population density 54 people/sq mi; gap vs county median 13","Public county population and density dataset from balsama/us_counties_data"
"55007","Bayfield County","Wisconsin","-30","30","Bayfield County, Wisconsin","Population density 11 people/sq mi; gap vs county median -30","Public county population and density dataset from balsama/us_counties_data"
"55009","Brown County","Wisconsin","477","477","Brown County, Wisconsin","Population density 518 people/sq mi; gap vs county median 477","Public county population and density dataset from balsama/us_counties_data"
"55011","Buffalo County","Wisconsin","-21","21","Buffalo County, Wisconsin","Population density 20 people/sq mi; gap vs county median -21","Public county population and density dataset from balsama/us_counties_data"
"55013","Burnett County","Wisconsin","-20","20","Burnett County, Wisconsin","Population density 21 people/sq mi; gap vs county median -20","Public county population and density dataset from balsama/us_counties_data"
"55015","Calumet County","Wisconsin","128","128","Calumet County, Wisconsin","Population density 169 people/sq mi; gap vs county median 128","Public county population and density dataset from balsama/us_counties_data"
"55017","Chippewa County","Wisconsin","26","26","Chippewa County, Wisconsin","Population density 67 people/sq mi; gap vs county median 26","Public county population and density dataset from balsama/us_counties_data"
"55019","Clark County","Wisconsin","-12","12","Clark County, Wisconsin","Population density 29 people/sq mi; gap vs county median -12","Public county population and density dataset from balsama/us_counties_data"
"55021","Columbia County","Wisconsin","35","35","Columbia County, Wisconsin","Population density 76 people/sq mi; gap vs county median 35","Public county population and density dataset from balsama/us_counties_data"
"55023","Crawford County","Wisconsin","-13","13","Crawford County, Wisconsin","Population density 28 people/sq mi; gap vs county median -13","Public county population and density dataset from balsama/us_counties_data"
"55025","Dane County","Wisconsin","451","451","Dane County, Wisconsin","Population density 492 people/sq mi; gap vs county median 451","Public county population and density dataset from balsama/us_counties_data"
"55027","Dodge County","Wisconsin","60","60","Dodge County, Wisconsin","Population density 101 people/sq mi; gap vs county median 60","Public county population and density dataset from balsama/us_counties_data"
"55029","Door County","Wisconsin","22","22","Door County, Wisconsin","Population density 63 people/sq mi; gap vs county median 22","Public county population and density dataset from balsama/us_counties_data"
"55031","Douglas County","Wisconsin","-7","7","Douglas County, Wisconsin","Population density 34 people/sq mi; gap vs county median -7","Public county population and density dataset from balsama/us_counties_data"
"55033","Dunn County","Wisconsin","13","13","Dunn County, Wisconsin","Population density 54 people/sq mi; gap vs county median 13","Public county population and density dataset from balsama/us_counties_data"
"55035","Eau Claire County","Wisconsin","130","130","Eau Claire County, Wisconsin","Population density 171 people/sq mi; gap vs county median 130","Public county population and density dataset from balsama/us_counties_data"
"55037","Florence County","Wisconsin","-31","31","Florence County, Wisconsin","Population density 10 people/sq mi; gap vs county median -31","Public county population and density dataset from balsama/us_counties_data"
"55039","Fond du Lac County","Wisconsin","104","104","Fond du Lac County, Wisconsin","Population density 145 people/sq mi; gap vs county median 104","Public county population and density dataset from balsama/us_counties_data"
"55041","Forest County","Wisconsin","-32","32","Forest County, Wisconsin","Population density 9 people/sq mi; gap vs county median -32","Public county population and density dataset from balsama/us_counties_data"
"55043","Grant County","Wisconsin","5","5","Grant County, Wisconsin","Population density 46 people/sq mi; gap vs county median 5","Public county population and density dataset from balsama/us_counties_data"
"55045","Green County","Wisconsin","23","23","Green County, Wisconsin","Population density 64 people/sq mi; gap vs county median 23","Public county population and density dataset from balsama/us_counties_data"
"55047","Green Lake County","Wisconsin","15","15","Green Lake County, Wisconsin","Population density 56 people/sq mi; gap vs county median 15","Public county population and density dataset from balsama/us_counties_data"
"55049","Iowa County","Wisconsin","-10","10","Iowa County, Wisconsin","Population density 31 people/sq mi; gap vs county median -10","Public county population and density dataset from balsama/us_counties_data"
"55051","Iron County","Wisconsin","-33","33","Iron County, Wisconsin","Population density 8 people/sq mi; gap vs county median -33","Public county population and density dataset from balsama/us_counties_data"
"55053","Jackson County","Wisconsin","-20","20","Jackson County, Wisconsin","Population density 21 people/sq mi; gap vs county median -20","Public county population and density dataset from balsama/us_counties_data"
"55055","Jefferson County","Wisconsin","114","114","Jefferson County, Wisconsin","Population density 155 people/sq mi; gap vs county median 114","Public county population and density dataset from balsama/us_counties_data"
"55057","Juneau County","Wisconsin","-6","6","Juneau County, Wisconsin","Population density 35 people/sq mi; gap vs county median -6","Public county population and density dataset from balsama/us_counties_data"
"55059","Kenosha County","Wisconsin","582","582","Kenosha County, Wisconsin","Population density 623 people/sq mi; gap vs county median 582","Public county population and density dataset from balsama/us_counties_data"
"55061","Kewaunee County","Wisconsin","20","20","Kewaunee County, Wisconsin","Population density 61 people/sq mi; gap vs county median 20","Public county population and density dataset from balsama/us_counties_data"
"55063","La Crosse County","Wisconsin","227","227","La Crosse County, Wisconsin","Population density 268 people/sq mi; gap vs county median 227","Public county population and density dataset from balsama/us_counties_data"
"55065","Lafayette County","Wisconsin","-14","14","Lafayette County, Wisconsin","Population density 27 people/sq mi; gap vs county median -14","Public county population and density dataset from balsama/us_counties_data"
"55067","Langlade County","Wisconsin","-19","19","Langlade County, Wisconsin","Population density 22 people/sq mi; gap vs county median -19","Public county population and density dataset from balsama/us_counties_data"
"55069","Lincoln County","Wisconsin","-9","9","Lincoln County, Wisconsin","Population density 32 people/sq mi; gap vs county median -9","Public county population and density dataset from balsama/us_counties_data"
"55071","Manitowoc County","Wisconsin","97","97","Manitowoc County, Wisconsin","Population density 138 people/sq mi; gap vs county median 97","Public county population and density dataset from balsama/us_counties_data"
"55073","Marathon County","Wisconsin","49","49","Marathon County, Wisconsin","Population density 90 people/sq mi; gap vs county median 49","Public county population and density dataset from balsama/us_counties_data"
"55075","Marinette County","Wisconsin","-11","11","Marinette County, Wisconsin","Population density 30 people/sq mi; gap vs county median -11","Public county population and density dataset from balsama/us_counties_data"
"55077","Marquette County","Wisconsin","-6","6","Marquette County, Wisconsin","Population density 35 people/sq mi; gap vs county median -6","Public county population and density dataset from balsama/us_counties_data"
"55078","Menominee County","Wisconsin","-29","29","Menominee County, Wisconsin","Population density 12 people/sq mi; gap vs county median -29","Public county population and density dataset from balsama/us_counties_data"
"55079","Milwaukee County","Wisconsin","3796","3796","Milwaukee County, Wisconsin","Population density 3837 people/sq mi; gap vs county median 3796","Public county population and density dataset from balsama/us_counties_data"
"55081","Monroe County","Wisconsin","11","11","Monroe County, Wisconsin","Population density 52 people/sq mi; gap vs county median 11","Public county population and density dataset from balsama/us_counties_data"
"55083","Oconto County","Wisconsin","-1","1","Oconto County, Wisconsin","Population density 40 people/sq mi; gap vs county median -1","Public county population and density dataset from balsama/us_counties_data"
"55085","Oneida County","Wisconsin","-7","7","Oneida County, Wisconsin","Population density 34 people/sq mi; gap vs county median -7","Public county population and density dataset from balsama/us_counties_data"
"55087","Outagamie County","Wisconsin","266","266","Outagamie County, Wisconsin","Population density 307 people/sq mi; gap vs county median 266","Public county population and density dataset from balsama/us_counties_data"
"55089","Ozaukee County","Wisconsin","362","362","Ozaukee County, Wisconsin","Population density 403 people/sq mi; gap vs county median 362","Public county population and density dataset from balsama/us_counties_data"
"55091","Pepin County","Wisconsin","-8","8","Pepin County, Wisconsin","Population density 33 people/sq mi; gap vs county median -8","Public county population and density dataset from balsama/us_counties_data"
"55093","Pierce County","Wisconsin","35","35","Pierce County, Wisconsin","Population density 76 people/sq mi; gap vs county median 35","Public county population and density dataset from balsama/us_counties_data"
"55095","Polk County","Wisconsin","9","9","Polk County, Wisconsin","Population density 50 people/sq mi; gap vs county median 9","Public county population and density dataset from balsama/us_counties_data"
"55097","Portage County","Wisconsin","49","49","Portage County, Wisconsin","Population density 90 people/sq mi; gap vs county median 49","Public county population and density dataset from balsama/us_counties_data"
"55099","Price County","Wisconsin","-30","30","Price County, Wisconsin","Population density 11 people/sq mi; gap vs county median -30","Public county population and density dataset from balsama/us_counties_data"
"55101","Racine County","Wisconsin","557","557","Racine County, Wisconsin","Population density 598 people/sq mi; gap vs county median 557","Public county population and density dataset from balsama/us_counties_data"
"55103","Richland County","Wisconsin","-12","12","Richland County, Wisconsin","Population density 29 people/sq mi; gap vs county median -12","Public county population and density dataset from balsama/us_counties_data"
"55105","Rock County","Wisconsin","189","189","Rock County, Wisconsin","Population density 230 people/sq mi; gap vs county median 189","Public county population and density dataset from balsama/us_counties_data"
"55107","Rusk County","Wisconsin","-25","25","Rusk County, Wisconsin","Population density 16 people/sq mi; gap vs county median -25","Public county population and density dataset from balsama/us_counties_data"
"55109","St. Croix County","Wisconsin","95","95","St. Croix County, Wisconsin","Population density 136 people/sq mi; gap vs county median 95","Public county population and density dataset from balsama/us_counties_data"
"55111","Sauk County","Wisconsin","39","39","Sauk County, Wisconsin","Population density 80 people/sq mi; gap vs county median 39","Public county population and density dataset from balsama/us_counties_data"
"55113","Sawyer County","Wisconsin","-26","26","Sawyer County, Wisconsin","Population density 15 people/sq mi; gap vs county median -26","Public county population and density dataset from balsama/us_counties_data"
"55115","Shawano County","Wisconsin","5","5","Shawano County, Wisconsin","Population density 46 people/sq mi; gap vs county median 5","Public county population and density dataset from balsama/us_counties_data"
"55117","Sheboygan County","Wisconsin","191","191","Sheboygan County, Wisconsin","Population density 232 people/sq mi; gap vs county median 191","Public county population and density dataset from balsama/us_counties_data"
"55119","Taylor County","Wisconsin","-20","20","Taylor County, Wisconsin","Population density 21 people/sq mi; gap vs county median -20","Public county population and density dataset from balsama/us_counties_data"
"55121","Trempealeau County","Wisconsin","1","1","Trempealeau County, Wisconsin","Population density 42 people/sq mi; gap vs county median 1","Public county population and density dataset from balsama/us_counties_data"
"55123","Vernon County","Wisconsin","-1","1","Vernon County, Wisconsin","Population density 40 people/sq mi; gap vs county median -1","Public county population and density dataset from balsama/us_counties_data"
"55125","Vilas County","Wisconsin","-13","13","Vilas County, Wisconsin","Population density 28 people/sq mi; gap vs county median -13","Public county population and density dataset from balsama/us_counties_data"
"55127","Walworth County","Wisconsin","150","150","Walworth County, Wisconsin","Population density 191 people/sq mi; gap vs county median 150","Public county population and density dataset from balsama/us_counties_data"
"55129","Washburn County","Wisconsin","-20","20","Washburn County, Wisconsin","Population density 21 people/sq mi; gap vs county median -20","Public county population and density dataset from balsama/us_counties_data"
"55131","Washington County","Wisconsin","282","282","Washington County, Wisconsin","Population density 323 people/sq mi; gap vs county median 282","Public county population and density dataset from balsama/us_counties_data"
"55133","Waukesha County","Wisconsin","719","719","Waukesha County, Wisconsin","Population density 760 people/sq mi; gap vs county median 719","Public county population and density dataset from balsama/us_counties_data"
"55135","Waupaca County","Wisconsin","28","28","Waupaca County, Wisconsin","Population density 69 people/sq mi; gap vs county median 28","Public county population and density dataset from balsama/us_counties_data"
"55137","Waushara County","Wisconsin","-1","1","Waushara County, Wisconsin","Population density 40 people/sq mi; gap vs county median -1","Public county population and density dataset from balsama/us_counties_data"
"55139","Winnebago County","Wisconsin","358","358","Winnebago County, Wisconsin","Population density 399 people/sq mi; gap vs county median 358","Public county population and density dataset from balsama/us_counties_data"
"55141","Wood County","Wisconsin","52","52","Wood County, Wisconsin","Population density 93 people/sq mi; gap vs county median 52","Public county population and density dataset from balsama/us_counties_data"
"56001","Albany County","Wyoming","-32","32","Albany County, Wyoming","Population density 9 people/sq mi; gap vs county median -32","Public county population and density dataset from balsama/us_counties_data"
"56003","Big Horn County","Wyoming","-37","37","Big Horn County, Wyoming","Population density 4 people/sq mi; gap vs county median -37","Public county population and density dataset from balsama/us_counties_data"
"56005","Campbell County","Wyoming","-31","31","Campbell County, Wyoming","Population density 10 people/sq mi; gap vs county median -31","Public county population and density dataset from balsama/us_counties_data"
"56007","Carbon County","Wyoming","-39","39","Carbon County, Wyoming","Population density 2 people/sq mi; gap vs county median -39","Public county population and density dataset from balsama/us_counties_data"
"56009","Converse County","Wyoming","-38","38","Converse County, Wyoming","Population density 3 people/sq mi; gap vs county median -38","Public county population and density dataset from balsama/us_counties_data"
"56011","Crook County","Wyoming","-38","38","Crook County, Wyoming","Population density 3 people/sq mi; gap vs county median -38","Public county population and density dataset from balsama/us_counties_data"
"56013","Fremont County","Wyoming","-37","37","Fremont County, Wyoming","Population density 4 people/sq mi; gap vs county median -37","Public county population and density dataset from balsama/us_counties_data"
"56015","Goshen County","Wyoming","-35","35","Goshen County, Wyoming","Population density 6 people/sq mi; gap vs county median -35","Public county population and density dataset from balsama/us_counties_data"
"56017","Hot Springs County","Wyoming","-39","39","Hot Springs County, Wyoming","Population density 2 people/sq mi; gap vs county median -39","Public county population and density dataset from balsama/us_counties_data"
"56019","Johnson County","Wyoming","-39","39","Johnson County, Wyoming","Population density 2 people/sq mi; gap vs county median -39","Public county population and density dataset from balsama/us_counties_data"
"56021","Laramie County","Wyoming","-3","3","Laramie County, Wyoming","Population density 38 people/sq mi; gap vs county median -3","Public county population and density dataset from balsama/us_counties_data"
"56023","Lincoln County","Wyoming","-36","36","Lincoln County, Wyoming","Population density 5 people/sq mi; gap vs county median -36","Public county population and density dataset from balsama/us_counties_data"
"56025","Natrona County","Wyoming","-26","26","Natrona County, Wyoming","Population density 15 people/sq mi; gap vs county median -26","Public county population and density dataset from balsama/us_counties_data"
"56027","Niobrara County","Wyoming","-40","40","Niobrara County, Wyoming","Population density 1 people/sq mi; gap vs county median -40","Public county population and density dataset from balsama/us_counties_data"
"56029","Park County","Wyoming","-37","37","Park County, Wyoming","Population density 4 people/sq mi; gap vs county median -37","Public county population and density dataset from balsama/us_counties_data"
"56031","Platte County","Wyoming","-37","37","Platte County, Wyoming","Population density 4 people/sq mi; gap vs county median -37","Public county population and density dataset from balsama/us_counties_data"
"56033","Sheridan County","Wyoming","-28","28","Sheridan County, Wyoming","Population density 13 people/sq mi; gap vs county median -28","Public county population and density dataset from balsama/us_counties_data"
"56035","Sublette County","Wyoming","-39","39","Sublette County, Wyoming","Population density 2 people/sq mi; gap vs county median -39","Public county population and density dataset from balsama/us_counties_data"
"56037","Sweetwater County","Wyoming","-37","37","Sweetwater County, Wyoming","Population density 4 people/sq mi; gap vs county median -37","Public county population and density dataset from balsama/us_counties_data"
"56039","Teton County","Wyoming","-35","35","Teton County, Wyoming","Population density 6 people/sq mi; gap vs county median -35","Public county population and density dataset from balsama/us_counties_data"
"56041","Uinta County","Wyoming","-31","31","Uinta County, Wyoming","Population density 10 people/sq mi; gap vs county median -31","Public county population and density dataset from balsama/us_counties_data"
"56043","Washakie County","Wyoming","-38","38","Washakie County, Wyoming","Population density 3 people/sq mi; gap vs county median -38","Public county population and density dataset from balsama/us_counties_data"
"56045","Weston County","Wyoming","-38","38","Weston County, Wyoming","Population density 3 people/sq mi; gap vs county median -38","Public county population and density dataset from balsama/us_counties_data"
