"County FIPS","County","State","Signed Value","Magnitude","Label","Tooltip Detail","Source"
"01001","Autauga County","AL","0.3","0.3","Autauga County, AL","2016 unemployment 5.3%; gap vs county median 0.3 percentage points","BLS LAUS 2016 via Plotly public sample dataset"
"01003","Baldwin County","AL","0.4","0.4","Baldwin County, AL","2016 unemployment 5.4%; gap vs county median 0.4 percentage points","BLS LAUS 2016 via Plotly public sample dataset"
"01005","Barbour County","AL","3.6","3.6","Barbour County, AL","2016 unemployment 8.6%; gap vs county median 3.6 percentage points","BLS LAUS 2016 via Plotly public sample dataset"
"01007","Bibb County","AL","1.6","1.6","Bibb County, AL","2016 unemployment 6.6%; gap vs county median 1.6 percentage points","BLS LAUS 2016 via Plotly public sample dataset"
"01009","Blount County","AL","0.5","0.5","Blount County, AL","2016 unemployment 5.5%; gap vs county median 0.5 percentage points","BLS LAUS 2016 via Plotly public sample dataset"
"01011","Bullock County","AL","2.2","2.2","Bullock County, AL","2016 unemployment 7.2%; gap vs county median 2.2 percentage points","BLS LAUS 2016 via Plotly public sample dataset"
"01013","Butler County","AL","2.1","2.1","Butler County, AL","2016 unemployment 7.1%; gap vs county median 2.1 percentage points","BLS LAUS 2016 via Plotly public sample dataset"
"01015","Calhoun County","AL","1.7","1.7","Calhoun County, AL","2016 unemployment 6.7%; gap vs county median 1.7 percentage points","BLS LAUS 2016 via Plotly public sample dataset"
"01017","Chambers County","AL","0.5","0.5","Chambers County, AL","2016 unemployment 5.5%; gap vs county median 0.5 percentage points","BLS LAUS 2016 via Plotly public sample dataset"
"01019","Cherokee County","AL","0.2","0.2","Cherokee County, AL","2016 unemployment 5.2%; gap vs county median 0.2 percentage points","BLS LAUS 2016 via Plotly public sample dataset"
"01021","Chilton County","AL","0.6","0.6","Chilton County, AL","2016 unemployment 5.6%; gap vs county median 0.6 percentage points","BLS LAUS 2016 via Plotly public sample dataset"
"01023","Choctaw County","AL","3.9","3.9","Choctaw County, AL","2016 unemployment 8.9%; gap vs county median 3.9 percentage points","BLS LAUS 2016 via Plotly public sample dataset"
"01025","Clarke County","AL","6.1","6.1","Clarke County, AL","2016 unemployment 11.1%; gap vs county median 6.1 percentage points","BLS LAUS 2016 via Plotly public sample dataset"
"01027","Clay County","AL","1.2","1.2","Clay County, AL","2016 unemployment 6.2%; gap vs county median 1.2 percentage points","BLS LAUS 2016 via Plotly public sample dataset"
"01029","Cleburne County","AL","1.1","1.1","Cleburne County, AL","2016 unemployment 6.1%; gap vs county median 1.1 percentage points","BLS LAUS 2016 via Plotly public sample dataset"
"01031","Coffee County","AL","1.1","1.1","Coffee County, AL","2016 unemployment 6.1%; gap vs county median 1.1 percentage points","BLS LAUS 2016 via Plotly public sample dataset"
"01033","Colbert County","AL","2","2","Colbert County, AL","2016 unemployment 7%; gap vs county median 2 percentage points","BLS LAUS 2016 via Plotly public sample dataset"
"01035","Conecuh County","AL","3.6","3.6","Conecuh County, AL","2016 unemployment 8.6%; gap vs county median 3.6 percentage points","BLS LAUS 2016 via Plotly public sample dataset"
"01037","Coosa County","AL","1.1","1.1","Coosa County, AL","2016 unemployment 6.1%; gap vs county median 1.1 percentage points","BLS LAUS 2016 via Plotly public sample dataset"
"01039","Covington County","AL","2","2","Covington County, AL","2016 unemployment 7%; gap vs county median 2 percentage points","BLS LAUS 2016 via Plotly public sample dataset"
"01041","Crenshaw County","AL","1","1","Crenshaw County, AL","2016 unemployment 6%; gap vs county median 1 percentage points","BLS LAUS 2016 via Plotly public sample dataset"
"01043","Cullman County","AL","0.1","0.1","Cullman County, AL","2016 unemployment 5.1%; gap vs county median 0.1 percentage points","BLS LAUS 2016 via Plotly public sample dataset"
"01045","Dale County","AL","0.9","0.9","Dale County, AL","2016 unemployment 5.9%; gap vs county median 0.9 percentage points","BLS LAUS 2016 via Plotly public sample dataset"
"01047","Dallas County","AL","4.4","4.4","Dallas County, AL","2016 unemployment 9.4%; gap vs county median 4.4 percentage points","BLS LAUS 2016 via Plotly public sample dataset"
"01049","DeKalb County","AL","1.2","1.2","DeKalb County, AL","2016 unemployment 6.2%; gap vs county median 1.2 percentage points","BLS LAUS 2016 via Plotly public sample dataset"
"01051","Elmore County","AL","-0.1","0.1","Elmore County, AL","2016 unemployment 4.9%; gap vs county median -0.1 percentage points","BLS LAUS 2016 via Plotly public sample dataset"
"01053","Escambia County","AL","1.7","1.7","Escambia County, AL","2016 unemployment 6.7%; gap vs county median 1.7 percentage points","BLS LAUS 2016 via Plotly public sample dataset"
"01055","Etowah County","AL","1","1","Etowah County, AL","2016 unemployment 6%; gap vs county median 1 percentage points","BLS LAUS 2016 via Plotly public sample dataset"
"01057","Fayette County","AL","2","2","Fayette County, AL","2016 unemployment 7%; gap vs county median 2 percentage points","BLS LAUS 2016 via Plotly public sample dataset"
"01059","Franklin County","AL","1.1","1.1","Franklin County, AL","2016 unemployment 6.1%; gap vs county median 1.1 percentage points","BLS LAUS 2016 via Plotly public sample dataset"
"01061","Geneva County","AL","0.9","0.9","Geneva County, AL","2016 unemployment 5.9%; gap vs county median 0.9 percentage points","BLS LAUS 2016 via Plotly public sample dataset"
"01063","Greene County","AL","5.1","5.1","Greene County, AL","2016 unemployment 10.1%; gap vs county median 5.1 percentage points","BLS LAUS 2016 via Plotly public sample dataset"
"01065","Hale County","AL","2.8","2.8","Hale County, AL","2016 unemployment 7.8%; gap vs county median 2.8 percentage points","BLS LAUS 2016 via Plotly public sample dataset"
"01067","Henry County","AL","1.6","1.6","Henry County, AL","2016 unemployment 6.6%; gap vs county median 1.6 percentage points","BLS LAUS 2016 via Plotly public sample dataset"
"01069","Houston County","AL","0.9","0.9","Houston County, AL","2016 unemployment 5.9%; gap vs county median 0.9 percentage points","BLS LAUS 2016 via Plotly public sample dataset"
"01071","Jackson County","AL","1.4","1.4","Jackson County, AL","2016 unemployment 6.4%; gap vs county median 1.4 percentage points","BLS LAUS 2016 via Plotly public sample dataset"
"01073","Jefferson County","AL","0.9","0.9","Jefferson County, AL","2016 unemployment 5.9%; gap vs county median 0.9 percentage points","BLS LAUS 2016 via Plotly public sample dataset"
"01075","Lamar County","AL","0.7","0.7","Lamar County, AL","2016 unemployment 5.7%; gap vs county median 0.7 percentage points","BLS LAUS 2016 via Plotly public sample dataset"
"01077","Lauderdale County","AL","1.4","1.4","Lauderdale County, AL","2016 unemployment 6.4%; gap vs county median 1.4 percentage points","BLS LAUS 2016 via Plotly public sample dataset"
"01079","Lawrence County","AL","2","2","Lawrence County, AL","2016 unemployment 7%; gap vs county median 2 percentage points","BLS LAUS 2016 via Plotly public sample dataset"
"01081","Lee County","AL","0.3","0.3","Lee County, AL","2016 unemployment 5.3%; gap vs county median 0.3 percentage points","BLS LAUS 2016 via Plotly public sample dataset"
"01083","Limestone County","AL","0.3","0.3","Limestone County, AL","2016 unemployment 5.3%; gap vs county median 0.3 percentage points","BLS LAUS 2016 via Plotly public sample dataset"
"01085","Lowndes County","AL","5.8","5.8","Lowndes County, AL","2016 unemployment 10.8%; gap vs county median 5.8 percentage points","BLS LAUS 2016 via Plotly public sample dataset"
"01087","Macon County","AL","2.7","2.7","Macon County, AL","2016 unemployment 7.7%; gap vs county median 2.7 percentage points","BLS LAUS 2016 via Plotly public sample dataset"
"01089","Madison County","AL","0.2","0.2","Madison County, AL","2016 unemployment 5.2%; gap vs county median 0.2 percentage points","BLS LAUS 2016 via Plotly public sample dataset"
"01091","Marengo County","AL","2.4","2.4","Marengo County, AL","2016 unemployment 7.4%; gap vs county median 2.4 percentage points","BLS LAUS 2016 via Plotly public sample dataset"
"01093","Marion County","AL","1.7","1.7","Marion County, AL","2016 unemployment 6.7%; gap vs county median 1.7 percentage points","BLS LAUS 2016 via Plotly public sample dataset"
"01095","Marshall County","AL","0.5","0.5","Marshall County, AL","2016 unemployment 5.5%; gap vs county median 0.5 percentage points","BLS LAUS 2016 via Plotly public sample dataset"
"01097","Mobile County","AL","1.9","1.9","Mobile County, AL","2016 unemployment 6.9%; gap vs county median 1.9 percentage points","BLS LAUS 2016 via Plotly public sample dataset"
"01099","Monroe County","AL","4.4","4.4","Monroe County, AL","2016 unemployment 9.4%; gap vs county median 4.4 percentage points","BLS LAUS 2016 via Plotly public sample dataset"
"01101","Montgomery County","AL","0.9","0.9","Montgomery County, AL","2016 unemployment 5.9%; gap vs county median 0.9 percentage points","BLS LAUS 2016 via Plotly public sample dataset"
"01103","Morgan County","AL","0.6","0.6","Morgan County, AL","2016 unemployment 5.6%; gap vs county median 0.6 percentage points","BLS LAUS 2016 via Plotly public sample dataset"
"01105","Perry County","AL","5.6","5.6","Perry County, AL","2016 unemployment 10.6%; gap vs county median 5.6 percentage points","BLS LAUS 2016 via Plotly public sample dataset"
"01107","Pickens County","AL","1.9","1.9","Pickens County, AL","2016 unemployment 6.9%; gap vs county median 1.9 percentage points","BLS LAUS 2016 via Plotly public sample dataset"
"01109","Pike County","AL","1.4","1.4","Pike County, AL","2016 unemployment 6.4%; gap vs county median 1.4 percentage points","BLS LAUS 2016 via Plotly public sample dataset"
"01111","Randolph County","AL","0.7","0.7","Randolph County, AL","2016 unemployment 5.7%; gap vs county median 0.7 percentage points","BLS LAUS 2016 via Plotly public sample dataset"
"01113","Russell County","AL","0.6","0.6","Russell County, AL","2016 unemployment 5.6%; gap vs county median 0.6 percentage points","BLS LAUS 2016 via Plotly public sample dataset"
"01115","St. Clair County","AL","0.3","0.3","St. Clair County, AL","2016 unemployment 5.3%; gap vs county median 0.3 percentage points","BLS LAUS 2016 via Plotly public sample dataset"
"01117","Shelby County","AL","-0.6","0.6","Shelby County, AL","2016 unemployment 4.4%; gap vs county median -0.6 percentage points","BLS LAUS 2016 via Plotly public sample dataset"
"01119","Sumter County","AL","2.8","2.8","Sumter County, AL","2016 unemployment 7.8%; gap vs county median 2.8 percentage points","BLS LAUS 2016 via Plotly public sample dataset"
"01121","Talladega County","AL","1.8","1.8","Talladega County, AL","2016 unemployment 6.8%; gap vs county median 1.8 percentage points","BLS LAUS 2016 via Plotly public sample dataset"
"01123","Tallapoosa County","AL","0.6","0.6","Tallapoosa County, AL","2016 unemployment 5.6%; gap vs county median 0.6 percentage points","BLS LAUS 2016 via Plotly public sample dataset"
"01125","Tuscaloosa County","AL","0.8","0.8","Tuscaloosa County, AL","2016 unemployment 5.8%; gap vs county median 0.8 percentage points","BLS LAUS 2016 via Plotly public sample dataset"
"01127","Walker County","AL","2.6","2.6","Walker County, AL","2016 unemployment 7.6%; gap vs county median 2.6 percentage points","BLS LAUS 2016 via Plotly public sample dataset"
"01129","Washington County","AL","3.7","3.7","Washington County, AL","2016 unemployment 8.7%; gap vs county median 3.7 percentage points","BLS LAUS 2016 via Plotly public sample dataset"
"01131","Wilcox County","AL","9.7","9.7","Wilcox County, AL","2016 unemployment 14.7%; gap vs county median 9.7 percentage points","BLS LAUS 2016 via Plotly public sample dataset"
"01133","Winston County","AL","2.3","2.3","Winston County, AL","2016 unemployment 7.3%; gap vs county median 2.3 percentage points","BLS LAUS 2016 via Plotly public sample dataset"
"02013","Aleutians East Borough","AK","-2.3","2.3","Aleutians East Borough, AK","2016 unemployment 2.7%; gap vs county median -2.3 percentage points","BLS LAUS 2016 via Plotly public sample dataset"
"02016","Aleutians West Census Area","AK","-1.7","1.7","Aleutians West Census Area, AK","2016 unemployment 3.3%; gap vs county median -1.7 percentage points","BLS LAUS 2016 via Plotly public sample dataset"
"02020","Anchorage Borough/municipality","AK","0.3","0.3","Anchorage Borough/municipality, AK","2016 unemployment 5.3%; gap vs county median 0.3 percentage points","BLS LAUS 2016 via Plotly public sample dataset"
"02050","Bethel Census Area","AK","9.1","9.1","Bethel Census Area, AK","2016 unemployment 14.1%; gap vs county median 9.1 percentage points","BLS LAUS 2016 via Plotly public sample dataset"
"02060","Bristol Bay Borough","AK","1.9","1.9","Bristol Bay Borough, AK","2016 unemployment 6.9%; gap vs county median 1.9 percentage points","BLS LAUS 2016 via Plotly public sample dataset"
"02068","Denali Borough","AK","3.6","3.6","Denali Borough, AK","2016 unemployment 8.6%; gap vs county median 3.6 percentage points","BLS LAUS 2016 via Plotly public sample dataset"
"02070","Dillingham Census Area","AK","4.7","4.7","Dillingham Census Area, AK","2016 unemployment 9.7%; gap vs county median 4.7 percentage points","BLS LAUS 2016 via Plotly public sample dataset"
"02090","Fairbanks North Star Borough","AK","0.7","0.7","Fairbanks North Star Borough, AK","2016 unemployment 5.7%; gap vs county median 0.7 percentage points","BLS LAUS 2016 via Plotly public sample dataset"
"02100","Haines Borough","AK","4.8","4.8","Haines Borough, AK","2016 unemployment 9.8%; gap vs county median 4.8 percentage points","BLS LAUS 2016 via Plotly public sample dataset"
"02105","Hoonah-Angoon Census Area","AK","6.5","6.5","Hoonah-Angoon Census Area, AK","2016 unemployment 11.5%; gap vs county median 6.5 percentage points","BLS LAUS 2016 via Plotly public sample dataset"
"02110","Juneau Borough/city","AK","-0.6","0.6","Juneau Borough/city, AK","2016 unemployment 4.4%; gap vs county median -0.6 percentage points","BLS LAUS 2016 via Plotly public sample dataset"
"02122","Kenai Peninsula Borough","AK","3.2","3.2","Kenai Peninsula Borough, AK","2016 unemployment 8.2%; gap vs county median 3.2 percentage points","BLS LAUS 2016 via Plotly public sample dataset"
"02130","Ketchikan Gateway Borough","AK","1.2","1.2","Ketchikan Gateway Borough, AK","2016 unemployment 6.2%; gap vs county median 1.2 percentage points","BLS LAUS 2016 via Plotly public sample dataset"
"02150","Kodiak Island Borough","AK","0","0","Kodiak Island Borough, AK","2016 unemployment 5%; gap vs county median 0 percentage points","BLS LAUS 2016 via Plotly public sample dataset"
"02158","Kusilvak Census Area","AK","16.3","16.3","Kusilvak Census Area, AK","2016 unemployment 21.3%; gap vs county median 16.3 percentage points","BLS LAUS 2016 via Plotly public sample dataset"
"02164","Lake and Peninsula Borough","AK","7.3","7.3","Lake and Peninsula Borough, AK","2016 unemployment 12.3%; gap vs county median 7.3 percentage points","BLS LAUS 2016 via Plotly public sample dataset"
"02170","Matanuska-Susitna Borough","AK","3.1","3.1","Matanuska-Susitna Borough, AK","2016 unemployment 8.1%; gap vs county median 3.1 percentage points","BLS LAUS 2016 via Plotly public sample dataset"
"02180","Nome Census Area","AK","7.5","7.5","Nome Census Area, AK","2016 unemployment 12.5%; gap vs county median 7.5 percentage points","BLS LAUS 2016 via Plotly public sample dataset"
"02185","North Slope Borough","AK","1.5","1.5","North Slope Borough, AK","2016 unemployment 6.5%; gap vs county median 1.5 percentage points","BLS LAUS 2016 via Plotly public sample dataset"
"02188","Northwest Arctic Borough","AK","10.7","10.7","Northwest Arctic Borough, AK","2016 unemployment 15.7%; gap vs county median 10.7 percentage points","BLS LAUS 2016 via Plotly public sample dataset"
"02195","Petersburg Borough","AK","3.6","3.6","Petersburg Borough, AK","2016 unemployment 8.6%; gap vs county median 3.6 percentage points","BLS LAUS 2016 via Plotly public sample dataset"
"02198","Prince of Wales-Hyder Census Area","AK","6.7","6.7","Prince of Wales-Hyder Census Area, AK","2016 unemployment 11.7%; gap vs county median 6.7 percentage points","BLS LAUS 2016 via Plotly public sample dataset"
"02220","Sitka Borough/city","AK","-0.7","0.7","Sitka Borough/city, AK","2016 unemployment 4.3%; gap vs county median -0.7 percentage points","BLS LAUS 2016 via Plotly public sample dataset"
"02230","Skagway Municipality","AK","5.6","5.6","Skagway Municipality, AK","2016 unemployment 10.6%; gap vs county median 5.6 percentage points","BLS LAUS 2016 via Plotly public sample dataset"
"02240","Southeast Fairbanks Census Area","AK","5.2","5.2","Southeast Fairbanks Census Area, AK","2016 unemployment 10.2%; gap vs county median 5.2 percentage points","BLS LAUS 2016 via Plotly public sample dataset"
"02261","Valdez-Cordova Census Area","AK","3.2","3.2","Valdez-Cordova Census Area, AK","2016 unemployment 8.2%; gap vs county median 3.2 percentage points","BLS LAUS 2016 via Plotly public sample dataset"
"02275","Wrangell Borough/city","AK","2.3","2.3","Wrangell Borough/city, AK","2016 unemployment 7.3%; gap vs county median 2.3 percentage points","BLS LAUS 2016 via Plotly public sample dataset"
"02282","Yakutat Borough/city","AK","3.1","3.1","Yakutat Borough/city, AK","2016 unemployment 8.1%; gap vs county median 3.1 percentage points","BLS LAUS 2016 via Plotly public sample dataset"
"02290","Yukon-Koyukuk Census Area","AK","12.2","12.2","Yukon-Koyukuk Census Area, AK","2016 unemployment 17.2%; gap vs county median 12.2 percentage points","BLS LAUS 2016 via Plotly public sample dataset"
"04001","Apache County","AZ","6.3","6.3","Apache County, AZ","2016 unemployment 11.3%; gap vs county median 6.3 percentage points","BLS LAUS 2016 via Plotly public sample dataset"
"04003","Cochise County","AZ","1.1","1.1","Cochise County, AZ","2016 unemployment 6.1%; gap vs county median 1.1 percentage points","BLS LAUS 2016 via Plotly public sample dataset"
"04005","Coconino County","AZ","0.9","0.9","Coconino County, AZ","2016 unemployment 5.9%; gap vs county median 0.9 percentage points","BLS LAUS 2016 via Plotly public sample dataset"
"04007","Gila County","AZ","2.2","2.2","Gila County, AZ","2016 unemployment 7.2%; gap vs county median 2.2 percentage points","BLS LAUS 2016 via Plotly public sample dataset"
"04009","Graham County","AZ","1.7","1.7","Graham County, AZ","2016 unemployment 6.7%; gap vs county median 1.7 percentage points","BLS LAUS 2016 via Plotly public sample dataset"
"04011","Greenlee County","AZ","2.6","2.6","Greenlee County, AZ","2016 unemployment 7.6%; gap vs county median 2.6 percentage points","BLS LAUS 2016 via Plotly public sample dataset"
"04012","La Paz County","AZ","1","1","La Paz County, AZ","2016 unemployment 6%; gap vs county median 1 percentage points","BLS LAUS 2016 via Plotly public sample dataset"
"04013","Maricopa County","AZ","-0.5","0.5","Maricopa County, AZ","2016 unemployment 4.5%; gap vs county median -0.5 percentage points","BLS LAUS 2016 via Plotly public sample dataset"
"04015","Mohave County","AZ","1.6","1.6","Mohave County, AZ","2016 unemployment 6.6%; gap vs county median 1.6 percentage points","BLS LAUS 2016 via Plotly public sample dataset"
"04017","Navajo County","AZ","3.1","3.1","Navajo County, AZ","2016 unemployment 8.1%; gap vs county median 3.1 percentage points","BLS LAUS 2016 via Plotly public sample dataset"
"04019","Pima County","AZ","-0.1","0.1","Pima County, AZ","2016 unemployment 4.9%; gap vs county median -0.1 percentage points","BLS LAUS 2016 via Plotly public sample dataset"
"04021","Pinal County","AZ","0.5","0.5","Pinal County, AZ","2016 unemployment 5.5%; gap vs county median 0.5 percentage points","BLS LAUS 2016 via Plotly public sample dataset"
"04023","Santa Cruz County","AZ","4.9","4.9","Santa Cruz County, AZ","2016 unemployment 9.9%; gap vs county median 4.9 percentage points","BLS LAUS 2016 via Plotly public sample dataset"
"04025","Yavapai County","AZ","-0.1","0.1","Yavapai County, AZ","2016 unemployment 4.9%; gap vs county median -0.1 percentage points","BLS LAUS 2016 via Plotly public sample dataset"
"04027","Yuma County","AZ","13.6","13.6","Yuma County, AZ","2016 unemployment 18.6%; gap vs county median 13.6 percentage points","BLS LAUS 2016 via Plotly public sample dataset"
"05001","Arkansas County","AR","-1.5","1.5","Arkansas County, AR","2016 unemployment 3.5%; gap vs county median -1.5 percentage points","BLS LAUS 2016 via Plotly public sample dataset"
"05003","Ashley County","AR","1.3","1.3","Ashley County, AR","2016 unemployment 6.3%; gap vs county median 1.3 percentage points","BLS LAUS 2016 via Plotly public sample dataset"
"05005","Baxter County","AR","-0.7","0.7","Baxter County, AR","2016 unemployment 4.3%; gap vs county median -0.7 percentage points","BLS LAUS 2016 via Plotly public sample dataset"
"05007","Benton County","AR","-2.1","2.1","Benton County, AR","2016 unemployment 2.9%; gap vs county median -2.1 percentage points","BLS LAUS 2016 via Plotly public sample dataset"
"05009","Boone County","AR","-1.3","1.3","Boone County, AR","2016 unemployment 3.7%; gap vs county median -1.3 percentage points","BLS LAUS 2016 via Plotly public sample dataset"
"05011","Bradley County","AR","0.2","0.2","Bradley County, AR","2016 unemployment 5.2%; gap vs county median 0.2 percentage points","BLS LAUS 2016 via Plotly public sample dataset"
"05013","Calhoun County","AR","-0.3","0.3","Calhoun County, AR","2016 unemployment 4.7%; gap vs county median -0.3 percentage points","BLS LAUS 2016 via Plotly public sample dataset"
"05015","Carroll County","AR","-1.4","1.4","Carroll County, AR","2016 unemployment 3.6%; gap vs county median -1.4 percentage points","BLS LAUS 2016 via Plotly public sample dataset"
"05017","Chicot County","AR","1.6","1.6","Chicot County, AR","2016 unemployment 6.6%; gap vs county median 1.6 percentage points","BLS LAUS 2016 via Plotly public sample dataset"
"05019","Clark County","AR","-0.5","0.5","Clark County, AR","2016 unemployment 4.5%; gap vs county median -0.5 percentage points","BLS LAUS 2016 via Plotly public sample dataset"
"05021","Clay County","AR","0.7","0.7","Clay County, AR","2016 unemployment 5.7%; gap vs county median 0.7 percentage points","BLS LAUS 2016 via Plotly public sample dataset"
"05023","Cleburne County","AR","1","1","Cleburne County, AR","2016 unemployment 6%; gap vs county median 1 percentage points","BLS LAUS 2016 via Plotly public sample dataset"
"05025","Cleveland County","AR","-0.4","0.4","Cleveland County, AR","2016 unemployment 4.6%; gap vs county median -0.4 percentage points","BLS LAUS 2016 via Plotly public sample dataset"
"05027","Columbia County","AR","0.8","0.8","Columbia County, AR","2016 unemployment 5.8%; gap vs county median 0.8 percentage points","BLS LAUS 2016 via Plotly public sample dataset"
"05029","Conway County","AR","0.8","0.8","Conway County, AR","2016 unemployment 5.8%; gap vs county median 0.8 percentage points","BLS LAUS 2016 via Plotly public sample dataset"
"05031","Craighead County","AR","-1.7","1.7","Craighead County, AR","2016 unemployment 3.3%; gap vs county median -1.7 percentage points","BLS LAUS 2016 via Plotly public sample dataset"
"05033","Crawford County","AR","-1.1","1.1","Crawford County, AR","2016 unemployment 3.9%; gap vs county median -1.1 percentage points","BLS LAUS 2016 via Plotly public sample dataset"
"05035","Crittenden County","AR","-0.4","0.4","Crittenden County, AR","2016 unemployment 4.6%; gap vs county median -0.4 percentage points","BLS LAUS 2016 via Plotly public sample dataset"
"05037","Cross County","AR","-0.5","0.5","Cross County, AR","2016 unemployment 4.5%; gap vs county median -0.5 percentage points","BLS LAUS 2016 via Plotly public sample dataset"
"05039","Dallas County","AR","0","0","Dallas County, AR","2016 unemployment 5%; gap vs county median 0 percentage points","BLS LAUS 2016 via Plotly public sample dataset"
"05041","Desha County","AR","0.5","0.5","Desha County, AR","2016 unemployment 5.5%; gap vs county median 0.5 percentage points","BLS LAUS 2016 via Plotly public sample dataset"
"05043","Drew County","AR","0.8","0.8","Drew County, AR","2016 unemployment 5.8%; gap vs county median 0.8 percentage points","BLS LAUS 2016 via Plotly public sample dataset"
"05045","Faulkner County","AR","-1.2","1.2","Faulkner County, AR","2016 unemployment 3.8%; gap vs county median -1.2 percentage points","BLS LAUS 2016 via Plotly public sample dataset"
"05047","Franklin County","AR","-0.9","0.9","Franklin County, AR","2016 unemployment 4.1%; gap vs county median -0.9 percentage points","BLS LAUS 2016 via Plotly public sample dataset"
"05049","Fulton County","AR","-0.6","0.6","Fulton County, AR","2016 unemployment 4.4%; gap vs county median -0.6 percentage points","BLS LAUS 2016 via Plotly public sample dataset"
"05051","Garland County","AR","-0.7","0.7","Garland County, AR","2016 unemployment 4.3%; gap vs county median -0.7 percentage points","BLS LAUS 2016 via Plotly public sample dataset"
"05053","Grant County","AR","-1.4","1.4","Grant County, AR","2016 unemployment 3.6%; gap vs county median -1.4 percentage points","BLS LAUS 2016 via Plotly public sample dataset"
"05055","Greene County","AR","-0.7","0.7","Greene County, AR","2016 unemployment 4.3%; gap vs county median -0.7 percentage points","BLS LAUS 2016 via Plotly public sample dataset"
"05057","Hempstead County","AR","-1.2","1.2","Hempstead County, AR","2016 unemployment 3.8%; gap vs county median -1.2 percentage points","BLS LAUS 2016 via Plotly public sample dataset"
"05059","Hot Spring County","AR","-1","1","Hot Spring County, AR","2016 unemployment 4%; gap vs county median -1 percentage points","BLS LAUS 2016 via Plotly public sample dataset"
"05061","Howard County","AR","-1.7","1.7","Howard County, AR","2016 unemployment 3.3%; gap vs county median -1.7 percentage points","BLS LAUS 2016 via Plotly public sample dataset"
"05063","Independence County","AR","0","0","Independence County, AR","2016 unemployment 5%; gap vs county median 0 percentage points","BLS LAUS 2016 via Plotly public sample dataset"
"05065","Izard County","AR","0.6","0.6","Izard County, AR","2016 unemployment 5.6%; gap vs county median 0.6 percentage points","BLS LAUS 2016 via Plotly public sample dataset"
"05067","Jackson County","AR","1.2","1.2","Jackson County, AR","2016 unemployment 6.2%; gap vs county median 1.2 percentage points","BLS LAUS 2016 via Plotly public sample dataset"
"05069","Jefferson County","AR","0.6","0.6","Jefferson County, AR","2016 unemployment 5.6%; gap vs county median 0.6 percentage points","BLS LAUS 2016 via Plotly public sample dataset"
"05071","Johnson County","AR","-0.2","0.2","Johnson County, AR","2016 unemployment 4.8%; gap vs county median -0.2 percentage points","BLS LAUS 2016 via Plotly public sample dataset"
"05073","Lafayette County","AR","0.9","0.9","Lafayette County, AR","2016 unemployment 5.9%; gap vs county median 0.9 percentage points","BLS LAUS 2016 via Plotly public sample dataset"
"05075","Lawrence County","AR","-0.6","0.6","Lawrence County, AR","2016 unemployment 4.4%; gap vs county median -0.6 percentage points","BLS LAUS 2016 via Plotly public sample dataset"
"05077","Lee County","AR","-0.2","0.2","Lee County, AR","2016 unemployment 4.8%; gap vs county median -0.2 percentage points","BLS LAUS 2016 via Plotly public sample dataset"
"05079","Lincoln County","AR","-0.1","0.1","Lincoln County, AR","2016 unemployment 4.9%; gap vs county median -0.1 percentage points","BLS LAUS 2016 via Plotly public sample dataset"
"05081","Little River County","AR","-0.3","0.3","Little River County, AR","2016 unemployment 4.7%; gap vs county median -0.3 percentage points","BLS LAUS 2016 via Plotly public sample dataset"
"05083","Logan County","AR","-0.4","0.4","Logan County, AR","2016 unemployment 4.6%; gap vs county median -0.4 percentage points","BLS LAUS 2016 via Plotly public sample dataset"
"05085","Lonoke County","AR","-1.6","1.6","Lonoke County, AR","2016 unemployment 3.4%; gap vs county median -1.6 percentage points","BLS LAUS 2016 via Plotly public sample dataset"
"05087","Madison County","AR","-1.8","1.8","Madison County, AR","2016 unemployment 3.2%; gap vs county median -1.8 percentage points","BLS LAUS 2016 via Plotly public sample dataset"
"05089","Marion County","AR","-1","1","Marion County, AR","2016 unemployment 4%; gap vs county median -1 percentage points","BLS LAUS 2016 via Plotly public sample dataset"
"05091","Miller County","AR","-0.8","0.8","Miller County, AR","2016 unemployment 4.2%; gap vs county median -0.8 percentage points","BLS LAUS 2016 via Plotly public sample dataset"
"05093","Mississippi County","AR","1.8","1.8","Mississippi County, AR","2016 unemployment 6.8%; gap vs county median 1.8 percentage points","BLS LAUS 2016 via Plotly public sample dataset"
"05095","Monroe County","AR","-0.1","0.1","Monroe County, AR","2016 unemployment 4.9%; gap vs county median -0.1 percentage points","BLS LAUS 2016 via Plotly public sample dataset"
"05097","Montgomery County","AR","0.3","0.3","Montgomery County, AR","2016 unemployment 5.3%; gap vs county median 0.3 percentage points","BLS LAUS 2016 via Plotly public sample dataset"
"05099","Nevada County","AR","-1.3","1.3","Nevada County, AR","2016 unemployment 3.7%; gap vs county median -1.3 percentage points","BLS LAUS 2016 via Plotly public sample dataset"
"05101","Newton County","AR","-1.1","1.1","Newton County, AR","2016 unemployment 3.9%; gap vs county median -1.1 percentage points","BLS LAUS 2016 via Plotly public sample dataset"
"05103","Ouachita County","AR","0.1","0.1","Ouachita County, AR","2016 unemployment 5.1%; gap vs county median 0.1 percentage points","BLS LAUS 2016 via Plotly public sample dataset"
"05105","Perry County","AR","-0.2","0.2","Perry County, AR","2016 unemployment 4.8%; gap vs county median -0.2 percentage points","BLS LAUS 2016 via Plotly public sample dataset"
"05107","Phillips County","AR","0.9","0.9","Phillips County, AR","2016 unemployment 5.9%; gap vs county median 0.9 percentage points","BLS LAUS 2016 via Plotly public sample dataset"
"05109","Pike County","AR","-0.7","0.7","Pike County, AR","2016 unemployment 4.3%; gap vs county median -0.7 percentage points","BLS LAUS 2016 via Plotly public sample dataset"
"05111","Poinsett County","AR","-0.7","0.7","Poinsett County, AR","2016 unemployment 4.3%; gap vs county median -0.7 percentage points","BLS LAUS 2016 via Plotly public sample dataset"
"05113","Polk County","AR","-0.1","0.1","Polk County, AR","2016 unemployment 4.9%; gap vs county median -0.1 percentage points","BLS LAUS 2016 via Plotly public sample dataset"
"05115","Pope County","AR","-0.4","0.4","Pope County, AR","2016 unemployment 4.6%; gap vs county median -0.4 percentage points","BLS LAUS 2016 via Plotly public sample dataset"
"05117","Prairie County","AR","-1.1","1.1","Prairie County, AR","2016 unemployment 3.9%; gap vs county median -1.1 percentage points","BLS LAUS 2016 via Plotly public sample dataset"
"05119","Pulaski County","AR","-1.4","1.4","Pulaski County, AR","2016 unemployment 3.6%; gap vs county median -1.4 percentage points","BLS LAUS 2016 via Plotly public sample dataset"
"05121","Randolph County","AR","-0.3","0.3","Randolph County, AR","2016 unemployment 4.7%; gap vs county median -0.3 percentage points","BLS LAUS 2016 via Plotly public sample dataset"
"05123","St. Francis County","AR","0.2","0.2","St. Francis County, AR","2016 unemployment 5.2%; gap vs county median 0.2 percentage points","BLS LAUS 2016 via Plotly public sample dataset"
"05125","Saline County","AR","-1.8","1.8","Saline County, AR","2016 unemployment 3.2%; gap vs county median -1.8 percentage points","BLS LAUS 2016 via Plotly public sample dataset"
"05127","Scott County","AR","-1.2","1.2","Scott County, AR","2016 unemployment 3.8%; gap vs county median -1.2 percentage points","BLS LAUS 2016 via Plotly public sample dataset"
"05129","Searcy County","AR","-0.5","0.5","Searcy County, AR","2016 unemployment 4.5%; gap vs county median -0.5 percentage points","BLS LAUS 2016 via Plotly public sample dataset"
"05131","Sebastian County","AR","-1.3","1.3","Sebastian County, AR","2016 unemployment 3.7%; gap vs county median -1.3 percentage points","BLS LAUS 2016 via Plotly public sample dataset"
"05133","Sevier County","AR","0","0","Sevier County, AR","2016 unemployment 5%; gap vs county median 0 percentage points","BLS LAUS 2016 via Plotly public sample dataset"
"05135","Sharp County","AR","0.5","0.5","Sharp County, AR","2016 unemployment 5.5%; gap vs county median 0.5 percentage points","BLS LAUS 2016 via Plotly public sample dataset"
"05137","Stone County","AR","0.2","0.2","Stone County, AR","2016 unemployment 5.2%; gap vs county median 0.2 percentage points","BLS LAUS 2016 via Plotly public sample dataset"
"05139","Union County","AR","0.5","0.5","Union County, AR","2016 unemployment 5.5%; gap vs county median 0.5 percentage points","BLS LAUS 2016 via Plotly public sample dataset"
"05141","Van Buren County","AR","2","2","Van Buren County, AR","2016 unemployment 7%; gap vs county median 2 percentage points","BLS LAUS 2016 via Plotly public sample dataset"
"05143","Washington County","AR","-2.3","2.3","Washington County, AR","2016 unemployment 2.7%; gap vs county median -2.3 percentage points","BLS LAUS 2016 via Plotly public sample dataset"
"05145","White County","AR","0.2","0.2","White County, AR","2016 unemployment 5.2%; gap vs county median 0.2 percentage points","BLS LAUS 2016 via Plotly public sample dataset"
"05147","Woodruff County","AR","0.5","0.5","Woodruff County, AR","2016 unemployment 5.5%; gap vs county median 0.5 percentage points","BLS LAUS 2016 via Plotly public sample dataset"
"05149","Yell County","AR","-0.5","0.5","Yell County, AR","2016 unemployment 4.5%; gap vs county median -0.5 percentage points","BLS LAUS 2016 via Plotly public sample dataset"
"06001","Alameda County","CA","-0.8","0.8","Alameda County, CA","2016 unemployment 4.2%; gap vs county median -0.8 percentage points","BLS LAUS 2016 via Plotly public sample dataset"
"06003","Alpine County","CA","1.5","1.5","Alpine County, CA","2016 unemployment 6.5%; gap vs county median 1.5 percentage points","BLS LAUS 2016 via Plotly public sample dataset"
"06005","Amador County","CA","0.9","0.9","Amador County, CA","2016 unemployment 5.9%; gap vs county median 0.9 percentage points","BLS LAUS 2016 via Plotly public sample dataset"
"06007","Butte County","CA","1.5","1.5","Butte County, CA","2016 unemployment 6.5%; gap vs county median 1.5 percentage points","BLS LAUS 2016 via Plotly public sample dataset"
"06009","Calaveras County","CA","0.6","0.6","Calaveras County, CA","2016 unemployment 5.6%; gap vs county median 0.6 percentage points","BLS LAUS 2016 via Plotly public sample dataset"
"06011","Colusa County","CA","10.5","10.5","Colusa County, CA","2016 unemployment 15.5%; gap vs county median 10.5 percentage points","BLS LAUS 2016 via Plotly public sample dataset"
"06013","Contra Costa County","CA","-0.6","0.6","Contra Costa County, CA","2016 unemployment 4.4%; gap vs county median -0.6 percentage points","BLS LAUS 2016 via Plotly public sample dataset"
"06015","Del Norte County","CA","2.5","2.5","Del Norte County, CA","2016 unemployment 7.5%; gap vs county median 2.5 percentage points","BLS LAUS 2016 via Plotly public sample dataset"
"06017","El Dorado County","CA","0.1","0.1","El Dorado County, CA","2016 unemployment 5.1%; gap vs county median 0.1 percentage points","BLS LAUS 2016 via Plotly public sample dataset"
"06019","Fresno County","CA","4.4","4.4","Fresno County, CA","2016 unemployment 9.4%; gap vs county median 4.4 percentage points","BLS LAUS 2016 via Plotly public sample dataset"
"06021","Glenn County","CA","3.2","3.2","Glenn County, CA","2016 unemployment 8.2%; gap vs county median 3.2 percentage points","BLS LAUS 2016 via Plotly public sample dataset"
"06023","Humboldt County","CA","-0.1","0.1","Humboldt County, CA","2016 unemployment 4.9%; gap vs county median -0.1 percentage points","BLS LAUS 2016 via Plotly public sample dataset"
"06025","Imperial County","CA","18.5","18.5","Imperial County, CA","2016 unemployment 23.5%; gap vs county median 18.5 percentage points","BLS LAUS 2016 via Plotly public sample dataset"
"06027","Inyo County","CA","0.2","0.2","Inyo County, CA","2016 unemployment 5.2%; gap vs county median 0.2 percentage points","BLS LAUS 2016 via Plotly public sample dataset"
"06029","Kern County","CA","5.3","5.3","Kern County, CA","2016 unemployment 10.3%; gap vs county median 5.3 percentage points","BLS LAUS 2016 via Plotly public sample dataset"
"06031","Kings County","CA","5","5","Kings County, CA","2016 unemployment 10%; gap vs county median 5 percentage points","BLS LAUS 2016 via Plotly public sample dataset"
"06033","Lake County","CA","1.6","1.6","Lake County, CA","2016 unemployment 6.6%; gap vs county median 1.6 percentage points","BLS LAUS 2016 via Plotly public sample dataset"
"06035","Lassen County","CA","1.9","1.9","Lassen County, CA","2016 unemployment 6.9%; gap vs county median 1.9 percentage points","BLS LAUS 2016 via Plotly public sample dataset"
"06037","Los Angeles County","CA","0.2","0.2","Los Angeles County, CA","2016 unemployment 5.2%; gap vs county median 0.2 percentage points","BLS LAUS 2016 via Plotly public sample dataset"
"06039","Madera County","CA","4.2","4.2","Madera County, CA","2016 unemployment 9.2%; gap vs county median 4.2 percentage points","BLS LAUS 2016 via Plotly public sample dataset"
"06041","Marin County","CA","-1.8","1.8","Marin County, CA","2016 unemployment 3.2%; gap vs county median -1.8 percentage points","BLS LAUS 2016 via Plotly public sample dataset"
"06043","Mariposa County","CA","1.9","1.9","Mariposa County, CA","2016 unemployment 6.9%; gap vs county median 1.9 percentage points","BLS LAUS 2016 via Plotly public sample dataset"
"06045","Mendocino County","CA","0.2","0.2","Mendocino County, CA","2016 unemployment 5.2%; gap vs county median 0.2 percentage points","BLS LAUS 2016 via Plotly public sample dataset"
"06047","Merced County","CA","5.5","5.5","Merced County, CA","2016 unemployment 10.5%; gap vs county median 5.5 percentage points","BLS LAUS 2016 via Plotly public sample dataset"
"06049","Modoc County","CA","2.8","2.8","Modoc County, CA","2016 unemployment 7.8%; gap vs county median 2.8 percentage points","BLS LAUS 2016 via Plotly public sample dataset"
"06051","Mono County","CA","0.3","0.3","Mono County, CA","2016 unemployment 5.3%; gap vs county median 0.3 percentage points","BLS LAUS 2016 via Plotly public sample dataset"
"06053","Monterey County","CA","2.6","2.6","Monterey County, CA","2016 unemployment 7.6%; gap vs county median 2.6 percentage points","BLS LAUS 2016 via Plotly public sample dataset"
"06055","Napa County","CA","-0.7","0.7","Napa County, CA","2016 unemployment 4.3%; gap vs county median -0.7 percentage points","BLS LAUS 2016 via Plotly public sample dataset"
"06057","Nevada County","CA","-0.3","0.3","Nevada County, CA","2016 unemployment 4.7%; gap vs county median -0.3 percentage points","BLS LAUS 2016 via Plotly public sample dataset"
"06059","Orange County","CA","-1","1","Orange County, CA","2016 unemployment 4%; gap vs county median -1 percentage points","BLS LAUS 2016 via Plotly public sample dataset"
"06061","Placer County","CA","-0.6","0.6","Placer County, CA","2016 unemployment 4.4%; gap vs county median -0.6 percentage points","BLS LAUS 2016 via Plotly public sample dataset"
"06063","Plumas County","CA","4.6","4.6","Plumas County, CA","2016 unemployment 9.6%; gap vs county median 4.6 percentage points","BLS LAUS 2016 via Plotly public sample dataset"
"06065","Riverside County","CA","1.1","1.1","Riverside County, CA","2016 unemployment 6.1%; gap vs county median 1.1 percentage points","BLS LAUS 2016 via Plotly public sample dataset"
"06067","Sacramento County","CA","0.4","0.4","Sacramento County, CA","2016 unemployment 5.4%; gap vs county median 0.4 percentage points","BLS LAUS 2016 via Plotly public sample dataset"
"06069","San Benito County","CA","1.8","1.8","San Benito County, CA","2016 unemployment 6.8%; gap vs county median 1.8 percentage points","BLS LAUS 2016 via Plotly public sample dataset"
"06071","San Bernardino County","CA","0.7","0.7","San Bernardino County, CA","2016 unemployment 5.7%; gap vs county median 0.7 percentage points","BLS LAUS 2016 via Plotly public sample dataset"
"06073","San Diego County","CA","-0.3","0.3","San Diego County, CA","2016 unemployment 4.7%; gap vs county median -0.3 percentage points","BLS LAUS 2016 via Plotly public sample dataset"
"06075","San Francisco County/city","CA","-1.7","1.7","San Francisco County/city, CA","2016 unemployment 3.3%; gap vs county median -1.7 percentage points","BLS LAUS 2016 via Plotly public sample dataset"
"06077","San Joaquin County","CA","3.1","3.1","San Joaquin County, CA","2016 unemployment 8.1%; gap vs county median 3.1 percentage points","BLS LAUS 2016 via Plotly public sample dataset"
"06079","San Luis Obispo County","CA","-0.7","0.7","San Luis Obispo County, CA","2016 unemployment 4.3%; gap vs county median -0.7 percentage points","BLS LAUS 2016 via Plotly public sample dataset"
"06081","San Mateo County","CA","-2","2","San Mateo County, CA","2016 unemployment 3%; gap vs county median -2 percentage points","BLS LAUS 2016 via Plotly public sample dataset"
"06083","Santa Barbara County","CA","0","0","Santa Barbara County, CA","2016 unemployment 5%; gap vs county median 0 percentage points","BLS LAUS 2016 via Plotly public sample dataset"
"06085","Santa Clara County","CA","-1.2","1.2","Santa Clara County, CA","2016 unemployment 3.8%; gap vs county median -1.2 percentage points","BLS LAUS 2016 via Plotly public sample dataset"
"06087","Santa Cruz County","CA","1.9","1.9","Santa Cruz County, CA","2016 unemployment 6.9%; gap vs county median 1.9 percentage points","BLS LAUS 2016 via Plotly public sample dataset"
"06089","Shasta County","CA","1.9","1.9","Shasta County, CA","2016 unemployment 6.9%; gap vs county median 1.9 percentage points","BLS LAUS 2016 via Plotly public sample dataset"
"06091","Sierra County","CA","2.6","2.6","Sierra County, CA","2016 unemployment 7.6%; gap vs county median 2.6 percentage points","BLS LAUS 2016 via Plotly public sample dataset"
"06093","Siskiyou County","CA","3.5","3.5","Siskiyou County, CA","2016 unemployment 8.5%; gap vs county median 3.5 percentage points","BLS LAUS 2016 via Plotly public sample dataset"
"06095","Solano County","CA","0.5","0.5","Solano County, CA","2016 unemployment 5.5%; gap vs county median 0.5 percentage points","BLS LAUS 2016 via Plotly public sample dataset"
"06097","Sonoma County","CA","-1","1","Sonoma County, CA","2016 unemployment 4%; gap vs county median -1 percentage points","BLS LAUS 2016 via Plotly public sample dataset"
"06099","Stanislaus County","CA","3.5","3.5","Stanislaus County, CA","2016 unemployment 8.5%; gap vs county median 3.5 percentage points","BLS LAUS 2016 via Plotly public sample dataset"
"06101","Sutter County","CA","4.6","4.6","Sutter County, CA","2016 unemployment 9.6%; gap vs county median 4.6 percentage points","BLS LAUS 2016 via Plotly public sample dataset"
"06103","Tehama County","CA","2.1","2.1","Tehama County, CA","2016 unemployment 7.1%; gap vs county median 2.1 percentage points","BLS LAUS 2016 via Plotly public sample dataset"
"06105","Trinity County","CA","2.1","2.1","Trinity County, CA","2016 unemployment 7.1%; gap vs county median 2.1 percentage points","BLS LAUS 2016 via Plotly public sample dataset"
"06107","Tulare County","CA","6","6","Tulare County, CA","2016 unemployment 11%; gap vs county median 6 percentage points","BLS LAUS 2016 via Plotly public sample dataset"
"06109","Tuolumne County","CA","1.2","1.2","Tuolumne County, CA","2016 unemployment 6.2%; gap vs county median 1.2 percentage points","BLS LAUS 2016 via Plotly public sample dataset"
"06111","Ventura County","CA","0.2","0.2","Ventura County, CA","2016 unemployment 5.2%; gap vs county median 0.2 percentage points","BLS LAUS 2016 via Plotly public sample dataset"
"06113","Yolo County","CA","0.8","0.8","Yolo County, CA","2016 unemployment 5.8%; gap vs county median 0.8 percentage points","BLS LAUS 2016 via Plotly public sample dataset"
"06115","Yuba County","CA","3.5","3.5","Yuba County, CA","2016 unemployment 8.5%; gap vs county median 3.5 percentage points","BLS LAUS 2016 via Plotly public sample dataset"
"08001","Adams County","CO","-1.4","1.4","Adams County, CO","2016 unemployment 3.6%; gap vs county median -1.4 percentage points","BLS LAUS 2016 via Plotly public sample dataset"
"08003","Alamosa County","CO","-0.9","0.9","Alamosa County, CO","2016 unemployment 4.1%; gap vs county median -0.9 percentage points","BLS LAUS 2016 via Plotly public sample dataset"
"08005","Arapahoe County","CO","-1.9","1.9","Arapahoe County, CO","2016 unemployment 3.1%; gap vs county median -1.9 percentage points","BLS LAUS 2016 via Plotly public sample dataset"
"08007","Archuleta County","CO","-1.7","1.7","Archuleta County, CO","2016 unemployment 3.3%; gap vs county median -1.7 percentage points","BLS LAUS 2016 via Plotly public sample dataset"
"08009","Baca County","CO","-3.3","3.3","Baca County, CO","2016 unemployment 1.7%; gap vs county median -3.3 percentage points","BLS LAUS 2016 via Plotly public sample dataset"
"08011","Bent County","CO","-1.9","1.9","Bent County, CO","2016 unemployment 3.1%; gap vs county median -1.9 percentage points","BLS LAUS 2016 via Plotly public sample dataset"
"08013","Boulder County","CO","-2.3","2.3","Boulder County, CO","2016 unemployment 2.7%; gap vs county median -2.3 percentage points","BLS LAUS 2016 via Plotly public sample dataset"
"08014","Broomfield County/city","CO","-2.1","2.1","Broomfield County/city, CO","2016 unemployment 2.9%; gap vs county median -2.1 percentage points","BLS LAUS 2016 via Plotly public sample dataset"
"08015","Chaffee County","CO","-2.3","2.3","Chaffee County, CO","2016 unemployment 2.7%; gap vs county median -2.3 percentage points","BLS LAUS 2016 via Plotly public sample dataset"
"08017","Cheyenne County","CO","-2.7","2.7","Cheyenne County, CO","2016 unemployment 2.3%; gap vs county median -2.7 percentage points","BLS LAUS 2016 via Plotly public sample dataset"
"08019","Clear Creek County","CO","-1.8","1.8","Clear Creek County, CO","2016 unemployment 3.2%; gap vs county median -1.8 percentage points","BLS LAUS 2016 via Plotly public sample dataset"
"08021","Conejos County","CO","-0.1","0.1","Conejos County, CO","2016 unemployment 4.9%; gap vs county median -0.1 percentage points","BLS LAUS 2016 via Plotly public sample dataset"
"08023","Costilla County","CO","-0.1","0.1","Costilla County, CO","2016 unemployment 4.9%; gap vs county median -0.1 percentage points","BLS LAUS 2016 via Plotly public sample dataset"
"08025","Crowley County","CO","-1.4","1.4","Crowley County, CO","2016 unemployment 3.6%; gap vs county median -1.4 percentage points","BLS LAUS 2016 via Plotly public sample dataset"
"08027","Custer County","CO","-1.8","1.8","Custer County, CO","2016 unemployment 3.2%; gap vs county median -1.8 percentage points","BLS LAUS 2016 via Plotly public sample dataset"
"08029","Delta County","CO","0","0","Delta County, CO","2016 unemployment 5%; gap vs county median 0 percentage points","BLS LAUS 2016 via Plotly public sample dataset"
"08031","Denver County/city","CO","-1.9","1.9","Denver County/city, CO","2016 unemployment 3.1%; gap vs county median -1.9 percentage points","BLS LAUS 2016 via Plotly public sample dataset"
"08033","Dolores County","CO","-1","1","Dolores County, CO","2016 unemployment 4%; gap vs county median -1 percentage points","BLS LAUS 2016 via Plotly public sample dataset"
"08035","Douglas County","CO","-2.3","2.3","Douglas County, CO","2016 unemployment 2.7%; gap vs county median -2.3 percentage points","BLS LAUS 2016 via Plotly public sample dataset"
"08037","Eagle County","CO","-2.2","2.2","Eagle County, CO","2016 unemployment 2.8%; gap vs county median -2.2 percentage points","BLS LAUS 2016 via Plotly public sample dataset"
"08039","Elbert County","CO","-2.3","2.3","Elbert County, CO","2016 unemployment 2.7%; gap vs county median -2.3 percentage points","BLS LAUS 2016 via Plotly public sample dataset"
"08041","El Paso County","CO","-1.2","1.2","El Paso County, CO","2016 unemployment 3.8%; gap vs county median -1.2 percentage points","BLS LAUS 2016 via Plotly public sample dataset"
"08043","Fremont County","CO","0.3","0.3","Fremont County, CO","2016 unemployment 5.3%; gap vs county median 0.3 percentage points","BLS LAUS 2016 via Plotly public sample dataset"
"08045","Garfield County","CO","-1.4","1.4","Garfield County, CO","2016 unemployment 3.6%; gap vs county median -1.4 percentage points","BLS LAUS 2016 via Plotly public sample dataset"
"08047","Gilpin County","CO","-2.6","2.6","Gilpin County, CO","2016 unemployment 2.4%; gap vs county median -2.6 percentage points","BLS LAUS 2016 via Plotly public sample dataset"
"08049","Grand County","CO","-2.3","2.3","Grand County, CO","2016 unemployment 2.7%; gap vs county median -2.3 percentage points","BLS LAUS 2016 via Plotly public sample dataset"
"08051","Gunnison County","CO","-2.7","2.7","Gunnison County, CO","2016 unemployment 2.3%; gap vs county median -2.7 percentage points","BLS LAUS 2016 via Plotly public sample dataset"
"08053","Hinsdale County","CO","-2.7","2.7","Hinsdale County, CO","2016 unemployment 2.3%; gap vs county median -2.7 percentage points","BLS LAUS 2016 via Plotly public sample dataset"
"08055","Huerfano County","CO","1.4","1.4","Huerfano County, CO","2016 unemployment 6.4%; gap vs county median 1.4 percentage points","BLS LAUS 2016 via Plotly public sample dataset"
"08057","Jackson County","CO","-2.3","2.3","Jackson County, CO","2016 unemployment 2.7%; gap vs county median -2.3 percentage points","BLS LAUS 2016 via Plotly public sample dataset"
"08059","Jefferson County","CO","-2","2","Jefferson County, CO","2016 unemployment 3%; gap vs county median -2 percentage points","BLS LAUS 2016 via Plotly public sample dataset"
"08061","Kiowa County","CO","-2.9","2.9","Kiowa County, CO","2016 unemployment 2.1%; gap vs county median -2.9 percentage points","BLS LAUS 2016 via Plotly public sample dataset"
"08063","Kit Carson County","CO","-2.9","2.9","Kit Carson County, CO","2016 unemployment 2.1%; gap vs county median -2.9 percentage points","BLS LAUS 2016 via Plotly public sample dataset"
"08065","Lake County","CO","-2.1","2.1","Lake County, CO","2016 unemployment 2.9%; gap vs county median -2.1 percentage points","BLS LAUS 2016 via Plotly public sample dataset"
"08067","La Plata County","CO","-2.1","2.1","La Plata County, CO","2016 unemployment 2.9%; gap vs county median -2.1 percentage points","BLS LAUS 2016 via Plotly public sample dataset"
"08069","Larimer County","CO","-2.2","2.2","Larimer County, CO","2016 unemployment 2.8%; gap vs county median -2.2 percentage points","BLS LAUS 2016 via Plotly public sample dataset"
"08071","Las Animas County","CO","0.2","0.2","Las Animas County, CO","2016 unemployment 5.2%; gap vs county median 0.2 percentage points","BLS LAUS 2016 via Plotly public sample dataset"
"08073","Lincoln County","CO","-2.4","2.4","Lincoln County, CO","2016 unemployment 2.6%; gap vs county median -2.4 percentage points","BLS LAUS 2016 via Plotly public sample dataset"
"08075","Logan County","CO","-2","2","Logan County, CO","2016 unemployment 3%; gap vs county median -2 percentage points","BLS LAUS 2016 via Plotly public sample dataset"
"08077","Mesa County","CO","0.4","0.4","Mesa County, CO","2016 unemployment 5.4%; gap vs county median 0.4 percentage points","BLS LAUS 2016 via Plotly public sample dataset"
"08079","Mineral County","CO","-2.8","2.8","Mineral County, CO","2016 unemployment 2.2%; gap vs county median -2.8 percentage points","BLS LAUS 2016 via Plotly public sample dataset"
"08081","Moffat County","CO","-1","1","Moffat County, CO","2016 unemployment 4%; gap vs county median -1 percentage points","BLS LAUS 2016 via Plotly public sample dataset"
"08083","Montezuma County","CO","0","0","Montezuma County, CO","2016 unemployment 5%; gap vs county median 0 percentage points","BLS LAUS 2016 via Plotly public sample dataset"
"08085","Montrose County","CO","-0.8","0.8","Montrose County, CO","2016 unemployment 4.2%; gap vs county median -0.8 percentage points","BLS LAUS 2016 via Plotly public sample dataset"
"08087","Morgan County","CO","-1.5","1.5","Morgan County, CO","2016 unemployment 3.5%; gap vs county median -1.5 percentage points","BLS LAUS 2016 via Plotly public sample dataset"
"08089","Otero County","CO","-0.2","0.2","Otero County, CO","2016 unemployment 4.8%; gap vs county median -0.2 percentage points","BLS LAUS 2016 via Plotly public sample dataset"
"08091","Ouray County","CO","-1.2","1.2","Ouray County, CO","2016 unemployment 3.8%; gap vs county median -1.2 percentage points","BLS LAUS 2016 via Plotly public sample dataset"
"08093","Park County","CO","-2.2","2.2","Park County, CO","2016 unemployment 2.8%; gap vs county median -2.2 percentage points","BLS LAUS 2016 via Plotly public sample dataset"
"08095","Phillips County","CO","-3","3","Phillips County, CO","2016 unemployment 2%; gap vs county median -3 percentage points","BLS LAUS 2016 via Plotly public sample dataset"
"08097","Pitkin County","CO","-1.6","1.6","Pitkin County, CO","2016 unemployment 3.4%; gap vs county median -1.6 percentage points","BLS LAUS 2016 via Plotly public sample dataset"
"08099","Prowers County","CO","-1.7","1.7","Prowers County, CO","2016 unemployment 3.3%; gap vs county median -1.7 percentage points","BLS LAUS 2016 via Plotly public sample dataset"
"08101","Pueblo County","CO","-0.1","0.1","Pueblo County, CO","2016 unemployment 4.9%; gap vs county median -0.1 percentage points","BLS LAUS 2016 via Plotly public sample dataset"
"08103","Rio Blanco County","CO","0.1","0.1","Rio Blanco County, CO","2016 unemployment 5.1%; gap vs county median 0.1 percentage points","BLS LAUS 2016 via Plotly public sample dataset"
"08105","Rio Grande County","CO","0.1","0.1","Rio Grande County, CO","2016 unemployment 5.1%; gap vs county median 0.1 percentage points","BLS LAUS 2016 via Plotly public sample dataset"
"08107","Routt County","CO","-2.3","2.3","Routt County, CO","2016 unemployment 2.7%; gap vs county median -2.3 percentage points","BLS LAUS 2016 via Plotly public sample dataset"
"08109","Saguache County","CO","-0.1","0.1","Saguache County, CO","2016 unemployment 4.9%; gap vs county median -0.1 percentage points","BLS LAUS 2016 via Plotly public sample dataset"
"08111","San Juan County","CO","-1.2","1.2","San Juan County, CO","2016 unemployment 3.8%; gap vs county median -1.2 percentage points","BLS LAUS 2016 via Plotly public sample dataset"
"08113","San Miguel County","CO","-1.7","1.7","San Miguel County, CO","2016 unemployment 3.3%; gap vs county median -1.7 percentage points","BLS LAUS 2016 via Plotly public sample dataset"
"08115","Sedgwick County","CO","-2.6","2.6","Sedgwick County, CO","2016 unemployment 2.4%; gap vs county median -2.6 percentage points","BLS LAUS 2016 via Plotly public sample dataset"
"08117","Summit County","CO","-2.9","2.9","Summit County, CO","2016 unemployment 2.1%; gap vs county median -2.9 percentage points","BLS LAUS 2016 via Plotly public sample dataset"
"08119","Teller County","CO","-1.2","1.2","Teller County, CO","2016 unemployment 3.8%; gap vs county median -1.2 percentage points","BLS LAUS 2016 via Plotly public sample dataset"
"08121","Washington County","CO","-2.8","2.8","Washington County, CO","2016 unemployment 2.2%; gap vs county median -2.8 percentage points","BLS LAUS 2016 via Plotly public sample dataset"
"08123","Weld County","CO","-1.6","1.6","Weld County, CO","2016 unemployment 3.4%; gap vs county median -1.6 percentage points","BLS LAUS 2016 via Plotly public sample dataset"
"08125","Yuma County","CO","-2.8","2.8","Yuma County, CO","2016 unemployment 2.2%; gap vs county median -2.8 percentage points","BLS LAUS 2016 via Plotly public sample dataset"
"09001","Fairfield County","CT","-0.2","0.2","Fairfield County, CT","2016 unemployment 4.8%; gap vs county median -0.2 percentage points","BLS LAUS 2016 via Plotly public sample dataset"
"09003","Hartford County","CT","0.3","0.3","Hartford County, CT","2016 unemployment 5.3%; gap vs county median 0.3 percentage points","BLS LAUS 2016 via Plotly public sample dataset"
"09005","Litchfield County","CT","-0.4","0.4","Litchfield County, CT","2016 unemployment 4.6%; gap vs county median -0.4 percentage points","BLS LAUS 2016 via Plotly public sample dataset"
"09007","Middlesex County","CT","-0.6","0.6","Middlesex County, CT","2016 unemployment 4.4%; gap vs county median -0.6 percentage points","BLS LAUS 2016 via Plotly public sample dataset"
"09009","New Haven County","CT","0.5","0.5","New Haven County, CT","2016 unemployment 5.5%; gap vs county median 0.5 percentage points","BLS LAUS 2016 via Plotly public sample dataset"
"09011","New London County","CT","0","0","New London County, CT","2016 unemployment 5%; gap vs county median 0 percentage points","BLS LAUS 2016 via Plotly public sample dataset"
"09013","Tolland County","CT","-0.6","0.6","Tolland County, CT","2016 unemployment 4.4%; gap vs county median -0.6 percentage points","BLS LAUS 2016 via Plotly public sample dataset"
"09015","Windham County","CT","0.5","0.5","Windham County, CT","2016 unemployment 5.5%; gap vs county median 0.5 percentage points","BLS LAUS 2016 via Plotly public sample dataset"
"10001","Kent County","DE","-0.3","0.3","Kent County, DE","2016 unemployment 4.7%; gap vs county median -0.3 percentage points","BLS LAUS 2016 via Plotly public sample dataset"
"10003","New Castle County","DE","-0.7","0.7","New Castle County, DE","2016 unemployment 4.3%; gap vs county median -0.7 percentage points","BLS LAUS 2016 via Plotly public sample dataset"
"10005","Sussex County","DE","-0.6","0.6","Sussex County, DE","2016 unemployment 4.4%; gap vs county median -0.6 percentage points","BLS LAUS 2016 via Plotly public sample dataset"
"11001","District of Columbia","11","1","1","District of Columbia, 11","2016 unemployment 6%; gap vs county median 1 percentage points","BLS LAUS 2016 via Plotly public sample dataset"
"12001","Alachua County","FL","-0.7","0.7","Alachua County, FL","2016 unemployment 4.3%; gap vs county median -0.7 percentage points","BLS LAUS 2016 via Plotly public sample dataset"
"12003","Baker County","FL","-0.1","0.1","Baker County, FL","2016 unemployment 4.9%; gap vs county median -0.1 percentage points","BLS LAUS 2016 via Plotly public sample dataset"
"12005","Bay County","FL","-0.1","0.1","Bay County, FL","2016 unemployment 4.9%; gap vs county median -0.1 percentage points","BLS LAUS 2016 via Plotly public sample dataset"
"12007","Bradford County","FL","-0.7","0.7","Bradford County, FL","2016 unemployment 4.3%; gap vs county median -0.7 percentage points","BLS LAUS 2016 via Plotly public sample dataset"
"12009","Brevard County","FL","0.2","0.2","Brevard County, FL","2016 unemployment 5.2%; gap vs county median 0.2 percentage points","BLS LAUS 2016 via Plotly public sample dataset"
"12011","Broward County","FL","-0.4","0.4","Broward County, FL","2016 unemployment 4.6%; gap vs county median -0.4 percentage points","BLS LAUS 2016 via Plotly public sample dataset"
"12013","Calhoun County","FL","0.7","0.7","Calhoun County, FL","2016 unemployment 5.7%; gap vs county median 0.7 percentage points","BLS LAUS 2016 via Plotly public sample dataset"
"12015","Charlotte County","FL","0.3","0.3","Charlotte County, FL","2016 unemployment 5.3%; gap vs county median 0.3 percentage points","BLS LAUS 2016 via Plotly public sample dataset"
"12017","Citrus County","FL","1.8","1.8","Citrus County, FL","2016 unemployment 6.8%; gap vs county median 1.8 percentage points","BLS LAUS 2016 via Plotly public sample dataset"
"12019","Clay County","FL","-0.5","0.5","Clay County, FL","2016 unemployment 4.5%; gap vs county median -0.5 percentage points","BLS LAUS 2016 via Plotly public sample dataset"
"12021","Collier County","FL","-0.2","0.2","Collier County, FL","2016 unemployment 4.8%; gap vs county median -0.2 percentage points","BLS LAUS 2016 via Plotly public sample dataset"
"12023","Columbia County","FL","-0.2","0.2","Columbia County, FL","2016 unemployment 4.8%; gap vs county median -0.2 percentage points","BLS LAUS 2016 via Plotly public sample dataset"
"12027","DeSoto County","FL","0.2","0.2","DeSoto County, FL","2016 unemployment 5.2%; gap vs county median 0.2 percentage points","BLS LAUS 2016 via Plotly public sample dataset"
"12029","Dixie County","FL","0.5","0.5","Dixie County, FL","2016 unemployment 5.5%; gap vs county median 0.5 percentage points","BLS LAUS 2016 via Plotly public sample dataset"
"12031","Duval County","FL","0","0","Duval County, FL","2016 unemployment 5%; gap vs county median 0 percentage points","BLS LAUS 2016 via Plotly public sample dataset"
"12033","Escambia County","FL","-0.1","0.1","Escambia County, FL","2016 unemployment 4.9%; gap vs county median -0.1 percentage points","BLS LAUS 2016 via Plotly public sample dataset"
"12035","Flagler County","FL","0.5","0.5","Flagler County, FL","2016 unemployment 5.5%; gap vs county median 0.5 percentage points","BLS LAUS 2016 via Plotly public sample dataset"
"12037","Franklin County","FL","-0.7","0.7","Franklin County, FL","2016 unemployment 4.3%; gap vs county median -0.7 percentage points","BLS LAUS 2016 via Plotly public sample dataset"
"12039","Gadsden County","FL","1.3","1.3","Gadsden County, FL","2016 unemployment 6.3%; gap vs county median 1.3 percentage points","BLS LAUS 2016 via Plotly public sample dataset"
"12041","Gilchrist County","FL","0.1","0.1","Gilchrist County, FL","2016 unemployment 5.1%; gap vs county median 0.1 percentage points","BLS LAUS 2016 via Plotly public sample dataset"
"12043","Glades County","FL","1.2","1.2","Glades County, FL","2016 unemployment 6.2%; gap vs county median 1.2 percentage points","BLS LAUS 2016 via Plotly public sample dataset"
"12045","Gulf County","FL","-0.5","0.5","Gulf County, FL","2016 unemployment 4.5%; gap vs county median -0.5 percentage points","BLS LAUS 2016 via Plotly public sample dataset"
"12047","Hamilton County","FL","0.6","0.6","Hamilton County, FL","2016 unemployment 5.6%; gap vs county median 0.6 percentage points","BLS LAUS 2016 via Plotly public sample dataset"
"12049","Hardee County","FL","1.7","1.7","Hardee County, FL","2016 unemployment 6.7%; gap vs county median 1.7 percentage points","BLS LAUS 2016 via Plotly public sample dataset"
"12051","Hendry County","FL","4.1","4.1","Hendry County, FL","2016 unemployment 9.1%; gap vs county median 4.1 percentage points","BLS LAUS 2016 via Plotly public sample dataset"
"12053","Hernando County","FL","1.1","1.1","Hernando County, FL","2016 unemployment 6.1%; gap vs county median 1.1 percentage points","BLS LAUS 2016 via Plotly public sample dataset"
"12055","Highlands County","FL","1.6","1.6","Highlands County, FL","2016 unemployment 6.6%; gap vs county median 1.6 percentage points","BLS LAUS 2016 via Plotly public sample dataset"
"12057","Hillsborough County","FL","-0.5","0.5","Hillsborough County, FL","2016 unemployment 4.5%; gap vs county median -0.5 percentage points","BLS LAUS 2016 via Plotly public sample dataset"
"12059","Holmes County","FL","0.4","0.4","Holmes County, FL","2016 unemployment 5.4%; gap vs county median 0.4 percentage points","BLS LAUS 2016 via Plotly public sample dataset"
"12061","Indian River County","FL","1.2","1.2","Indian River County, FL","2016 unemployment 6.2%; gap vs county median 1.2 percentage points","BLS LAUS 2016 via Plotly public sample dataset"
"12063","Jackson County","FL","0.3","0.3","Jackson County, FL","2016 unemployment 5.3%; gap vs county median 0.3 percentage points","BLS LAUS 2016 via Plotly public sample dataset"
"12065","Jefferson County","FL","0.3","0.3","Jefferson County, FL","2016 unemployment 5.3%; gap vs county median 0.3 percentage points","BLS LAUS 2016 via Plotly public sample dataset"
"12067","Lafayette County","FL","-0.9","0.9","Lafayette County, FL","2016 unemployment 4.1%; gap vs county median -0.9 percentage points","BLS LAUS 2016 via Plotly public sample dataset"
"12069","Lake County","FL","-0.1","0.1","Lake County, FL","2016 unemployment 4.9%; gap vs county median -0.1 percentage points","BLS LAUS 2016 via Plotly public sample dataset"
"12071","Lee County","FL","-0.4","0.4","Lee County, FL","2016 unemployment 4.6%; gap vs county median -0.4 percentage points","BLS LAUS 2016 via Plotly public sample dataset"
"12073","Leon County","FL","-0.4","0.4","Leon County, FL","2016 unemployment 4.6%; gap vs county median -0.4 percentage points","BLS LAUS 2016 via Plotly public sample dataset"
"12075","Levy County","FL","0.2","0.2","Levy County, FL","2016 unemployment 5.2%; gap vs county median 0.2 percentage points","BLS LAUS 2016 via Plotly public sample dataset"
"12077","Liberty County","FL","0.3","0.3","Liberty County, FL","2016 unemployment 5.3%; gap vs county median 0.3 percentage points","BLS LAUS 2016 via Plotly public sample dataset"
"12079","Madison County","FL","0.3","0.3","Madison County, FL","2016 unemployment 5.3%; gap vs county median 0.3 percentage points","BLS LAUS 2016 via Plotly public sample dataset"
"12081","Manatee County","FL","-0.4","0.4","Manatee County, FL","2016 unemployment 4.6%; gap vs county median -0.4 percentage points","BLS LAUS 2016 via Plotly public sample dataset"
"12083","Marion County","FL","0.8","0.8","Marion County, FL","2016 unemployment 5.8%; gap vs county median 0.8 percentage points","BLS LAUS 2016 via Plotly public sample dataset"
"12085","Martin County","FL","-0.1","0.1","Martin County, FL","2016 unemployment 4.9%; gap vs county median -0.1 percentage points","BLS LAUS 2016 via Plotly public sample dataset"
"12086","Miami-Dade County","FL","0.4","0.4","Miami-Dade County, FL","2016 unemployment 5.4%; gap vs county median 0.4 percentage points","BLS LAUS 2016 via Plotly public sample dataset"
"12087","Monroe County","FL","-1.8","1.8","Monroe County, FL","2016 unemployment 3.2%; gap vs county median -1.8 percentage points","BLS LAUS 2016 via Plotly public sample dataset"
"12089","Nassau County","FL","-0.4","0.4","Nassau County, FL","2016 unemployment 4.6%; gap vs county median -0.4 percentage points","BLS LAUS 2016 via Plotly public sample dataset"
"12091","Okaloosa County","FL","-1","1","Okaloosa County, FL","2016 unemployment 4%; gap vs county median -1 percentage points","BLS LAUS 2016 via Plotly public sample dataset"
"12093","Okeechobee County","FL","0.4","0.4","Okeechobee County, FL","2016 unemployment 5.4%; gap vs county median 0.4 percentage points","BLS LAUS 2016 via Plotly public sample dataset"
"12095","Orange County","FL","-0.6","0.6","Orange County, FL","2016 unemployment 4.4%; gap vs county median -0.6 percentage points","BLS LAUS 2016 via Plotly public sample dataset"
"12097","Osceola County","FL","0","0","Osceola County, FL","2016 unemployment 5%; gap vs county median 0 percentage points","BLS LAUS 2016 via Plotly public sample dataset"
"12099","Palm Beach County","FL","-0.2","0.2","Palm Beach County, FL","2016 unemployment 4.8%; gap vs county median -0.2 percentage points","BLS LAUS 2016 via Plotly public sample dataset"
"12101","Pasco County","FL","0.2","0.2","Pasco County, FL","2016 unemployment 5.2%; gap vs county median 0.2 percentage points","BLS LAUS 2016 via Plotly public sample dataset"
"12103","Pinellas County","FL","-0.6","0.6","Pinellas County, FL","2016 unemployment 4.4%; gap vs county median -0.6 percentage points","BLS LAUS 2016 via Plotly public sample dataset"
"12105","Polk County","FL","0.6","0.6","Polk County, FL","2016 unemployment 5.6%; gap vs county median 0.6 percentage points","BLS LAUS 2016 via Plotly public sample dataset"
"12107","Putnam County","FL","1.3","1.3","Putnam County, FL","2016 unemployment 6.3%; gap vs county median 1.3 percentage points","BLS LAUS 2016 via Plotly public sample dataset"
"12109","St. Johns County","FL","-1.3","1.3","St. Johns County, FL","2016 unemployment 3.7%; gap vs county median -1.3 percentage points","BLS LAUS 2016 via Plotly public sample dataset"
"12111","St. Lucie County","FL","0.7","0.7","St. Lucie County, FL","2016 unemployment 5.7%; gap vs county median 0.7 percentage points","BLS LAUS 2016 via Plotly public sample dataset"
"12113","Santa Rosa County","FL","-0.5","0.5","Santa Rosa County, FL","2016 unemployment 4.5%; gap vs county median -0.5 percentage points","BLS LAUS 2016 via Plotly public sample dataset"
"12115","Sarasota County","FL","-0.4","0.4","Sarasota County, FL","2016 unemployment 4.6%; gap vs county median -0.4 percentage points","BLS LAUS 2016 via Plotly public sample dataset"
"12117","Seminole County","FL","-0.7","0.7","Seminole County, FL","2016 unemployment 4.3%; gap vs county median -0.7 percentage points","BLS LAUS 2016 via Plotly public sample dataset"
"12119","Sumter County","FL","2","2","Sumter County, FL","2016 unemployment 7%; gap vs county median 2 percentage points","BLS LAUS 2016 via Plotly public sample dataset"
"12121","Suwannee County","FL","-0.1","0.1","Suwannee County, FL","2016 unemployment 4.9%; gap vs county median -0.1 percentage points","BLS LAUS 2016 via Plotly public sample dataset"
"12123","Taylor County","FL","0.5","0.5","Taylor County, FL","2016 unemployment 5.5%; gap vs county median 0.5 percentage points","BLS LAUS 2016 via Plotly public sample dataset"
"12125","Union County","FL","-0.6","0.6","Union County, FL","2016 unemployment 4.4%; gap vs county median -0.6 percentage points","BLS LAUS 2016 via Plotly public sample dataset"
"12127","Volusia County","FL","0.1","0.1","Volusia County, FL","2016 unemployment 5.1%; gap vs county median 0.1 percentage points","BLS LAUS 2016 via Plotly public sample dataset"
"12129","Wakulla County","FL","-0.9","0.9","Wakulla County, FL","2016 unemployment 4.1%; gap vs county median -0.9 percentage points","BLS LAUS 2016 via Plotly public sample dataset"
"12131","Walton County","FL","-0.7","0.7","Walton County, FL","2016 unemployment 4.3%; gap vs county median -0.7 percentage points","BLS LAUS 2016 via Plotly public sample dataset"
"12133","Washington County","FL","0.2","0.2","Washington County, FL","2016 unemployment 5.2%; gap vs county median 0.2 percentage points","BLS LAUS 2016 via Plotly public sample dataset"
"13001","Appling County","GA","1.4","1.4","Appling County, GA","2016 unemployment 6.4%; gap vs county median 1.4 percentage points","BLS LAUS 2016 via Plotly public sample dataset"
"13003","Atkinson County","GA","0.2","0.2","Atkinson County, GA","2016 unemployment 5.2%; gap vs county median 0.2 percentage points","BLS LAUS 2016 via Plotly public sample dataset"
"13005","Bacon County","GA","0.3","0.3","Bacon County, GA","2016 unemployment 5.3%; gap vs county median 0.3 percentage points","BLS LAUS 2016 via Plotly public sample dataset"
"13007","Baker County","GA","2.7","2.7","Baker County, GA","2016 unemployment 7.7%; gap vs county median 2.7 percentage points","BLS LAUS 2016 via Plotly public sample dataset"
"13009","Baldwin County","GA","1.8","1.8","Baldwin County, GA","2016 unemployment 6.8%; gap vs county median 1.8 percentage points","BLS LAUS 2016 via Plotly public sample dataset"
"13011","Banks County","GA","-0.1","0.1","Banks County, GA","2016 unemployment 4.9%; gap vs county median -0.1 percentage points","BLS LAUS 2016 via Plotly public sample dataset"
"13013","Barrow County","GA","-0.3","0.3","Barrow County, GA","2016 unemployment 4.7%; gap vs county median -0.3 percentage points","BLS LAUS 2016 via Plotly public sample dataset"
"13015","Bartow County","GA","0.1","0.1","Bartow County, GA","2016 unemployment 5.1%; gap vs county median 0.1 percentage points","BLS LAUS 2016 via Plotly public sample dataset"
"13017","Ben Hill County","GA","3.1","3.1","Ben Hill County, GA","2016 unemployment 8.1%; gap vs county median 3.1 percentage points","BLS LAUS 2016 via Plotly public sample dataset"
"13019","Berrien County","GA","1.2","1.2","Berrien County, GA","2016 unemployment 6.2%; gap vs county median 1.2 percentage points","BLS LAUS 2016 via Plotly public sample dataset"
"13021","Bibb County","GA","1","1","Bibb County, GA","2016 unemployment 6%; gap vs county median 1 percentage points","BLS LAUS 2016 via Plotly public sample dataset"
"13023","Bleckley County","GA","2.2","2.2","Bleckley County, GA","2016 unemployment 7.2%; gap vs county median 2.2 percentage points","BLS LAUS 2016 via Plotly public sample dataset"
"13025","Brantley County","GA","1.7","1.7","Brantley County, GA","2016 unemployment 6.7%; gap vs county median 1.7 percentage points","BLS LAUS 2016 via Plotly public sample dataset"
"13027","Brooks County","GA","0.2","0.2","Brooks County, GA","2016 unemployment 5.2%; gap vs county median 0.2 percentage points","BLS LAUS 2016 via Plotly public sample dataset"
"13029","Bryan County","GA","-0.1","0.1","Bryan County, GA","2016 unemployment 4.9%; gap vs county median -0.1 percentage points","BLS LAUS 2016 via Plotly public sample dataset"
"13031","Bulloch County","GA","0.7","0.7","Bulloch County, GA","2016 unemployment 5.7%; gap vs county median 0.7 percentage points","BLS LAUS 2016 via Plotly public sample dataset"
"13033","Burke County","GA","2.6","2.6","Burke County, GA","2016 unemployment 7.6%; gap vs county median 2.6 percentage points","BLS LAUS 2016 via Plotly public sample dataset"
"13035","Butts County","GA","0.6","0.6","Butts County, GA","2016 unemployment 5.6%; gap vs county median 0.6 percentage points","BLS LAUS 2016 via Plotly public sample dataset"
"13037","Calhoun County","GA","0.8","0.8","Calhoun County, GA","2016 unemployment 5.8%; gap vs county median 0.8 percentage points","BLS LAUS 2016 via Plotly public sample dataset"
"13039","Camden County","GA","0.7","0.7","Camden County, GA","2016 unemployment 5.7%; gap vs county median 0.7 percentage points","BLS LAUS 2016 via Plotly public sample dataset"
"13043","Candler County","GA","-0.1","0.1","Candler County, GA","2016 unemployment 4.9%; gap vs county median -0.1 percentage points","BLS LAUS 2016 via Plotly public sample dataset"
"13045","Carroll County","GA","1","1","Carroll County, GA","2016 unemployment 6%; gap vs county median 1 percentage points","BLS LAUS 2016 via Plotly public sample dataset"
"13047","Catoosa County","GA","-0.2","0.2","Catoosa County, GA","2016 unemployment 4.8%; gap vs county median -0.2 percentage points","BLS LAUS 2016 via Plotly public sample dataset"
"13049","Charlton County","GA","0.8","0.8","Charlton County, GA","2016 unemployment 5.8%; gap vs county median 0.8 percentage points","BLS LAUS 2016 via Plotly public sample dataset"
"13051","Chatham County","GA","0.2","0.2","Chatham County, GA","2016 unemployment 5.2%; gap vs county median 0.2 percentage points","BLS LAUS 2016 via Plotly public sample dataset"
"13053","Chattahoochee County","GA","3.4","3.4","Chattahoochee County, GA","2016 unemployment 8.4%; gap vs county median 3.4 percentage points","BLS LAUS 2016 via Plotly public sample dataset"
"13055","Chattooga County","GA","1.2","1.2","Chattooga County, GA","2016 unemployment 6.2%; gap vs county median 1.2 percentage points","BLS LAUS 2016 via Plotly public sample dataset"
"13057","Cherokee County","GA","-0.8","0.8","Cherokee County, GA","2016 unemployment 4.2%; gap vs county median -0.8 percentage points","BLS LAUS 2016 via Plotly public sample dataset"
"13059","Clarke County","GA","0.6","0.6","Clarke County, GA","2016 unemployment 5.6%; gap vs county median 0.6 percentage points","BLS LAUS 2016 via Plotly public sample dataset"
"13061","Clay County","GA","5.5","5.5","Clay County, GA","2016 unemployment 10.5%; gap vs county median 5.5 percentage points","BLS LAUS 2016 via Plotly public sample dataset"
"13063","Clayton County","GA","1.6","1.6","Clayton County, GA","2016 unemployment 6.6%; gap vs county median 1.6 percentage points","BLS LAUS 2016 via Plotly public sample dataset"
"13065","Clinch County","GA","1.2","1.2","Clinch County, GA","2016 unemployment 6.2%; gap vs county median 1.2 percentage points","BLS LAUS 2016 via Plotly public sample dataset"
"13067","Cobb County","GA","-0.4","0.4","Cobb County, GA","2016 unemployment 4.6%; gap vs county median -0.4 percentage points","BLS LAUS 2016 via Plotly public sample dataset"
"13069","Coffee County","GA","0.9","0.9","Coffee County, GA","2016 unemployment 5.9%; gap vs county median 0.9 percentage points","BLS LAUS 2016 via Plotly public sample dataset"
"13071","Colquitt County","GA","0.3","0.3","Colquitt County, GA","2016 unemployment 5.3%; gap vs county median 0.3 percentage points","BLS LAUS 2016 via Plotly public sample dataset"
"13073","Columbia County","GA","-0.3","0.3","Columbia County, GA","2016 unemployment 4.7%; gap vs county median -0.3 percentage points","BLS LAUS 2016 via Plotly public sample dataset"
"13075","Cook County","GA","0.4","0.4","Cook County, GA","2016 unemployment 5.4%; gap vs county median 0.4 percentage points","BLS LAUS 2016 via Plotly public sample dataset"
"13077","Coweta County","GA","0","0","Coweta County, GA","2016 unemployment 5%; gap vs county median 0 percentage points","BLS LAUS 2016 via Plotly public sample dataset"
"13079","Crawford County","GA","0.9","0.9","Crawford County, GA","2016 unemployment 5.9%; gap vs county median 0.9 percentage points","BLS LAUS 2016 via Plotly public sample dataset"
"13081","Crisp County","GA","1.1","1.1","Crisp County, GA","2016 unemployment 6.1%; gap vs county median 1.1 percentage points","BLS LAUS 2016 via Plotly public sample dataset"
"13083","Dade County","GA","0.1","0.1","Dade County, GA","2016 unemployment 5.1%; gap vs county median 0.1 percentage points","BLS LAUS 2016 via Plotly public sample dataset"
"13085","Dawson County","GA","-0.3","0.3","Dawson County, GA","2016 unemployment 4.7%; gap vs county median -0.3 percentage points","BLS LAUS 2016 via Plotly public sample dataset"
"13087","Decatur County","GA","1.7","1.7","Decatur County, GA","2016 unemployment 6.7%; gap vs county median 1.7 percentage points","BLS LAUS 2016 via Plotly public sample dataset"
"13089","DeKalb County","GA","0.4","0.4","DeKalb County, GA","2016 unemployment 5.4%; gap vs county median 0.4 percentage points","BLS LAUS 2016 via Plotly public sample dataset"
"13091","Dodge County","GA","2.4","2.4","Dodge County, GA","2016 unemployment 7.4%; gap vs county median 2.4 percentage points","BLS LAUS 2016 via Plotly public sample dataset"
"13093","Dooly County","GA","0.8","0.8","Dooly County, GA","2016 unemployment 5.8%; gap vs county median 0.8 percentage points","BLS LAUS 2016 via Plotly public sample dataset"
"13095","Dougherty County","GA","1.9","1.9","Dougherty County, GA","2016 unemployment 6.9%; gap vs county median 1.9 percentage points","BLS LAUS 2016 via Plotly public sample dataset"
"13097","Douglas County","GA","0.5","0.5","Douglas County, GA","2016 unemployment 5.5%; gap vs county median 0.5 percentage points","BLS LAUS 2016 via Plotly public sample dataset"
"13099","Early County","GA","2","2","Early County, GA","2016 unemployment 7%; gap vs county median 2 percentage points","BLS LAUS 2016 via Plotly public sample dataset"
"13101","Echols County","GA","-0.7","0.7","Echols County, GA","2016 unemployment 4.3%; gap vs county median -0.7 percentage points","BLS LAUS 2016 via Plotly public sample dataset"
"13103","Effingham County","GA","-0.1","0.1","Effingham County, GA","2016 unemployment 4.9%; gap vs county median -0.1 percentage points","BLS LAUS 2016 via Plotly public sample dataset"
"13105","Elbert County","GA","1.5","1.5","Elbert County, GA","2016 unemployment 6.5%; gap vs county median 1.5 percentage points","BLS LAUS 2016 via Plotly public sample dataset"
"13107","Emanuel County","GA","2.8","2.8","Emanuel County, GA","2016 unemployment 7.8%; gap vs county median 2.8 percentage points","BLS LAUS 2016 via Plotly public sample dataset"
"13109","Evans County","GA","0","0","Evans County, GA","2016 unemployment 5%; gap vs county median 0 percentage points","BLS LAUS 2016 via Plotly public sample dataset"
"13111","Fannin County","GA","0.3","0.3","Fannin County, GA","2016 unemployment 5.3%; gap vs county median 0.3 percentage points","BLS LAUS 2016 via Plotly public sample dataset"
"13113","Fayette County","GA","-0.3","0.3","Fayette County, GA","2016 unemployment 4.7%; gap vs county median -0.3 percentage points","BLS LAUS 2016 via Plotly public sample dataset"
"13115","Floyd County","GA","1","1","Floyd County, GA","2016 unemployment 6%; gap vs county median 1 percentage points","BLS LAUS 2016 via Plotly public sample dataset"
"13117","Forsyth County","GA","-0.8","0.8","Forsyth County, GA","2016 unemployment 4.2%; gap vs county median -0.8 percentage points","BLS LAUS 2016 via Plotly public sample dataset"
"13119","Franklin County","GA","0.3","0.3","Franklin County, GA","2016 unemployment 5.3%; gap vs county median 0.3 percentage points","BLS LAUS 2016 via Plotly public sample dataset"
"13121","Fulton County","GA","0.4","0.4","Fulton County, GA","2016 unemployment 5.4%; gap vs county median 0.4 percentage points","BLS LAUS 2016 via Plotly public sample dataset"
"13123","Gilmer County","GA","0.6","0.6","Gilmer County, GA","2016 unemployment 5.6%; gap vs county median 0.6 percentage points","BLS LAUS 2016 via Plotly public sample dataset"
"13125","Glascock County","GA","1.1","1.1","Glascock County, GA","2016 unemployment 6.1%; gap vs county median 1.1 percentage points","BLS LAUS 2016 via Plotly public sample dataset"
"13127","Glynn County","GA","0.3","0.3","Glynn County, GA","2016 unemployment 5.3%; gap vs county median 0.3 percentage points","BLS LAUS 2016 via Plotly public sample dataset"
"13129","Gordon County","GA","0.7","0.7","Gordon County, GA","2016 unemployment 5.7%; gap vs county median 0.7 percentage points","BLS LAUS 2016 via Plotly public sample dataset"
"13131","Grady County","GA","0.5","0.5","Grady County, GA","2016 unemployment 5.5%; gap vs county median 0.5 percentage points","BLS LAUS 2016 via Plotly public sample dataset"
"13133","Greene County","GA","0.8","0.8","Greene County, GA","2016 unemployment 5.8%; gap vs county median 0.8 percentage points","BLS LAUS 2016 via Plotly public sample dataset"
"13135","Gwinnett County","GA","-0.3","0.3","Gwinnett County, GA","2016 unemployment 4.7%; gap vs county median -0.3 percentage points","BLS LAUS 2016 via Plotly public sample dataset"
"13137","Habersham County","GA","0.3","0.3","Habersham County, GA","2016 unemployment 5.3%; gap vs county median 0.3 percentage points","BLS LAUS 2016 via Plotly public sample dataset"
"13139","Hall County","GA","-0.5","0.5","Hall County, GA","2016 unemployment 4.5%; gap vs county median -0.5 percentage points","BLS LAUS 2016 via Plotly public sample dataset"
"13141","Hancock County","GA","3.4","3.4","Hancock County, GA","2016 unemployment 8.4%; gap vs county median 3.4 percentage points","BLS LAUS 2016 via Plotly public sample dataset"
"13143","Haralson County","GA","0.8","0.8","Haralson County, GA","2016 unemployment 5.8%; gap vs county median 0.8 percentage points","BLS LAUS 2016 via Plotly public sample dataset"
"13145","Harris County","GA","0","0","Harris County, GA","2016 unemployment 5%; gap vs county median 0 percentage points","BLS LAUS 2016 via Plotly public sample dataset"
"13147","Hart County","GA","0.5","0.5","Hart County, GA","2016 unemployment 5.5%; gap vs county median 0.5 percentage points","BLS LAUS 2016 via Plotly public sample dataset"
"13149","Heard County","GA","0.9","0.9","Heard County, GA","2016 unemployment 5.9%; gap vs county median 0.9 percentage points","BLS LAUS 2016 via Plotly public sample dataset"
"13151","Henry County","GA","0.5","0.5","Henry County, GA","2016 unemployment 5.5%; gap vs county median 0.5 percentage points","BLS LAUS 2016 via Plotly public sample dataset"
"13153","Houston County","GA","0.4","0.4","Houston County, GA","2016 unemployment 5.4%; gap vs county median 0.4 percentage points","BLS LAUS 2016 via Plotly public sample dataset"
"13155","Irwin County","GA","2.7","2.7","Irwin County, GA","2016 unemployment 7.7%; gap vs county median 2.7 percentage points","BLS LAUS 2016 via Plotly public sample dataset"
"13157","Jackson County","GA","-0.8","0.8","Jackson County, GA","2016 unemployment 4.2%; gap vs county median -0.8 percentage points","BLS LAUS 2016 via Plotly public sample dataset"
"13159","Jasper County","GA","-0.2","0.2","Jasper County, GA","2016 unemployment 4.8%; gap vs county median -0.2 percentage points","BLS LAUS 2016 via Plotly public sample dataset"
"13161","Jeff Davis County","GA","1.3","1.3","Jeff Davis County, GA","2016 unemployment 6.3%; gap vs county median 1.3 percentage points","BLS LAUS 2016 via Plotly public sample dataset"
"13163","Jefferson County","GA","2.5","2.5","Jefferson County, GA","2016 unemployment 7.5%; gap vs county median 2.5 percentage points","BLS LAUS 2016 via Plotly public sample dataset"
"13165","Jenkins County","GA","2.6","2.6","Jenkins County, GA","2016 unemployment 7.6%; gap vs county median 2.6 percentage points","BLS LAUS 2016 via Plotly public sample dataset"
"13167","Johnson County","GA","1.2","1.2","Johnson County, GA","2016 unemployment 6.2%; gap vs county median 1.2 percentage points","BLS LAUS 2016 via Plotly public sample dataset"
"13169","Jones County","GA","-0.1","0.1","Jones County, GA","2016 unemployment 4.9%; gap vs county median -0.1 percentage points","BLS LAUS 2016 via Plotly public sample dataset"
"13171","Lamar County","GA","1.5","1.5","Lamar County, GA","2016 unemployment 6.5%; gap vs county median 1.5 percentage points","BLS LAUS 2016 via Plotly public sample dataset"
"13173","Lanier County","GA","0.7","0.7","Lanier County, GA","2016 unemployment 5.7%; gap vs county median 0.7 percentage points","BLS LAUS 2016 via Plotly public sample dataset"
"13175","Laurens County","GA","1.7","1.7","Laurens County, GA","2016 unemployment 6.7%; gap vs county median 1.7 percentage points","BLS LAUS 2016 via Plotly public sample dataset"
"13177","Lee County","GA","-0.2","0.2","Lee County, GA","2016 unemployment 4.8%; gap vs county median -0.2 percentage points","BLS LAUS 2016 via Plotly public sample dataset"
"13179","Liberty County","GA","0.8","0.8","Liberty County, GA","2016 unemployment 5.8%; gap vs county median 0.8 percentage points","BLS LAUS 2016 via Plotly public sample dataset"
"13181","Lincoln County","GA","0.9","0.9","Lincoln County, GA","2016 unemployment 5.9%; gap vs county median 0.9 percentage points","BLS LAUS 2016 via Plotly public sample dataset"
"13183","Long County","GA","0.5","0.5","Long County, GA","2016 unemployment 5.5%; gap vs county median 0.5 percentage points","BLS LAUS 2016 via Plotly public sample dataset"
"13185","Lowndes County","GA","0.2","0.2","Lowndes County, GA","2016 unemployment 5.2%; gap vs county median 0.2 percentage points","BLS LAUS 2016 via Plotly public sample dataset"
"13187","Lumpkin County","GA","-0.1","0.1","Lumpkin County, GA","2016 unemployment 4.9%; gap vs county median -0.1 percentage points","BLS LAUS 2016 via Plotly public sample dataset"
"13189","McDuffie County","GA","2.2","2.2","McDuffie County, GA","2016 unemployment 7.2%; gap vs county median 2.2 percentage points","BLS LAUS 2016 via Plotly public sample dataset"
"13191","McIntosh County","GA","0.8","0.8","McIntosh County, GA","2016 unemployment 5.8%; gap vs county median 0.8 percentage points","BLS LAUS 2016 via Plotly public sample dataset"
"13193","Macon County","GA","3.3","3.3","Macon County, GA","2016 unemployment 8.3%; gap vs county median 3.3 percentage points","BLS LAUS 2016 via Plotly public sample dataset"
"13195","Madison County","GA","0","0","Madison County, GA","2016 unemployment 5%; gap vs county median 0 percentage points","BLS LAUS 2016 via Plotly public sample dataset"
"13197","Marion County","GA","2.4","2.4","Marion County, GA","2016 unemployment 7.4%; gap vs county median 2.4 percentage points","BLS LAUS 2016 via Plotly public sample dataset"
"13199","Meriwether County","GA","1.8","1.8","Meriwether County, GA","2016 unemployment 6.8%; gap vs county median 1.8 percentage points","BLS LAUS 2016 via Plotly public sample dataset"
"13201","Miller County","GA","0.5","0.5","Miller County, GA","2016 unemployment 5.5%; gap vs county median 0.5 percentage points","BLS LAUS 2016 via Plotly public sample dataset"
"13205","Mitchell County","GA","1.6","1.6","Mitchell County, GA","2016 unemployment 6.6%; gap vs county median 1.6 percentage points","BLS LAUS 2016 via Plotly public sample dataset"
"13207","Monroe County","GA","0.2","0.2","Monroe County, GA","2016 unemployment 5.2%; gap vs county median 0.2 percentage points","BLS LAUS 2016 via Plotly public sample dataset"
"13209","Montgomery County","GA","2.6","2.6","Montgomery County, GA","2016 unemployment 7.6%; gap vs county median 2.6 percentage points","BLS LAUS 2016 via Plotly public sample dataset"
"13211","Morgan County","GA","0","0","Morgan County, GA","2016 unemployment 5%; gap vs county median 0 percentage points","BLS LAUS 2016 via Plotly public sample dataset"
"13213","Murray County","GA","1.9","1.9","Murray County, GA","2016 unemployment 6.9%; gap vs county median 1.9 percentage points","BLS LAUS 2016 via Plotly public sample dataset"
"13215","Muscogee County","GA","1.9","1.9","Muscogee County, GA","2016 unemployment 6.9%; gap vs county median 1.9 percentage points","BLS LAUS 2016 via Plotly public sample dataset"
"13217","Newton County","GA","1","1","Newton County, GA","2016 unemployment 6%; gap vs county median 1 percentage points","BLS LAUS 2016 via Plotly public sample dataset"
"13219","Oconee County","GA","-0.9","0.9","Oconee County, GA","2016 unemployment 4.1%; gap vs county median -0.9 percentage points","BLS LAUS 2016 via Plotly public sample dataset"
"13221","Oglethorpe County","GA","-0.1","0.1","Oglethorpe County, GA","2016 unemployment 4.9%; gap vs county median -0.1 percentage points","BLS LAUS 2016 via Plotly public sample dataset"
"13223","Paulding County","GA","-0.4","0.4","Paulding County, GA","2016 unemployment 4.6%; gap vs county median -0.4 percentage points","BLS LAUS 2016 via Plotly public sample dataset"
"13225","Peach County","GA","1.9","1.9","Peach County, GA","2016 unemployment 6.9%; gap vs county median 1.9 percentage points","BLS LAUS 2016 via Plotly public sample dataset"
"13227","Pickens County","GA","-0.1","0.1","Pickens County, GA","2016 unemployment 4.9%; gap vs county median -0.1 percentage points","BLS LAUS 2016 via Plotly public sample dataset"
"13229","Pierce County","GA","0.4","0.4","Pierce County, GA","2016 unemployment 5.4%; gap vs county median 0.4 percentage points","BLS LAUS 2016 via Plotly public sample dataset"
"13231","Pike County","GA","0.2","0.2","Pike County, GA","2016 unemployment 5.2%; gap vs county median 0.2 percentage points","BLS LAUS 2016 via Plotly public sample dataset"
"13233","Polk County","GA","1.1","1.1","Polk County, GA","2016 unemployment 6.1%; gap vs county median 1.1 percentage points","BLS LAUS 2016 via Plotly public sample dataset"
"13235","Pulaski County","GA","0.9","0.9","Pulaski County, GA","2016 unemployment 5.9%; gap vs county median 0.9 percentage points","BLS LAUS 2016 via Plotly public sample dataset"
"13237","Putnam County","GA","2","2","Putnam County, GA","2016 unemployment 7%; gap vs county median 2 percentage points","BLS LAUS 2016 via Plotly public sample dataset"
"13239","Quitman County","GA","2.4","2.4","Quitman County, GA","2016 unemployment 7.4%; gap vs county median 2.4 percentage points","BLS LAUS 2016 via Plotly public sample dataset"
"13241","Rabun County","GA","0.9","0.9","Rabun County, GA","2016 unemployment 5.9%; gap vs county median 0.9 percentage points","BLS LAUS 2016 via Plotly public sample dataset"
"13243","Randolph County","GA","3.5","3.5","Randolph County, GA","2016 unemployment 8.5%; gap vs county median 3.5 percentage points","BLS LAUS 2016 via Plotly public sample dataset"
"13245","Richmond County","GA","1.7","1.7","Richmond County, GA","2016 unemployment 6.7%; gap vs county median 1.7 percentage points","BLS LAUS 2016 via Plotly public sample dataset"
"13247","Rockdale County","GA","0.7","0.7","Rockdale County, GA","2016 unemployment 5.7%; gap vs county median 0.7 percentage points","BLS LAUS 2016 via Plotly public sample dataset"
"13249","Schley County","GA","1.4","1.4","Schley County, GA","2016 unemployment 6.4%; gap vs county median 1.4 percentage points","BLS LAUS 2016 via Plotly public sample dataset"
"13251","Screven County","GA","2.6","2.6","Screven County, GA","2016 unemployment 7.6%; gap vs county median 2.6 percentage points","BLS LAUS 2016 via Plotly public sample dataset"
"13253","Seminole County","GA","2.9","2.9","Seminole County, GA","2016 unemployment 7.9%; gap vs county median 2.9 percentage points","BLS LAUS 2016 via Plotly public sample dataset"
"13255","Spalding County","GA","1.8","1.8","Spalding County, GA","2016 unemployment 6.8%; gap vs county median 1.8 percentage points","BLS LAUS 2016 via Plotly public sample dataset"
"13257","Stephens County","GA","0.9","0.9","Stephens County, GA","2016 unemployment 5.9%; gap vs county median 0.9 percentage points","BLS LAUS 2016 via Plotly public sample dataset"
"13259","Stewart County","GA","1.6","1.6","Stewart County, GA","2016 unemployment 6.6%; gap vs county median 1.6 percentage points","BLS LAUS 2016 via Plotly public sample dataset"
"13261","Sumter County","GA","2.7","2.7","Sumter County, GA","2016 unemployment 7.7%; gap vs county median 2.7 percentage points","BLS LAUS 2016 via Plotly public sample dataset"
"13263","Talbot County","GA","1.7","1.7","Talbot County, GA","2016 unemployment 6.7%; gap vs county median 1.7 percentage points","BLS LAUS 2016 via Plotly public sample dataset"
"13265","Taliaferro County","GA","1.5","1.5","Taliaferro County, GA","2016 unemployment 6.5%; gap vs county median 1.5 percentage points","BLS LAUS 2016 via Plotly public sample dataset"
"13267","Tattnall County","GA","0.4","0.4","Tattnall County, GA","2016 unemployment 5.4%; gap vs county median 0.4 percentage points","BLS LAUS 2016 via Plotly public sample dataset"
"13269","Taylor County","GA","2.2","2.2","Taylor County, GA","2016 unemployment 7.2%; gap vs county median 2.2 percentage points","BLS LAUS 2016 via Plotly public sample dataset"
"13271","Telfair County","GA","3.6","3.6","Telfair County, GA","2016 unemployment 8.6%; gap vs county median 3.6 percentage points","BLS LAUS 2016 via Plotly public sample dataset"
"13273","Terrell County","GA","1.6","1.6","Terrell County, GA","2016 unemployment 6.6%; gap vs county median 1.6 percentage points","BLS LAUS 2016 via Plotly public sample dataset"
"13275","Thomas County","GA","1.4","1.4","Thomas County, GA","2016 unemployment 6.4%; gap vs county median 1.4 percentage points","BLS LAUS 2016 via Plotly public sample dataset"
"13277","Tift County","GA","0.5","0.5","Tift County, GA","2016 unemployment 5.5%; gap vs county median 0.5 percentage points","BLS LAUS 2016 via Plotly public sample dataset"
"13279","Toombs County","GA","2.8","2.8","Toombs County, GA","2016 unemployment 7.8%; gap vs county median 2.8 percentage points","BLS LAUS 2016 via Plotly public sample dataset"
"13281","Towns County","GA","1.7","1.7","Towns County, GA","2016 unemployment 6.7%; gap vs county median 1.7 percentage points","BLS LAUS 2016 via Plotly public sample dataset"
"13283","Treutlen County","GA","2.8","2.8","Treutlen County, GA","2016 unemployment 7.8%; gap vs county median 2.8 percentage points","BLS LAUS 2016 via Plotly public sample dataset"
"13285","Troup County","GA","0.1","0.1","Troup County, GA","2016 unemployment 5.1%; gap vs county median 0.1 percentage points","BLS LAUS 2016 via Plotly public sample dataset"
"13287","Turner County","GA","1.6","1.6","Turner County, GA","2016 unemployment 6.6%; gap vs county median 1.6 percentage points","BLS LAUS 2016 via Plotly public sample dataset"
"13289","Twiggs County","GA","3.7","3.7","Twiggs County, GA","2016 unemployment 8.7%; gap vs county median 3.7 percentage points","BLS LAUS 2016 via Plotly public sample dataset"
"13291","Union County","GA","-0.3","0.3","Union County, GA","2016 unemployment 4.7%; gap vs county median -0.3 percentage points","BLS LAUS 2016 via Plotly public sample dataset"
"13293","Upson County","GA","1.5","1.5","Upson County, GA","2016 unemployment 6.5%; gap vs county median 1.5 percentage points","BLS LAUS 2016 via Plotly public sample dataset"
"13295","Walker County","GA","0.6","0.6","Walker County, GA","2016 unemployment 5.6%; gap vs county median 0.6 percentage points","BLS LAUS 2016 via Plotly public sample dataset"
"13297","Walton County","GA","-0.1","0.1","Walton County, GA","2016 unemployment 4.9%; gap vs county median -0.1 percentage points","BLS LAUS 2016 via Plotly public sample dataset"
"13299","Ware County","GA","0.5","0.5","Ware County, GA","2016 unemployment 5.5%; gap vs county median 0.5 percentage points","BLS LAUS 2016 via Plotly public sample dataset"
"13301","Warren County","GA","2","2","Warren County, GA","2016 unemployment 7%; gap vs county median 2 percentage points","BLS LAUS 2016 via Plotly public sample dataset"
"13303","Washington County","GA","1.4","1.4","Washington County, GA","2016 unemployment 6.4%; gap vs county median 1.4 percentage points","BLS LAUS 2016 via Plotly public sample dataset"
"13305","Wayne County","GA","1.7","1.7","Wayne County, GA","2016 unemployment 6.7%; gap vs county median 1.7 percentage points","BLS LAUS 2016 via Plotly public sample dataset"
"13307","Webster County","GA","3.8","3.8","Webster County, GA","2016 unemployment 8.8%; gap vs county median 3.8 percentage points","BLS LAUS 2016 via Plotly public sample dataset"
"13309","Wheeler County","GA","4.1","4.1","Wheeler County, GA","2016 unemployment 9.1%; gap vs county median 4.1 percentage points","BLS LAUS 2016 via Plotly public sample dataset"
"13311","White County","GA","-0.4","0.4","White County, GA","2016 unemployment 4.6%; gap vs county median -0.4 percentage points","BLS LAUS 2016 via Plotly public sample dataset"
"13313","Whitfield County","GA","0.9","0.9","Whitfield County, GA","2016 unemployment 5.9%; gap vs county median 0.9 percentage points","BLS LAUS 2016 via Plotly public sample dataset"
"13315","Wilcox County","GA","2","2","Wilcox County, GA","2016 unemployment 7%; gap vs county median 2 percentage points","BLS LAUS 2016 via Plotly public sample dataset"
"13317","Wilkes County","GA","1.3","1.3","Wilkes County, GA","2016 unemployment 6.3%; gap vs county median 1.3 percentage points","BLS LAUS 2016 via Plotly public sample dataset"
"13319","Wilkinson County","GA","1.3","1.3","Wilkinson County, GA","2016 unemployment 6.3%; gap vs county median 1.3 percentage points","BLS LAUS 2016 via Plotly public sample dataset"
"13321","Worth County","GA","0.9","0.9","Worth County, GA","2016 unemployment 5.9%; gap vs county median 0.9 percentage points","BLS LAUS 2016 via Plotly public sample dataset"
"15001","Hawaii County","HI","-1.2","1.2","Hawaii County, HI","2016 unemployment 3.8%; gap vs county median -1.2 percentage points","BLS LAUS 2016 via Plotly public sample dataset"
"15003","Honolulu County/city","HI","-2.2","2.2","Honolulu County/city, HI","2016 unemployment 2.8%; gap vs county median -2.2 percentage points","BLS LAUS 2016 via Plotly public sample dataset"
"15007","Kauai County","HI","-1.7","1.7","Kauai County, HI","2016 unemployment 3.3%; gap vs county median -1.7 percentage points","BLS LAUS 2016 via Plotly public sample dataset"
"15009","Maui County","HI","-1.8","1.8","Maui County, HI","2016 unemployment 3.2%; gap vs county median -1.8 percentage points","BLS LAUS 2016 via Plotly public sample dataset"
"16001","Ada County","ID","-1.7","1.7","Ada County, ID","2016 unemployment 3.3%; gap vs county median -1.7 percentage points","BLS LAUS 2016 via Plotly public sample dataset"
"16003","Adams County","ID","2.1","2.1","Adams County, ID","2016 unemployment 7.1%; gap vs county median 2.1 percentage points","BLS LAUS 2016 via Plotly public sample dataset"
"16005","Bannock County","ID","-1.5","1.5","Bannock County, ID","2016 unemployment 3.5%; gap vs county median -1.5 percentage points","BLS LAUS 2016 via Plotly public sample dataset"
"16007","Bear Lake County","ID","-0.4","0.4","Bear Lake County, ID","2016 unemployment 4.6%; gap vs county median -0.4 percentage points","BLS LAUS 2016 via Plotly public sample dataset"
"16009","Benewah County","ID","1.2","1.2","Benewah County, ID","2016 unemployment 6.2%; gap vs county median 1.2 percentage points","BLS LAUS 2016 via Plotly public sample dataset"
"16011","Bingham County","ID","-1.4","1.4","Bingham County, ID","2016 unemployment 3.6%; gap vs county median -1.4 percentage points","BLS LAUS 2016 via Plotly public sample dataset"
"16013","Blaine County","ID","-1.8","1.8","Blaine County, ID","2016 unemployment 3.2%; gap vs county median -1.8 percentage points","BLS LAUS 2016 via Plotly public sample dataset"
"16015","Boise County","ID","0.5","0.5","Boise County, ID","2016 unemployment 5.5%; gap vs county median 0.5 percentage points","BLS LAUS 2016 via Plotly public sample dataset"
"16017","Bonner County","ID","0.5","0.5","Bonner County, ID","2016 unemployment 5.5%; gap vs county median 0.5 percentage points","BLS LAUS 2016 via Plotly public sample dataset"
"16019","Bonneville County","ID","-1.8","1.8","Bonneville County, ID","2016 unemployment 3.2%; gap vs county median -1.8 percentage points","BLS LAUS 2016 via Plotly public sample dataset"
"16021","Boundary County","ID","0.3","0.3","Boundary County, ID","2016 unemployment 5.3%; gap vs county median 0.3 percentage points","BLS LAUS 2016 via Plotly public sample dataset"
"16023","Butte County","ID","-0.9","0.9","Butte County, ID","2016 unemployment 4.1%; gap vs county median -0.9 percentage points","BLS LAUS 2016 via Plotly public sample dataset"
"16025","Camas County","ID","-1.2","1.2","Camas County, ID","2016 unemployment 3.8%; gap vs county median -1.2 percentage points","BLS LAUS 2016 via Plotly public sample dataset"
"16027","Canyon County","ID","-0.6","0.6","Canyon County, ID","2016 unemployment 4.4%; gap vs county median -0.6 percentage points","BLS LAUS 2016 via Plotly public sample dataset"
"16029","Caribou County","ID","-1.3","1.3","Caribou County, ID","2016 unemployment 3.7%; gap vs county median -1.3 percentage points","BLS LAUS 2016 via Plotly public sample dataset"
"16031","Cassia County","ID","-2","2","Cassia County, ID","2016 unemployment 3%; gap vs county median -2 percentage points","BLS LAUS 2016 via Plotly public sample dataset"
"16033","Clark County","ID","-1.5","1.5","Clark County, ID","2016 unemployment 3.5%; gap vs county median -1.5 percentage points","BLS LAUS 2016 via Plotly public sample dataset"
"16035","Clearwater County","ID","2.5","2.5","Clearwater County, ID","2016 unemployment 7.5%; gap vs county median 2.5 percentage points","BLS LAUS 2016 via Plotly public sample dataset"
"16037","Custer County","ID","0.2","0.2","Custer County, ID","2016 unemployment 5.2%; gap vs county median 0.2 percentage points","BLS LAUS 2016 via Plotly public sample dataset"
"16039","Elmore County","ID","-0.8","0.8","Elmore County, ID","2016 unemployment 4.2%; gap vs county median -0.8 percentage points","BLS LAUS 2016 via Plotly public sample dataset"
"16041","Franklin County","ID","-1.9","1.9","Franklin County, ID","2016 unemployment 3.1%; gap vs county median -1.9 percentage points","BLS LAUS 2016 via Plotly public sample dataset"
"16043","Fremont County","ID","-1.6","1.6","Fremont County, ID","2016 unemployment 3.4%; gap vs county median -1.6 percentage points","BLS LAUS 2016 via Plotly public sample dataset"
"16045","Gem County","ID","-0.3","0.3","Gem County, ID","2016 unemployment 4.7%; gap vs county median -0.3 percentage points","BLS LAUS 2016 via Plotly public sample dataset"
"16047","Gooding County","ID","-1.9","1.9","Gooding County, ID","2016 unemployment 3.1%; gap vs county median -1.9 percentage points","BLS LAUS 2016 via Plotly public sample dataset"
"16049","Idaho County","ID","0.7","0.7","Idaho County, ID","2016 unemployment 5.7%; gap vs county median 0.7 percentage points","BLS LAUS 2016 via Plotly public sample dataset"
"16051","Jefferson County","ID","-1.9","1.9","Jefferson County, ID","2016 unemployment 3.1%; gap vs county median -1.9 percentage points","BLS LAUS 2016 via Plotly public sample dataset"
"16053","Jerome County","ID","-1.9","1.9","Jerome County, ID","2016 unemployment 3.1%; gap vs county median -1.9 percentage points","BLS LAUS 2016 via Plotly public sample dataset"
"16055","Kootenai County","ID","-0.2","0.2","Kootenai County, ID","2016 unemployment 4.8%; gap vs county median -0.2 percentage points","BLS LAUS 2016 via Plotly public sample dataset"
"16057","Latah County","ID","-1.7","1.7","Latah County, ID","2016 unemployment 3.3%; gap vs county median -1.7 percentage points","BLS LAUS 2016 via Plotly public sample dataset"
"16059","Lemhi County","ID","1.3","1.3","Lemhi County, ID","2016 unemployment 6.3%; gap vs county median 1.3 percentage points","BLS LAUS 2016 via Plotly public sample dataset"
"16061","Lewis County","ID","1.5","1.5","Lewis County, ID","2016 unemployment 6.5%; gap vs county median 1.5 percentage points","BLS LAUS 2016 via Plotly public sample dataset"
"16063","Lincoln County","ID","-0.5","0.5","Lincoln County, ID","2016 unemployment 4.5%; gap vs county median -0.5 percentage points","BLS LAUS 2016 via Plotly public sample dataset"
"16065","Madison County","ID","-2.5","2.5","Madison County, ID","2016 unemployment 2.5%; gap vs county median -2.5 percentage points","BLS LAUS 2016 via Plotly public sample dataset"
"16067","Minidoka County","ID","-1.7","1.7","Minidoka County, ID","2016 unemployment 3.3%; gap vs county median -1.7 percentage points","BLS LAUS 2016 via Plotly public sample dataset"
"16069","Nez Perce County","ID","-1.6","1.6","Nez Perce County, ID","2016 unemployment 3.4%; gap vs county median -1.6 percentage points","BLS LAUS 2016 via Plotly public sample dataset"
"16071","Oneida County","ID","-1.3","1.3","Oneida County, ID","2016 unemployment 3.7%; gap vs county median -1.3 percentage points","BLS LAUS 2016 via Plotly public sample dataset"
"16073","Owyhee County","ID","-0.5","0.5","Owyhee County, ID","2016 unemployment 4.5%; gap vs county median -0.5 percentage points","BLS LAUS 2016 via Plotly public sample dataset"
"16075","Payette County","ID","-0.3","0.3","Payette County, ID","2016 unemployment 4.7%; gap vs county median -0.3 percentage points","BLS LAUS 2016 via Plotly public sample dataset"
"16077","Power County","ID","-0.8","0.8","Power County, ID","2016 unemployment 4.2%; gap vs county median -0.8 percentage points","BLS LAUS 2016 via Plotly public sample dataset"
"16079","Shoshone County","ID","2.3","2.3","Shoshone County, ID","2016 unemployment 7.3%; gap vs county median 2.3 percentage points","BLS LAUS 2016 via Plotly public sample dataset"
"16081","Teton County","ID","-1.8","1.8","Teton County, ID","2016 unemployment 3.2%; gap vs county median -1.8 percentage points","BLS LAUS 2016 via Plotly public sample dataset"
"16083","Twin Falls County","ID","-1.6","1.6","Twin Falls County, ID","2016 unemployment 3.4%; gap vs county median -1.6 percentage points","BLS LAUS 2016 via Plotly public sample dataset"
"16085","Valley County","ID","0.6","0.6","Valley County, ID","2016 unemployment 5.6%; gap vs county median 0.6 percentage points","BLS LAUS 2016 via Plotly public sample dataset"
"16087","Washington County","ID","0.7","0.7","Washington County, ID","2016 unemployment 5.7%; gap vs county median 0.7 percentage points","BLS LAUS 2016 via Plotly public sample dataset"
"17001","Adams County","IL","-0.2","0.2","Adams County, IL","2016 unemployment 4.8%; gap vs county median -0.2 percentage points","BLS LAUS 2016 via Plotly public sample dataset"
"17003","Alexander County","IL","4.2","4.2","Alexander County, IL","2016 unemployment 9.2%; gap vs county median 4.2 percentage points","BLS LAUS 2016 via Plotly public sample dataset"
"17005","Bond County","IL","0.1","0.1","Bond County, IL","2016 unemployment 5.1%; gap vs county median 0.1 percentage points","BLS LAUS 2016 via Plotly public sample dataset"
"17007","Boone County","IL","1.3","1.3","Boone County, IL","2016 unemployment 6.3%; gap vs county median 1.3 percentage points","BLS LAUS 2016 via Plotly public sample dataset"
"17009","Brown County","IL","-1.6","1.6","Brown County, IL","2016 unemployment 3.4%; gap vs county median -1.6 percentage points","BLS LAUS 2016 via Plotly public sample dataset"
"17011","Bureau County","IL","1.1","1.1","Bureau County, IL","2016 unemployment 6.1%; gap vs county median 1.1 percentage points","BLS LAUS 2016 via Plotly public sample dataset"
"17013","Calhoun County","IL","1.3","1.3","Calhoun County, IL","2016 unemployment 6.3%; gap vs county median 1.3 percentage points","BLS LAUS 2016 via Plotly public sample dataset"
"17015","Carroll County","IL","0.7","0.7","Carroll County, IL","2016 unemployment 5.7%; gap vs county median 0.7 percentage points","BLS LAUS 2016 via Plotly public sample dataset"
"17017","Cass County","IL","0.6","0.6","Cass County, IL","2016 unemployment 5.6%; gap vs county median 0.6 percentage points","BLS LAUS 2016 via Plotly public sample dataset"
"17019","Champaign County","IL","0.1","0.1","Champaign County, IL","2016 unemployment 5.1%; gap vs county median 0.1 percentage points","BLS LAUS 2016 via Plotly public sample dataset"
"17021","Christian County","IL","1.3","1.3","Christian County, IL","2016 unemployment 6.3%; gap vs county median 1.3 percentage points","BLS LAUS 2016 via Plotly public sample dataset"
"17023","Clark County","IL","0.9","0.9","Clark County, IL","2016 unemployment 5.9%; gap vs county median 0.9 percentage points","BLS LAUS 2016 via Plotly public sample dataset"
"17025","Clay County","IL","1.8","1.8","Clay County, IL","2016 unemployment 6.8%; gap vs county median 1.8 percentage points","BLS LAUS 2016 via Plotly public sample dataset"
"17027","Clinton County","IL","-0.5","0.5","Clinton County, IL","2016 unemployment 4.5%; gap vs county median -0.5 percentage points","BLS LAUS 2016 via Plotly public sample dataset"
"17029","Coles County","IL","0.9","0.9","Coles County, IL","2016 unemployment 5.9%; gap vs county median 0.9 percentage points","BLS LAUS 2016 via Plotly public sample dataset"
"17031","Cook County","IL","1.2","1.2","Cook County, IL","2016 unemployment 6.2%; gap vs county median 1.2 percentage points","BLS LAUS 2016 via Plotly public sample dataset"
"17033","Crawford County","IL","1.2","1.2","Crawford County, IL","2016 unemployment 6.2%; gap vs county median 1.2 percentage points","BLS LAUS 2016 via Plotly public sample dataset"
"17035","Cumberland County","IL","0.2","0.2","Cumberland County, IL","2016 unemployment 5.2%; gap vs county median 0.2 percentage points","BLS LAUS 2016 via Plotly public sample dataset"
"17037","DeKalb County","IL","0.4","0.4","DeKalb County, IL","2016 unemployment 5.4%; gap vs county median 0.4 percentage points","BLS LAUS 2016 via Plotly public sample dataset"
"17039","De Witt County","IL","0.7","0.7","De Witt County, IL","2016 unemployment 5.7%; gap vs county median 0.7 percentage points","BLS LAUS 2016 via Plotly public sample dataset"
"17041","Douglas County","IL","-0.3","0.3","Douglas County, IL","2016 unemployment 4.7%; gap vs county median -0.3 percentage points","BLS LAUS 2016 via Plotly public sample dataset"
"17043","DuPage County","IL","-0.2","0.2","DuPage County, IL","2016 unemployment 4.8%; gap vs county median -0.2 percentage points","BLS LAUS 2016 via Plotly public sample dataset"
"17045","Edgar County","IL","1","1","Edgar County, IL","2016 unemployment 6%; gap vs county median 1 percentage points","BLS LAUS 2016 via Plotly public sample dataset"
"17047","Edwards County","IL","0.8","0.8","Edwards County, IL","2016 unemployment 5.8%; gap vs county median 0.8 percentage points","BLS LAUS 2016 via Plotly public sample dataset"
"17049","Effingham County","IL","-0.3","0.3","Effingham County, IL","2016 unemployment 4.7%; gap vs county median -0.3 percentage points","BLS LAUS 2016 via Plotly public sample dataset"
"17051","Fayette County","IL","1.7","1.7","Fayette County, IL","2016 unemployment 6.7%; gap vs county median 1.7 percentage points","BLS LAUS 2016 via Plotly public sample dataset"
"17053","Ford County","IL","0.5","0.5","Ford County, IL","2016 unemployment 5.5%; gap vs county median 0.5 percentage points","BLS LAUS 2016 via Plotly public sample dataset"
"17055","Franklin County","IL","3.1","3.1","Franklin County, IL","2016 unemployment 8.1%; gap vs county median 3.1 percentage points","BLS LAUS 2016 via Plotly public sample dataset"
"17057","Fulton County","IL","2.4","2.4","Fulton County, IL","2016 unemployment 7.4%; gap vs county median 2.4 percentage points","BLS LAUS 2016 via Plotly public sample dataset"
"17059","Gallatin County","IL","2.6","2.6","Gallatin County, IL","2016 unemployment 7.6%; gap vs county median 2.6 percentage points","BLS LAUS 2016 via Plotly public sample dataset"
"17061","Greene County","IL","0.9","0.9","Greene County, IL","2016 unemployment 5.9%; gap vs county median 0.9 percentage points","BLS LAUS 2016 via Plotly public sample dataset"
"17063","Grundy County","IL","1.8","1.8","Grundy County, IL","2016 unemployment 6.8%; gap vs county median 1.8 percentage points","BLS LAUS 2016 via Plotly public sample dataset"
"17065","Hamilton County","IL","1.3","1.3","Hamilton County, IL","2016 unemployment 6.3%; gap vs county median 1.3 percentage points","BLS LAUS 2016 via Plotly public sample dataset"
"17067","Hancock County","IL","1.6","1.6","Hancock County, IL","2016 unemployment 6.6%; gap vs county median 1.6 percentage points","BLS LAUS 2016 via Plotly public sample dataset"
"17069","Hardin County","IL","4.8","4.8","Hardin County, IL","2016 unemployment 9.8%; gap vs county median 4.8 percentage points","BLS LAUS 2016 via Plotly public sample dataset"
"17071","Henderson County","IL","1.2","1.2","Henderson County, IL","2016 unemployment 6.2%; gap vs county median 1.2 percentage points","BLS LAUS 2016 via Plotly public sample dataset"
"17073","Henry County","IL","1.1","1.1","Henry County, IL","2016 unemployment 6.1%; gap vs county median 1.1 percentage points","BLS LAUS 2016 via Plotly public sample dataset"
"17075","Iroquois County","IL","0.5","0.5","Iroquois County, IL","2016 unemployment 5.5%; gap vs county median 0.5 percentage points","BLS LAUS 2016 via Plotly public sample dataset"
"17077","Jackson County","IL","0.4","0.4","Jackson County, IL","2016 unemployment 5.4%; gap vs county median 0.4 percentage points","BLS LAUS 2016 via Plotly public sample dataset"
"17079","Jasper County","IL","1.3","1.3","Jasper County, IL","2016 unemployment 6.3%; gap vs county median 1.3 percentage points","BLS LAUS 2016 via Plotly public sample dataset"
"17081","Jefferson County","IL","1.5","1.5","Jefferson County, IL","2016 unemployment 6.5%; gap vs county median 1.5 percentage points","BLS LAUS 2016 via Plotly public sample dataset"
"17083","Jersey County","IL","0.8","0.8","Jersey County, IL","2016 unemployment 5.8%; gap vs county median 0.8 percentage points","BLS LAUS 2016 via Plotly public sample dataset"
"17085","Jo Daviess County","IL","0.4","0.4","Jo Daviess County, IL","2016 unemployment 5.4%; gap vs county median 0.4 percentage points","BLS LAUS 2016 via Plotly public sample dataset"
"17087","Johnson County","IL","3.6","3.6","Johnson County, IL","2016 unemployment 8.6%; gap vs county median 3.6 percentage points","BLS LAUS 2016 via Plotly public sample dataset"
"17089","Kane County","IL","0.5","0.5","Kane County, IL","2016 unemployment 5.5%; gap vs county median 0.5 percentage points","BLS LAUS 2016 via Plotly public sample dataset"
"17091","Kankakee County","IL","1.4","1.4","Kankakee County, IL","2016 unemployment 6.4%; gap vs county median 1.4 percentage points","BLS LAUS 2016 via Plotly public sample dataset"
"17093","Kendall County","IL","0.2","0.2","Kendall County, IL","2016 unemployment 5.2%; gap vs county median 0.2 percentage points","BLS LAUS 2016 via Plotly public sample dataset"
"17095","Knox County","IL","1.1","1.1","Knox County, IL","2016 unemployment 6.1%; gap vs county median 1.1 percentage points","BLS LAUS 2016 via Plotly public sample dataset"
"17097","Lake County","IL","0.2","0.2","Lake County, IL","2016 unemployment 5.2%; gap vs county median 0.2 percentage points","BLS LAUS 2016 via Plotly public sample dataset"
"17099","LaSalle County","IL","1.7","1.7","LaSalle County, IL","2016 unemployment 6.7%; gap vs county median 1.7 percentage points","BLS LAUS 2016 via Plotly public sample dataset"
"17101","Lawrence County","IL","2.5","2.5","Lawrence County, IL","2016 unemployment 7.5%; gap vs county median 2.5 percentage points","BLS LAUS 2016 via Plotly public sample dataset"
"17103","Lee County","IL","0.1","0.1","Lee County, IL","2016 unemployment 5.1%; gap vs county median 0.1 percentage points","BLS LAUS 2016 via Plotly public sample dataset"
"17105","Livingston County","IL","0.5","0.5","Livingston County, IL","2016 unemployment 5.5%; gap vs county median 0.5 percentage points","BLS LAUS 2016 via Plotly public sample dataset"
"17107","Logan County","IL","0.3","0.3","Logan County, IL","2016 unemployment 5.3%; gap vs county median 0.3 percentage points","BLS LAUS 2016 via Plotly public sample dataset"
"17109","McDonough County","IL","1.3","1.3","McDonough County, IL","2016 unemployment 6.3%; gap vs county median 1.3 percentage points","BLS LAUS 2016 via Plotly public sample dataset"
"17111","McHenry County","IL","0.3","0.3","McHenry County, IL","2016 unemployment 5.3%; gap vs county median 0.3 percentage points","BLS LAUS 2016 via Plotly public sample dataset"
"17113","McLean County","IL","0.1","0.1","McLean County, IL","2016 unemployment 5.1%; gap vs county median 0.1 percentage points","BLS LAUS 2016 via Plotly public sample dataset"
"17115","Macon County","IL","1.6","1.6","Macon County, IL","2016 unemployment 6.6%; gap vs county median 1.6 percentage points","BLS LAUS 2016 via Plotly public sample dataset"
"17117","Macoupin County","IL","1","1","Macoupin County, IL","2016 unemployment 6%; gap vs county median 1 percentage points","BLS LAUS 2016 via Plotly public sample dataset"
"17119","Madison County","IL","0.9","0.9","Madison County, IL","2016 unemployment 5.9%; gap vs county median 0.9 percentage points","BLS LAUS 2016 via Plotly public sample dataset"
"17121","Marion County","IL","1.4","1.4","Marion County, IL","2016 unemployment 6.4%; gap vs county median 1.4 percentage points","BLS LAUS 2016 via Plotly public sample dataset"
"17123","Marshall County","IL","1.6","1.6","Marshall County, IL","2016 unemployment 6.6%; gap vs county median 1.6 percentage points","BLS LAUS 2016 via Plotly public sample dataset"
"17125","Mason County","IL","2.1","2.1","Mason County, IL","2016 unemployment 7.1%; gap vs county median 2.1 percentage points","BLS LAUS 2016 via Plotly public sample dataset"
"17127","Massac County","IL","2","2","Massac County, IL","2016 unemployment 7%; gap vs county median 2 percentage points","BLS LAUS 2016 via Plotly public sample dataset"
"17129","Menard County","IL","-0.4","0.4","Menard County, IL","2016 unemployment 4.6%; gap vs county median -0.4 percentage points","BLS LAUS 2016 via Plotly public sample dataset"
"17131","Mercer County","IL","1.2","1.2","Mercer County, IL","2016 unemployment 6.2%; gap vs county median 1.2 percentage points","BLS LAUS 2016 via Plotly public sample dataset"
"17133","Monroe County","IL","-0.9","0.9","Monroe County, IL","2016 unemployment 4.1%; gap vs county median -0.9 percentage points","BLS LAUS 2016 via Plotly public sample dataset"
"17135","Montgomery County","IL","2.1","2.1","Montgomery County, IL","2016 unemployment 7.1%; gap vs county median 2.1 percentage points","BLS LAUS 2016 via Plotly public sample dataset"
"17137","Morgan County","IL","-0.1","0.1","Morgan County, IL","2016 unemployment 4.9%; gap vs county median -0.1 percentage points","BLS LAUS 2016 via Plotly public sample dataset"
"17139","Moultrie County","IL","-0.4","0.4","Moultrie County, IL","2016 unemployment 4.6%; gap vs county median -0.4 percentage points","BLS LAUS 2016 via Plotly public sample dataset"
"17141","Ogle County","IL","0.9","0.9","Ogle County, IL","2016 unemployment 5.9%; gap vs county median 0.9 percentage points","BLS LAUS 2016 via Plotly public sample dataset"
"17143","Peoria County","IL","1.8","1.8","Peoria County, IL","2016 unemployment 6.8%; gap vs county median 1.8 percentage points","BLS LAUS 2016 via Plotly public sample dataset"
"17145","Perry County","IL","2.1","2.1","Perry County, IL","2016 unemployment 7.1%; gap vs county median 2.1 percentage points","BLS LAUS 2016 via Plotly public sample dataset"
"17147","Piatt County","IL","0","0","Piatt County, IL","2016 unemployment 5%; gap vs county median 0 percentage points","BLS LAUS 2016 via Plotly public sample dataset"
"17149","Pike County","IL","0.1","0.1","Pike County, IL","2016 unemployment 5.1%; gap vs county median 0.1 percentage points","BLS LAUS 2016 via Plotly public sample dataset"
"17151","Pope County","IL","2","2","Pope County, IL","2016 unemployment 7%; gap vs county median 2 percentage points","BLS LAUS 2016 via Plotly public sample dataset"
"17153","Pulaski County","IL","3.8","3.8","Pulaski County, IL","2016 unemployment 8.8%; gap vs county median 3.8 percentage points","BLS LAUS 2016 via Plotly public sample dataset"
"17155","Putnam County","IL","0.6","0.6","Putnam County, IL","2016 unemployment 5.6%; gap vs county median 0.6 percentage points","BLS LAUS 2016 via Plotly public sample dataset"
"17157","Randolph County","IL","0","0","Randolph County, IL","2016 unemployment 5%; gap vs county median 0 percentage points","BLS LAUS 2016 via Plotly public sample dataset"
"17159","Richland County","IL","1","1","Richland County, IL","2016 unemployment 6%; gap vs county median 1 percentage points","BLS LAUS 2016 via Plotly public sample dataset"
"17161","Rock Island County","IL","1.3","1.3","Rock Island County, IL","2016 unemployment 6.3%; gap vs county median 1.3 percentage points","BLS LAUS 2016 via Plotly public sample dataset"
"17163","St. Clair County","IL","1.1","1.1","St. Clair County, IL","2016 unemployment 6.1%; gap vs county median 1.1 percentage points","BLS LAUS 2016 via Plotly public sample dataset"
"17165","Saline County","IL","3.6","3.6","Saline County, IL","2016 unemployment 8.6%; gap vs county median 3.6 percentage points","BLS LAUS 2016 via Plotly public sample dataset"
"17167","Sangamon County","IL","-0.1","0.1","Sangamon County, IL","2016 unemployment 4.9%; gap vs county median -0.1 percentage points","BLS LAUS 2016 via Plotly public sample dataset"
"17169","Schuyler County","IL","0.8","0.8","Schuyler County, IL","2016 unemployment 5.8%; gap vs county median 0.8 percentage points","BLS LAUS 2016 via Plotly public sample dataset"
"17171","Scott County","IL","0.6","0.6","Scott County, IL","2016 unemployment 5.6%; gap vs county median 0.6 percentage points","BLS LAUS 2016 via Plotly public sample dataset"
"17173","Shelby County","IL","0.8","0.8","Shelby County, IL","2016 unemployment 5.8%; gap vs county median 0.8 percentage points","BLS LAUS 2016 via Plotly public sample dataset"
"17175","Stark County","IL","2.2","2.2","Stark County, IL","2016 unemployment 7.2%; gap vs county median 2.2 percentage points","BLS LAUS 2016 via Plotly public sample dataset"
"17177","Stephenson County","IL","0.8","0.8","Stephenson County, IL","2016 unemployment 5.8%; gap vs county median 0.8 percentage points","BLS LAUS 2016 via Plotly public sample dataset"
"17179","Tazewell County","IL","1.3","1.3","Tazewell County, IL","2016 unemployment 6.3%; gap vs county median 1.3 percentage points","BLS LAUS 2016 via Plotly public sample dataset"
"17181","Union County","IL","2.4","2.4","Union County, IL","2016 unemployment 7.4%; gap vs county median 2.4 percentage points","BLS LAUS 2016 via Plotly public sample dataset"
"17183","Vermilion County","IL","2.2","2.2","Vermilion County, IL","2016 unemployment 7.2%; gap vs county median 2.2 percentage points","BLS LAUS 2016 via Plotly public sample dataset"
"17185","Wabash County","IL","1.4","1.4","Wabash County, IL","2016 unemployment 6.4%; gap vs county median 1.4 percentage points","BLS LAUS 2016 via Plotly public sample dataset"
"17187","Warren County","IL","0.3","0.3","Warren County, IL","2016 unemployment 5.3%; gap vs county median 0.3 percentage points","BLS LAUS 2016 via Plotly public sample dataset"
"17189","Washington County","IL","-1.2","1.2","Washington County, IL","2016 unemployment 3.8%; gap vs county median -1.2 percentage points","BLS LAUS 2016 via Plotly public sample dataset"
"17191","Wayne County","IL","3.6","3.6","Wayne County, IL","2016 unemployment 8.6%; gap vs county median 3.6 percentage points","BLS LAUS 2016 via Plotly public sample dataset"
"17193","White County","IL","1.6","1.6","White County, IL","2016 unemployment 6.6%; gap vs county median 1.6 percentage points","BLS LAUS 2016 via Plotly public sample dataset"
"17195","Whiteside County","IL","0.8","0.8","Whiteside County, IL","2016 unemployment 5.8%; gap vs county median 0.8 percentage points","BLS LAUS 2016 via Plotly public sample dataset"
"17197","Will County","IL","1.1","1.1","Will County, IL","2016 unemployment 6.1%; gap vs county median 1.1 percentage points","BLS LAUS 2016 via Plotly public sample dataset"
"17199","Williamson County","IL","1.2","1.2","Williamson County, IL","2016 unemployment 6.2%; gap vs county median 1.2 percentage points","BLS LAUS 2016 via Plotly public sample dataset"
"17201","Winnebago County","IL","1.6","1.6","Winnebago County, IL","2016 unemployment 6.6%; gap vs county median 1.6 percentage points","BLS LAUS 2016 via Plotly public sample dataset"
"17203","Woodford County","IL","0.4","0.4","Woodford County, IL","2016 unemployment 5.4%; gap vs county median 0.4 percentage points","BLS LAUS 2016 via Plotly public sample dataset"
"18001","Adams County","IN","-1.4","1.4","Adams County, IN","2016 unemployment 3.6%; gap vs county median -1.4 percentage points","BLS LAUS 2016 via Plotly public sample dataset"
"18003","Allen County","IN","-0.7","0.7","Allen County, IN","2016 unemployment 4.3%; gap vs county median -0.7 percentage points","BLS LAUS 2016 via Plotly public sample dataset"
"18005","Bartholomew County","IN","-1.6","1.6","Bartholomew County, IN","2016 unemployment 3.4%; gap vs county median -1.6 percentage points","BLS LAUS 2016 via Plotly public sample dataset"
"18007","Benton County","IN","-0.8","0.8","Benton County, IN","2016 unemployment 4.2%; gap vs county median -0.8 percentage points","BLS LAUS 2016 via Plotly public sample dataset"
"18009","Blackford County","IN","0.4","0.4","Blackford County, IN","2016 unemployment 5.4%; gap vs county median 0.4 percentage points","BLS LAUS 2016 via Plotly public sample dataset"
"18011","Boone County","IN","-1.6","1.6","Boone County, IN","2016 unemployment 3.4%; gap vs county median -1.6 percentage points","BLS LAUS 2016 via Plotly public sample dataset"
"18013","Brown County","IN","-1","1","Brown County, IN","2016 unemployment 4%; gap vs county median -1 percentage points","BLS LAUS 2016 via Plotly public sample dataset"
"18015","Carroll County","IN","-0.8","0.8","Carroll County, IN","2016 unemployment 4.2%; gap vs county median -0.8 percentage points","BLS LAUS 2016 via Plotly public sample dataset"
"18017","Cass County","IN","-0.3","0.3","Cass County, IN","2016 unemployment 4.7%; gap vs county median -0.3 percentage points","BLS LAUS 2016 via Plotly public sample dataset"
"18019","Clark County","IN","-0.9","0.9","Clark County, IN","2016 unemployment 4.1%; gap vs county median -0.9 percentage points","BLS LAUS 2016 via Plotly public sample dataset"
"18021","Clay County","IN","-0.3","0.3","Clay County, IN","2016 unemployment 4.7%; gap vs county median -0.3 percentage points","BLS LAUS 2016 via Plotly public sample dataset"
"18023","Clinton County","IN","-1.1","1.1","Clinton County, IN","2016 unemployment 3.9%; gap vs county median -1.1 percentage points","BLS LAUS 2016 via Plotly public sample dataset"
"18025","Crawford County","IN","0.6","0.6","Crawford County, IN","2016 unemployment 5.6%; gap vs county median 0.6 percentage points","BLS LAUS 2016 via Plotly public sample dataset"
"18027","Daviess County","IN","-1.4","1.4","Daviess County, IN","2016 unemployment 3.6%; gap vs county median -1.4 percentage points","BLS LAUS 2016 via Plotly public sample dataset"
"18029","Dearborn County","IN","-0.3","0.3","Dearborn County, IN","2016 unemployment 4.7%; gap vs county median -0.3 percentage points","BLS LAUS 2016 via Plotly public sample dataset"
"18031","Decatur County","IN","-1.4","1.4","Decatur County, IN","2016 unemployment 3.6%; gap vs county median -1.4 percentage points","BLS LAUS 2016 via Plotly public sample dataset"
"18033","DeKalb County","IN","-1.1","1.1","DeKalb County, IN","2016 unemployment 3.9%; gap vs county median -1.1 percentage points","BLS LAUS 2016 via Plotly public sample dataset"
"18035","Delaware County","IN","0.2","0.2","Delaware County, IN","2016 unemployment 5.2%; gap vs county median 0.2 percentage points","BLS LAUS 2016 via Plotly public sample dataset"
"18037","Dubois County","IN","-1.9","1.9","Dubois County, IN","2016 unemployment 3.1%; gap vs county median -1.9 percentage points","BLS LAUS 2016 via Plotly public sample dataset"
"18039","Elkhart County","IN","-1.5","1.5","Elkhart County, IN","2016 unemployment 3.5%; gap vs county median -1.5 percentage points","BLS LAUS 2016 via Plotly public sample dataset"
"18041","Fayette County","IN","0.8","0.8","Fayette County, IN","2016 unemployment 5.8%; gap vs county median 0.8 percentage points","BLS LAUS 2016 via Plotly public sample dataset"
"18043","Floyd County","IN","-0.9","0.9","Floyd County, IN","2016 unemployment 4.1%; gap vs county median -0.9 percentage points","BLS LAUS 2016 via Plotly public sample dataset"
"18045","Fountain County","IN","0.8","0.8","Fountain County, IN","2016 unemployment 5.8%; gap vs county median 0.8 percentage points","BLS LAUS 2016 via Plotly public sample dataset"
"18047","Franklin County","IN","-0.7","0.7","Franklin County, IN","2016 unemployment 4.3%; gap vs county median -0.7 percentage points","BLS LAUS 2016 via Plotly public sample dataset"
"18049","Fulton County","IN","-0.3","0.3","Fulton County, IN","2016 unemployment 4.7%; gap vs county median -0.3 percentage points","BLS LAUS 2016 via Plotly public sample dataset"
"18051","Gibson County","IN","-1.3","1.3","Gibson County, IN","2016 unemployment 3.7%; gap vs county median -1.3 percentage points","BLS LAUS 2016 via Plotly public sample dataset"
"18053","Grant County","IN","0","0","Grant County, IN","2016 unemployment 5%; gap vs county median 0 percentage points","BLS LAUS 2016 via Plotly public sample dataset"
"18055","Greene County","IN","1.6","1.6","Greene County, IN","2016 unemployment 6.6%; gap vs county median 1.6 percentage points","BLS LAUS 2016 via Plotly public sample dataset"
"18057","Hamilton County","IN","-1.8","1.8","Hamilton County, IN","2016 unemployment 3.2%; gap vs county median -1.8 percentage points","BLS LAUS 2016 via Plotly public sample dataset"
"18059","Hancock County","IN","-1.2","1.2","Hancock County, IN","2016 unemployment 3.8%; gap vs county median -1.2 percentage points","BLS LAUS 2016 via Plotly public sample dataset"
"18061","Harrison County","IN","-0.8","0.8","Harrison County, IN","2016 unemployment 4.2%; gap vs county median -0.8 percentage points","BLS LAUS 2016 via Plotly public sample dataset"
"18063","Hendricks County","IN","-1.5","1.5","Hendricks County, IN","2016 unemployment 3.5%; gap vs county median -1.5 percentage points","BLS LAUS 2016 via Plotly public sample dataset"
"18065","Henry County","IN","-0.4","0.4","Henry County, IN","2016 unemployment 4.6%; gap vs county median -0.4 percentage points","BLS LAUS 2016 via Plotly public sample dataset"
"18067","Howard County","IN","-0.3","0.3","Howard County, IN","2016 unemployment 4.7%; gap vs county median -0.3 percentage points","BLS LAUS 2016 via Plotly public sample dataset"
"18069","Huntington County","IN","-0.9","0.9","Huntington County, IN","2016 unemployment 4.1%; gap vs county median -0.9 percentage points","BLS LAUS 2016 via Plotly public sample dataset"
"18071","Jackson County","IN","-1.3","1.3","Jackson County, IN","2016 unemployment 3.7%; gap vs county median -1.3 percentage points","BLS LAUS 2016 via Plotly public sample dataset"
"18073","Jasper County","IN","0.3","0.3","Jasper County, IN","2016 unemployment 5.3%; gap vs county median 0.3 percentage points","BLS LAUS 2016 via Plotly public sample dataset"
"18075","Jay County","IN","-0.4","0.4","Jay County, IN","2016 unemployment 4.6%; gap vs county median -0.4 percentage points","BLS LAUS 2016 via Plotly public sample dataset"
"18077","Jefferson County","IN","-0.3","0.3","Jefferson County, IN","2016 unemployment 4.7%; gap vs county median -0.3 percentage points","BLS LAUS 2016 via Plotly public sample dataset"
"18079","Jennings County","IN","-0.2","0.2","Jennings County, IN","2016 unemployment 4.8%; gap vs county median -0.2 percentage points","BLS LAUS 2016 via Plotly public sample dataset"
"18081","Johnson County","IN","-1.4","1.4","Johnson County, IN","2016 unemployment 3.6%; gap vs county median -1.4 percentage points","BLS LAUS 2016 via Plotly public sample dataset"
"18083","Knox County","IN","-0.6","0.6","Knox County, IN","2016 unemployment 4.4%; gap vs county median -0.6 percentage points","BLS LAUS 2016 via Plotly public sample dataset"
"18085","Kosciusko County","IN","-1.3","1.3","Kosciusko County, IN","2016 unemployment 3.7%; gap vs county median -1.3 percentage points","BLS LAUS 2016 via Plotly public sample dataset"
"18087","LaGrange County","IN","-1.6","1.6","LaGrange County, IN","2016 unemployment 3.4%; gap vs county median -1.6 percentage points","BLS LAUS 2016 via Plotly public sample dataset"
"18089","Lake County","IN","1.3","1.3","Lake County, IN","2016 unemployment 6.3%; gap vs county median 1.3 percentage points","BLS LAUS 2016 via Plotly public sample dataset"
"18091","LaPorte County","IN","0.9","0.9","LaPorte County, IN","2016 unemployment 5.9%; gap vs county median 0.9 percentage points","BLS LAUS 2016 via Plotly public sample dataset"
"18093","Lawrence County","IN","0.7","0.7","Lawrence County, IN","2016 unemployment 5.7%; gap vs county median 0.7 percentage points","BLS LAUS 2016 via Plotly public sample dataset"
"18095","Madison County","IN","0","0","Madison County, IN","2016 unemployment 5%; gap vs county median 0 percentage points","BLS LAUS 2016 via Plotly public sample dataset"
"18097","Marion County","IN","-0.6","0.6","Marion County, IN","2016 unemployment 4.4%; gap vs county median -0.6 percentage points","BLS LAUS 2016 via Plotly public sample dataset"
"18099","Marshall County","IN","-1.2","1.2","Marshall County, IN","2016 unemployment 3.8%; gap vs county median -1.2 percentage points","BLS LAUS 2016 via Plotly public sample dataset"
"18101","Martin County","IN","-0.8","0.8","Martin County, IN","2016 unemployment 4.2%; gap vs county median -0.8 percentage points","BLS LAUS 2016 via Plotly public sample dataset"
"18103","Miami County","IN","-0.3","0.3","Miami County, IN","2016 unemployment 4.7%; gap vs county median -0.3 percentage points","BLS LAUS 2016 via Plotly public sample dataset"
"18105","Monroe County","IN","-0.4","0.4","Monroe County, IN","2016 unemployment 4.6%; gap vs county median -0.4 percentage points","BLS LAUS 2016 via Plotly public sample dataset"
"18107","Montgomery County","IN","-1.1","1.1","Montgomery County, IN","2016 unemployment 3.9%; gap vs county median -1.1 percentage points","BLS LAUS 2016 via Plotly public sample dataset"
"18109","Morgan County","IN","-0.8","0.8","Morgan County, IN","2016 unemployment 4.2%; gap vs county median -0.8 percentage points","BLS LAUS 2016 via Plotly public sample dataset"
"18111","Newton County","IN","0.6","0.6","Newton County, IN","2016 unemployment 5.6%; gap vs county median 0.6 percentage points","BLS LAUS 2016 via Plotly public sample dataset"
"18113","Noble County","IN","-0.9","0.9","Noble County, IN","2016 unemployment 4.1%; gap vs county median -0.9 percentage points","BLS LAUS 2016 via Plotly public sample dataset"
"18115","Ohio County","IN","-0.1","0.1","Ohio County, IN","2016 unemployment 4.9%; gap vs county median -0.1 percentage points","BLS LAUS 2016 via Plotly public sample dataset"
"18117","Orange County","IN","0.1","0.1","Orange County, IN","2016 unemployment 5.1%; gap vs county median 0.1 percentage points","BLS LAUS 2016 via Plotly public sample dataset"
"18119","Owen County","IN","0.5","0.5","Owen County, IN","2016 unemployment 5.5%; gap vs county median 0.5 percentage points","BLS LAUS 2016 via Plotly public sample dataset"
"18121","Parke County","IN","0.3","0.3","Parke County, IN","2016 unemployment 5.3%; gap vs county median 0.3 percentage points","BLS LAUS 2016 via Plotly public sample dataset"
"18123","Perry County","IN","-0.4","0.4","Perry County, IN","2016 unemployment 4.6%; gap vs county median -0.4 percentage points","BLS LAUS 2016 via Plotly public sample dataset"
"18125","Pike County","IN","-0.6","0.6","Pike County, IN","2016 unemployment 4.4%; gap vs county median -0.6 percentage points","BLS LAUS 2016 via Plotly public sample dataset"
"18127","Porter County","IN","0.1","0.1","Porter County, IN","2016 unemployment 5.1%; gap vs county median 0.1 percentage points","BLS LAUS 2016 via Plotly public sample dataset"
"18129","Posey County","IN","-1","1","Posey County, IN","2016 unemployment 4%; gap vs county median -1 percentage points","BLS LAUS 2016 via Plotly public sample dataset"
"18131","Pulaski County","IN","-0.4","0.4","Pulaski County, IN","2016 unemployment 4.6%; gap vs county median -0.4 percentage points","BLS LAUS 2016 via Plotly public sample dataset"
"18133","Putnam County","IN","-0.5","0.5","Putnam County, IN","2016 unemployment 4.5%; gap vs county median -0.5 percentage points","BLS LAUS 2016 via Plotly public sample dataset"
"18135","Randolph County","IN","-0.5","0.5","Randolph County, IN","2016 unemployment 4.5%; gap vs county median -0.5 percentage points","BLS LAUS 2016 via Plotly public sample dataset"
"18137","Ripley County","IN","-0.4","0.4","Ripley County, IN","2016 unemployment 4.6%; gap vs county median -0.4 percentage points","BLS LAUS 2016 via Plotly public sample dataset"
"18139","Rush County","IN","-1.2","1.2","Rush County, IN","2016 unemployment 3.8%; gap vs county median -1.2 percentage points","BLS LAUS 2016 via Plotly public sample dataset"
"18141","St. Joseph County","IN","-0.5","0.5","St. Joseph County, IN","2016 unemployment 4.5%; gap vs county median -0.5 percentage points","BLS LAUS 2016 via Plotly public sample dataset"
"18143","Scott County","IN","-0.2","0.2","Scott County, IN","2016 unemployment 4.8%; gap vs county median -0.2 percentage points","BLS LAUS 2016 via Plotly public sample dataset"
"18145","Shelby County","IN","-1","1","Shelby County, IN","2016 unemployment 4%; gap vs county median -1 percentage points","BLS LAUS 2016 via Plotly public sample dataset"
"18147","Spencer County","IN","-0.9","0.9","Spencer County, IN","2016 unemployment 4.1%; gap vs county median -0.9 percentage points","BLS LAUS 2016 via Plotly public sample dataset"
"18149","Starke County","IN","0.4","0.4","Starke County, IN","2016 unemployment 5.4%; gap vs county median 0.4 percentage points","BLS LAUS 2016 via Plotly public sample dataset"
"18151","Steuben County","IN","-1.3","1.3","Steuben County, IN","2016 unemployment 3.7%; gap vs county median -1.3 percentage points","BLS LAUS 2016 via Plotly public sample dataset"
"18153","Sullivan County","IN","0.9","0.9","Sullivan County, IN","2016 unemployment 5.9%; gap vs county median 0.9 percentage points","BLS LAUS 2016 via Plotly public sample dataset"
"18155","Switzerland County","IN","-0.1","0.1","Switzerland County, IN","2016 unemployment 4.9%; gap vs county median -0.1 percentage points","BLS LAUS 2016 via Plotly public sample dataset"
"18157","Tippecanoe County","IN","-1","1","Tippecanoe County, IN","2016 unemployment 4%; gap vs county median -1 percentage points","BLS LAUS 2016 via Plotly public sample dataset"
"18159","Tipton County","IN","-1.1","1.1","Tipton County, IN","2016 unemployment 3.9%; gap vs county median -1.1 percentage points","BLS LAUS 2016 via Plotly public sample dataset"
"18161","Union County","IN","-1","1","Union County, IN","2016 unemployment 4%; gap vs county median -1 percentage points","BLS LAUS 2016 via Plotly public sample dataset"
"18163","Vanderburgh County","IN","-0.9","0.9","Vanderburgh County, IN","2016 unemployment 4.1%; gap vs county median -0.9 percentage points","BLS LAUS 2016 via Plotly public sample dataset"
"18165","Vermillion County","IN","1.6","1.6","Vermillion County, IN","2016 unemployment 6.6%; gap vs county median 1.6 percentage points","BLS LAUS 2016 via Plotly public sample dataset"
"18167","Vigo County","IN","0.4","0.4","Vigo County, IN","2016 unemployment 5.4%; gap vs county median 0.4 percentage points","BLS LAUS 2016 via Plotly public sample dataset"
"18169","Wabash County","IN","-0.7","0.7","Wabash County, IN","2016 unemployment 4.3%; gap vs county median -0.7 percentage points","BLS LAUS 2016 via Plotly public sample dataset"
"18171","Warren County","IN","-0.1","0.1","Warren County, IN","2016 unemployment 4.9%; gap vs county median -0.1 percentage points","BLS LAUS 2016 via Plotly public sample dataset"
"18173","Warrick County","IN","-0.9","0.9","Warrick County, IN","2016 unemployment 4.1%; gap vs county median -0.9 percentage points","BLS LAUS 2016 via Plotly public sample dataset"
"18175","Washington County","IN","-0.5","0.5","Washington County, IN","2016 unemployment 4.5%; gap vs county median -0.5 percentage points","BLS LAUS 2016 via Plotly public sample dataset"
"18177","Wayne County","IN","-0.2","0.2","Wayne County, IN","2016 unemployment 4.8%; gap vs county median -0.2 percentage points","BLS LAUS 2016 via Plotly public sample dataset"
"18179","Wells County","IN","-1.4","1.4","Wells County, IN","2016 unemployment 3.6%; gap vs county median -1.4 percentage points","BLS LAUS 2016 via Plotly public sample dataset"
"18181","White County","IN","-1","1","White County, IN","2016 unemployment 4%; gap vs county median -1 percentage points","BLS LAUS 2016 via Plotly public sample dataset"
"18183","Whitley County","IN","-1.1","1.1","Whitley County, IN","2016 unemployment 3.9%; gap vs county median -1.1 percentage points","BLS LAUS 2016 via Plotly public sample dataset"
"19001","Adair County","IA","-2","2","Adair County, IA","2016 unemployment 3%; gap vs county median -2 percentage points","BLS LAUS 2016 via Plotly public sample dataset"
"19003","Adams County","IA","-2.3","2.3","Adams County, IA","2016 unemployment 2.7%; gap vs county median -2.3 percentage points","BLS LAUS 2016 via Plotly public sample dataset"
"19005","Allamakee County","IA","0","0","Allamakee County, IA","2016 unemployment 5%; gap vs county median 0 percentage points","BLS LAUS 2016 via Plotly public sample dataset"
"19007","Appanoose County","IA","-0.2","0.2","Appanoose County, IA","2016 unemployment 4.8%; gap vs county median -0.2 percentage points","BLS LAUS 2016 via Plotly public sample dataset"
"19009","Audubon County","IA","-1.7","1.7","Audubon County, IA","2016 unemployment 3.3%; gap vs county median -1.7 percentage points","BLS LAUS 2016 via Plotly public sample dataset"
"19011","Benton County","IA","-1.4","1.4","Benton County, IA","2016 unemployment 3.6%; gap vs county median -1.4 percentage points","BLS LAUS 2016 via Plotly public sample dataset"
"19013","Black Hawk County","IA","-0.3","0.3","Black Hawk County, IA","2016 unemployment 4.7%; gap vs county median -0.3 percentage points","BLS LAUS 2016 via Plotly public sample dataset"
"19015","Boone County","IA","-2.2","2.2","Boone County, IA","2016 unemployment 2.8%; gap vs county median -2.2 percentage points","BLS LAUS 2016 via Plotly public sample dataset"
"19017","Bremer County","IA","-1.3","1.3","Bremer County, IA","2016 unemployment 3.7%; gap vs county median -1.3 percentage points","BLS LAUS 2016 via Plotly public sample dataset"
"19019","Buchanan County","IA","-0.8","0.8","Buchanan County, IA","2016 unemployment 4.2%; gap vs county median -0.8 percentage points","BLS LAUS 2016 via Plotly public sample dataset"
"19021","Buena Vista County","IA","-1.4","1.4","Buena Vista County, IA","2016 unemployment 3.6%; gap vs county median -1.4 percentage points","BLS LAUS 2016 via Plotly public sample dataset"
"19023","Butler County","IA","-0.6","0.6","Butler County, IA","2016 unemployment 4.4%; gap vs county median -0.6 percentage points","BLS LAUS 2016 via Plotly public sample dataset"
"19025","Calhoun County","IA","-1.1","1.1","Calhoun County, IA","2016 unemployment 3.9%; gap vs county median -1.1 percentage points","BLS LAUS 2016 via Plotly public sample dataset"
"19027","Carroll County","IA","-2.4","2.4","Carroll County, IA","2016 unemployment 2.6%; gap vs county median -2.4 percentage points","BLS LAUS 2016 via Plotly public sample dataset"
"19029","Cass County","IA","-1.7","1.7","Cass County, IA","2016 unemployment 3.3%; gap vs county median -1.7 percentage points","BLS LAUS 2016 via Plotly public sample dataset"
"19031","Cedar County","IA","-1.6","1.6","Cedar County, IA","2016 unemployment 3.4%; gap vs county median -1.6 percentage points","BLS LAUS 2016 via Plotly public sample dataset"
"19033","Cerro Gordo County","IA","-1.3","1.3","Cerro Gordo County, IA","2016 unemployment 3.7%; gap vs county median -1.3 percentage points","BLS LAUS 2016 via Plotly public sample dataset"
"19035","Cherokee County","IA","-1.3","1.3","Cherokee County, IA","2016 unemployment 3.7%; gap vs county median -1.3 percentage points","BLS LAUS 2016 via Plotly public sample dataset"
"19037","Chickasaw County","IA","-0.5","0.5","Chickasaw County, IA","2016 unemployment 4.5%; gap vs county median -0.5 percentage points","BLS LAUS 2016 via Plotly public sample dataset"
"19039","Clarke County","IA","-1.6","1.6","Clarke County, IA","2016 unemployment 3.4%; gap vs county median -1.6 percentage points","BLS LAUS 2016 via Plotly public sample dataset"
"19041","Clay County","IA","-1.1","1.1","Clay County, IA","2016 unemployment 3.9%; gap vs county median -1.1 percentage points","BLS LAUS 2016 via Plotly public sample dataset"
"19043","Clayton County","IA","-0.7","0.7","Clayton County, IA","2016 unemployment 4.3%; gap vs county median -0.7 percentage points","BLS LAUS 2016 via Plotly public sample dataset"
"19045","Clinton County","IA","0","0","Clinton County, IA","2016 unemployment 5%; gap vs county median 0 percentage points","BLS LAUS 2016 via Plotly public sample dataset"
"19047","Crawford County","IA","0.6","0.6","Crawford County, IA","2016 unemployment 5.6%; gap vs county median 0.6 percentage points","BLS LAUS 2016 via Plotly public sample dataset"
"19049","Dallas County","IA","-2.3","2.3","Dallas County, IA","2016 unemployment 2.7%; gap vs county median -2.3 percentage points","BLS LAUS 2016 via Plotly public sample dataset"
"19051","Davis County","IA","-0.7","0.7","Davis County, IA","2016 unemployment 4.3%; gap vs county median -0.7 percentage points","BLS LAUS 2016 via Plotly public sample dataset"
"19053","Decatur County","IA","-1.7","1.7","Decatur County, IA","2016 unemployment 3.3%; gap vs county median -1.7 percentage points","BLS LAUS 2016 via Plotly public sample dataset"
"19055","Delaware County","IA","-1.5","1.5","Delaware County, IA","2016 unemployment 3.5%; gap vs county median -1.5 percentage points","BLS LAUS 2016 via Plotly public sample dataset"
"19057","Des Moines County","IA","0","0","Des Moines County, IA","2016 unemployment 5%; gap vs county median 0 percentage points","BLS LAUS 2016 via Plotly public sample dataset"
"19059","Dickinson County","IA","-0.6","0.6","Dickinson County, IA","2016 unemployment 4.4%; gap vs county median -0.6 percentage points","BLS LAUS 2016 via Plotly public sample dataset"
"19061","Dubuque County","IA","-1.4","1.4","Dubuque County, IA","2016 unemployment 3.6%; gap vs county median -1.4 percentage points","BLS LAUS 2016 via Plotly public sample dataset"
"19063","Emmet County","IA","-0.7","0.7","Emmet County, IA","2016 unemployment 4.3%; gap vs county median -0.7 percentage points","BLS LAUS 2016 via Plotly public sample dataset"
"19065","Fayette County","IA","-0.5","0.5","Fayette County, IA","2016 unemployment 4.5%; gap vs county median -0.5 percentage points","BLS LAUS 2016 via Plotly public sample dataset"
"19067","Floyd County","IA","-1.3","1.3","Floyd County, IA","2016 unemployment 3.7%; gap vs county median -1.3 percentage points","BLS LAUS 2016 via Plotly public sample dataset"
"19069","Franklin County","IA","-1.5","1.5","Franklin County, IA","2016 unemployment 3.5%; gap vs county median -1.5 percentage points","BLS LAUS 2016 via Plotly public sample dataset"
"19071","Fremont County","IA","-1.7","1.7","Fremont County, IA","2016 unemployment 3.3%; gap vs county median -1.7 percentage points","BLS LAUS 2016 via Plotly public sample dataset"
"19073","Greene County","IA","-1.8","1.8","Greene County, IA","2016 unemployment 3.2%; gap vs county median -1.8 percentage points","BLS LAUS 2016 via Plotly public sample dataset"
"19075","Grundy County","IA","-1.5","1.5","Grundy County, IA","2016 unemployment 3.5%; gap vs county median -1.5 percentage points","BLS LAUS 2016 via Plotly public sample dataset"
"19077","Guthrie County","IA","-1.4","1.4","Guthrie County, IA","2016 unemployment 3.6%; gap vs county median -1.4 percentage points","BLS LAUS 2016 via Plotly public sample dataset"
"19079","Hamilton County","IA","-1.2","1.2","Hamilton County, IA","2016 unemployment 3.8%; gap vs county median -1.2 percentage points","BLS LAUS 2016 via Plotly public sample dataset"
"19081","Hancock County","IA","-2.3","2.3","Hancock County, IA","2016 unemployment 2.7%; gap vs county median -2.3 percentage points","BLS LAUS 2016 via Plotly public sample dataset"
"19083","Hardin County","IA","-1","1","Hardin County, IA","2016 unemployment 4%; gap vs county median -1 percentage points","BLS LAUS 2016 via Plotly public sample dataset"
"19085","Harrison County","IA","-1.6","1.6","Harrison County, IA","2016 unemployment 3.4%; gap vs county median -1.6 percentage points","BLS LAUS 2016 via Plotly public sample dataset"
"19087","Henry County","IA","-1.4","1.4","Henry County, IA","2016 unemployment 3.6%; gap vs county median -1.4 percentage points","BLS LAUS 2016 via Plotly public sample dataset"
"19089","Howard County","IA","-1.3","1.3","Howard County, IA","2016 unemployment 3.7%; gap vs county median -1.3 percentage points","BLS LAUS 2016 via Plotly public sample dataset"
"19091","Humboldt County","IA","-2.1","2.1","Humboldt County, IA","2016 unemployment 2.9%; gap vs county median -2.1 percentage points","BLS LAUS 2016 via Plotly public sample dataset"
"19093","Ida County","IA","-2.4","2.4","Ida County, IA","2016 unemployment 2.6%; gap vs county median -2.4 percentage points","BLS LAUS 2016 via Plotly public sample dataset"
"19095","Iowa County","IA","-1.9","1.9","Iowa County, IA","2016 unemployment 3.1%; gap vs county median -1.9 percentage points","BLS LAUS 2016 via Plotly public sample dataset"
"19097","Jackson County","IA","-0.8","0.8","Jackson County, IA","2016 unemployment 4.2%; gap vs county median -0.8 percentage points","BLS LAUS 2016 via Plotly public sample dataset"
"19099","Jasper County","IA","-1.4","1.4","Jasper County, IA","2016 unemployment 3.6%; gap vs county median -1.4 percentage points","BLS LAUS 2016 via Plotly public sample dataset"
"19101","Jefferson County","IA","-1.3","1.3","Jefferson County, IA","2016 unemployment 3.7%; gap vs county median -1.3 percentage points","BLS LAUS 2016 via Plotly public sample dataset"
"19103","Johnson County","IA","-2.4","2.4","Johnson County, IA","2016 unemployment 2.6%; gap vs county median -2.4 percentage points","BLS LAUS 2016 via Plotly public sample dataset"
"19105","Jones County","IA","-0.7","0.7","Jones County, IA","2016 unemployment 4.3%; gap vs county median -0.7 percentage points","BLS LAUS 2016 via Plotly public sample dataset"
"19107","Keokuk County","IA","-0.6","0.6","Keokuk County, IA","2016 unemployment 4.4%; gap vs county median -0.6 percentage points","BLS LAUS 2016 via Plotly public sample dataset"
"19109","Kossuth County","IA","-2.3","2.3","Kossuth County, IA","2016 unemployment 2.7%; gap vs county median -2.3 percentage points","BLS LAUS 2016 via Plotly public sample dataset"
"19111","Lee County","IA","1.2","1.2","Lee County, IA","2016 unemployment 6.2%; gap vs county median 1.2 percentage points","BLS LAUS 2016 via Plotly public sample dataset"
"19113","Linn County","IA","-1.3","1.3","Linn County, IA","2016 unemployment 3.7%; gap vs county median -1.3 percentage points","BLS LAUS 2016 via Plotly public sample dataset"
"19115","Louisa County","IA","-1","1","Louisa County, IA","2016 unemployment 4%; gap vs county median -1 percentage points","BLS LAUS 2016 via Plotly public sample dataset"
"19117","Lucas County","IA","-1.8","1.8","Lucas County, IA","2016 unemployment 3.2%; gap vs county median -1.8 percentage points","BLS LAUS 2016 via Plotly public sample dataset"
"19119","Lyon County","IA","-2.9","2.9","Lyon County, IA","2016 unemployment 2.1%; gap vs county median -2.9 percentage points","BLS LAUS 2016 via Plotly public sample dataset"
"19121","Madison County","IA","-1.4","1.4","Madison County, IA","2016 unemployment 3.6%; gap vs county median -1.4 percentage points","BLS LAUS 2016 via Plotly public sample dataset"
"19123","Mahaska County","IA","-1.2","1.2","Mahaska County, IA","2016 unemployment 3.8%; gap vs county median -1.2 percentage points","BLS LAUS 2016 via Plotly public sample dataset"
"19125","Marion County","IA","-1.9","1.9","Marion County, IA","2016 unemployment 3.1%; gap vs county median -1.9 percentage points","BLS LAUS 2016 via Plotly public sample dataset"
"19127","Marshall County","IA","-0.1","0.1","Marshall County, IA","2016 unemployment 4.9%; gap vs county median -0.1 percentage points","BLS LAUS 2016 via Plotly public sample dataset"
"19129","Mills County","IA","-1.3","1.3","Mills County, IA","2016 unemployment 3.7%; gap vs county median -1.3 percentage points","BLS LAUS 2016 via Plotly public sample dataset"
"19131","Mitchell County","IA","-2.3","2.3","Mitchell County, IA","2016 unemployment 2.7%; gap vs county median -2.3 percentage points","BLS LAUS 2016 via Plotly public sample dataset"
"19133","Monona County","IA","-0.8","0.8","Monona County, IA","2016 unemployment 4.2%; gap vs county median -0.8 percentage points","BLS LAUS 2016 via Plotly public sample dataset"
"19135","Monroe County","IA","-0.3","0.3","Monroe County, IA","2016 unemployment 4.7%; gap vs county median -0.3 percentage points","BLS LAUS 2016 via Plotly public sample dataset"
"19137","Montgomery County","IA","-1.4","1.4","Montgomery County, IA","2016 unemployment 3.6%; gap vs county median -1.4 percentage points","BLS LAUS 2016 via Plotly public sample dataset"
"19139","Muscatine County","IA","-1.1","1.1","Muscatine County, IA","2016 unemployment 3.9%; gap vs county median -1.1 percentage points","BLS LAUS 2016 via Plotly public sample dataset"
"19141","O'Brien County","IA","-2.2","2.2","O'Brien County, IA","2016 unemployment 2.8%; gap vs county median -2.2 percentage points","BLS LAUS 2016 via Plotly public sample dataset"
"19143","Osceola County","IA","-2.3","2.3","Osceola County, IA","2016 unemployment 2.7%; gap vs county median -2.3 percentage points","BLS LAUS 2016 via Plotly public sample dataset"
"19145","Page County","IA","0.1","0.1","Page County, IA","2016 unemployment 5.1%; gap vs county median 0.1 percentage points","BLS LAUS 2016 via Plotly public sample dataset"
"19147","Palo Alto County","IA","-1.8","1.8","Palo Alto County, IA","2016 unemployment 3.2%; gap vs county median -1.8 percentage points","BLS LAUS 2016 via Plotly public sample dataset"
"19149","Plymouth County","IA","-2.4","2.4","Plymouth County, IA","2016 unemployment 2.6%; gap vs county median -2.4 percentage points","BLS LAUS 2016 via Plotly public sample dataset"
"19151","Pocahontas County","IA","-2.1","2.1","Pocahontas County, IA","2016 unemployment 2.9%; gap vs county median -2.1 percentage points","BLS LAUS 2016 via Plotly public sample dataset"
"19153","Polk County","IA","-1.5","1.5","Polk County, IA","2016 unemployment 3.5%; gap vs county median -1.5 percentage points","BLS LAUS 2016 via Plotly public sample dataset"
"19155","Pottawattamie County","IA","-1.6","1.6","Pottawattamie County, IA","2016 unemployment 3.4%; gap vs county median -1.6 percentage points","BLS LAUS 2016 via Plotly public sample dataset"
"19157","Poweshiek County","IA","-1.5","1.5","Poweshiek County, IA","2016 unemployment 3.5%; gap vs county median -1.5 percentage points","BLS LAUS 2016 via Plotly public sample dataset"
"19159","Ringgold County","IA","-1.5","1.5","Ringgold County, IA","2016 unemployment 3.5%; gap vs county median -1.5 percentage points","BLS LAUS 2016 via Plotly public sample dataset"
"19161","Sac County","IA","-1.9","1.9","Sac County, IA","2016 unemployment 3.1%; gap vs county median -1.9 percentage points","BLS LAUS 2016 via Plotly public sample dataset"
"19163","Scott County","IA","-0.4","0.4","Scott County, IA","2016 unemployment 4.6%; gap vs county median -0.4 percentage points","BLS LAUS 2016 via Plotly public sample dataset"
"19165","Shelby County","IA","-2","2","Shelby County, IA","2016 unemployment 3%; gap vs county median -2 percentage points","BLS LAUS 2016 via Plotly public sample dataset"
"19167","Sioux County","IA","-2.7","2.7","Sioux County, IA","2016 unemployment 2.3%; gap vs county median -2.7 percentage points","BLS LAUS 2016 via Plotly public sample dataset"
"19169","Story County","IA","-2.6","2.6","Story County, IA","2016 unemployment 2.4%; gap vs county median -2.6 percentage points","BLS LAUS 2016 via Plotly public sample dataset"
"19171","Tama County","IA","-0.8","0.8","Tama County, IA","2016 unemployment 4.2%; gap vs county median -0.8 percentage points","BLS LAUS 2016 via Plotly public sample dataset"
"19173","Taylor County","IA","-2","2","Taylor County, IA","2016 unemployment 3%; gap vs county median -2 percentage points","BLS LAUS 2016 via Plotly public sample dataset"
"19175","Union County","IA","-1.2","1.2","Union County, IA","2016 unemployment 3.8%; gap vs county median -1.2 percentage points","BLS LAUS 2016 via Plotly public sample dataset"
"19177","Van Buren County","IA","-1.3","1.3","Van Buren County, IA","2016 unemployment 3.7%; gap vs county median -1.3 percentage points","BLS LAUS 2016 via Plotly public sample dataset"
"19179","Wapello County","IA","0.9","0.9","Wapello County, IA","2016 unemployment 5.9%; gap vs county median 0.9 percentage points","BLS LAUS 2016 via Plotly public sample dataset"
"19181","Warren County","IA","-1.8","1.8","Warren County, IA","2016 unemployment 3.2%; gap vs county median -1.8 percentage points","BLS LAUS 2016 via Plotly public sample dataset"
"19183","Washington County","IA","-2","2","Washington County, IA","2016 unemployment 3%; gap vs county median -2 percentage points","BLS LAUS 2016 via Plotly public sample dataset"
"19185","Wayne County","IA","-1.1","1.1","Wayne County, IA","2016 unemployment 3.9%; gap vs county median -1.1 percentage points","BLS LAUS 2016 via Plotly public sample dataset"
"19187","Webster County","IA","-1","1","Webster County, IA","2016 unemployment 4%; gap vs county median -1 percentage points","BLS LAUS 2016 via Plotly public sample dataset"
"19189","Winnebago County","IA","-1.5","1.5","Winnebago County, IA","2016 unemployment 3.5%; gap vs county median -1.5 percentage points","BLS LAUS 2016 via Plotly public sample dataset"
"19191","Winneshiek County","IA","-1.4","1.4","Winneshiek County, IA","2016 unemployment 3.6%; gap vs county median -1.4 percentage points","BLS LAUS 2016 via Plotly public sample dataset"
"19193","Woodbury County","IA","-1.4","1.4","Woodbury County, IA","2016 unemployment 3.6%; gap vs county median -1.4 percentage points","BLS LAUS 2016 via Plotly public sample dataset"
"19195","Worth County","IA","-1.5","1.5","Worth County, IA","2016 unemployment 3.5%; gap vs county median -1.5 percentage points","BLS LAUS 2016 via Plotly public sample dataset"
"19197","Wright County","IA","-0.8","0.8","Wright County, IA","2016 unemployment 4.2%; gap vs county median -0.8 percentage points","BLS LAUS 2016 via Plotly public sample dataset"
"20001","Allen County","KS","0.9","0.9","Allen County, KS","2016 unemployment 5.9%; gap vs county median 0.9 percentage points","BLS LAUS 2016 via Plotly public sample dataset"
"20003","Anderson County","KS","-0.5","0.5","Anderson County, KS","2016 unemployment 4.5%; gap vs county median -0.5 percentage points","BLS LAUS 2016 via Plotly public sample dataset"
"20005","Atchison County","KS","1.4","1.4","Atchison County, KS","2016 unemployment 6.4%; gap vs county median 1.4 percentage points","BLS LAUS 2016 via Plotly public sample dataset"
"20007","Barber County","KS","-0.9","0.9","Barber County, KS","2016 unemployment 4.1%; gap vs county median -0.9 percentage points","BLS LAUS 2016 via Plotly public sample dataset"
"20009","Barton County","KS","-0.3","0.3","Barton County, KS","2016 unemployment 4.7%; gap vs county median -0.3 percentage points","BLS LAUS 2016 via Plotly public sample dataset"
"20011","Bourbon County","KS","0.1","0.1","Bourbon County, KS","2016 unemployment 5.1%; gap vs county median 0.1 percentage points","BLS LAUS 2016 via Plotly public sample dataset"
"20013","Brown County","KS","-1.1","1.1","Brown County, KS","2016 unemployment 3.9%; gap vs county median -1.1 percentage points","BLS LAUS 2016 via Plotly public sample dataset"
"20015","Butler County","KS","-0.7","0.7","Butler County, KS","2016 unemployment 4.3%; gap vs county median -0.7 percentage points","BLS LAUS 2016 via Plotly public sample dataset"
"20017","Chase County","KS","-1.3","1.3","Chase County, KS","2016 unemployment 3.7%; gap vs county median -1.3 percentage points","BLS LAUS 2016 via Plotly public sample dataset"
"20019","Chautauqua County","KS","0.5","0.5","Chautauqua County, KS","2016 unemployment 5.5%; gap vs county median 0.5 percentage points","BLS LAUS 2016 via Plotly public sample dataset"
"20021","Cherokee County","KS","-0.4","0.4","Cherokee County, KS","2016 unemployment 4.6%; gap vs county median -0.4 percentage points","BLS LAUS 2016 via Plotly public sample dataset"
"20023","Cheyenne County","KS","-2.1","2.1","Cheyenne County, KS","2016 unemployment 2.9%; gap vs county median -2.1 percentage points","BLS LAUS 2016 via Plotly public sample dataset"
"20025","Clark County","KS","-2.1","2.1","Clark County, KS","2016 unemployment 2.9%; gap vs county median -2.1 percentage points","BLS LAUS 2016 via Plotly public sample dataset"
"20027","Clay County","KS","-0.5","0.5","Clay County, KS","2016 unemployment 4.5%; gap vs county median -0.5 percentage points","BLS LAUS 2016 via Plotly public sample dataset"
"20029","Cloud County","KS","-0.5","0.5","Cloud County, KS","2016 unemployment 4.5%; gap vs county median -0.5 percentage points","BLS LAUS 2016 via Plotly public sample dataset"
"20031","Coffey County","KS","1.3","1.3","Coffey County, KS","2016 unemployment 6.3%; gap vs county median 1.3 percentage points","BLS LAUS 2016 via Plotly public sample dataset"
"20033","Comanche County","KS","-1.6","1.6","Comanche County, KS","2016 unemployment 3.4%; gap vs county median -1.6 percentage points","BLS LAUS 2016 via Plotly public sample dataset"
"20035","Cowley County","KS","-0.4","0.4","Cowley County, KS","2016 unemployment 4.6%; gap vs county median -0.4 percentage points","BLS LAUS 2016 via Plotly public sample dataset"
"20037","Crawford County","KS","0","0","Crawford County, KS","2016 unemployment 5%; gap vs county median 0 percentage points","BLS LAUS 2016 via Plotly public sample dataset"
"20039","Decatur County","KS","-0.8","0.8","Decatur County, KS","2016 unemployment 4.2%; gap vs county median -0.8 percentage points","BLS LAUS 2016 via Plotly public sample dataset"
"20041","Dickinson County","KS","-0.4","0.4","Dickinson County, KS","2016 unemployment 4.6%; gap vs county median -0.4 percentage points","BLS LAUS 2016 via Plotly public sample dataset"
"20043","Doniphan County","KS","-0.9","0.9","Doniphan County, KS","2016 unemployment 4.1%; gap vs county median -0.9 percentage points","BLS LAUS 2016 via Plotly public sample dataset"
"20045","Douglas County","KS","-1.4","1.4","Douglas County, KS","2016 unemployment 3.6%; gap vs county median -1.4 percentage points","BLS LAUS 2016 via Plotly public sample dataset"
"20047","Edwards County","KS","-1.9","1.9","Edwards County, KS","2016 unemployment 3.1%; gap vs county median -1.9 percentage points","BLS LAUS 2016 via Plotly public sample dataset"
"20049","Elk County","KS","0.3","0.3","Elk County, KS","2016 unemployment 5.3%; gap vs county median 0.3 percentage points","BLS LAUS 2016 via Plotly public sample dataset"
"20051","Ellis County","KS","-1.8","1.8","Ellis County, KS","2016 unemployment 3.2%; gap vs county median -1.8 percentage points","BLS LAUS 2016 via Plotly public sample dataset"
"20053","Ellsworth County","KS","-0.8","0.8","Ellsworth County, KS","2016 unemployment 4.2%; gap vs county median -0.8 percentage points","BLS LAUS 2016 via Plotly public sample dataset"
"20055","Finney County","KS","-1.8","1.8","Finney County, KS","2016 unemployment 3.2%; gap vs county median -1.8 percentage points","BLS LAUS 2016 via Plotly public sample dataset"
"20057","Ford County","KS","-1.7","1.7","Ford County, KS","2016 unemployment 3.3%; gap vs county median -1.7 percentage points","BLS LAUS 2016 via Plotly public sample dataset"
"20059","Franklin County","KS","-0.7","0.7","Franklin County, KS","2016 unemployment 4.3%; gap vs county median -0.7 percentage points","BLS LAUS 2016 via Plotly public sample dataset"
"20061","Geary County","KS","0.8","0.8","Geary County, KS","2016 unemployment 5.8%; gap vs county median 0.8 percentage points","BLS LAUS 2016 via Plotly public sample dataset"
"20063","Gove County","KS","-2.4","2.4","Gove County, KS","2016 unemployment 2.6%; gap vs county median -2.4 percentage points","BLS LAUS 2016 via Plotly public sample dataset"
"20065","Graham County","KS","0","0","Graham County, KS","2016 unemployment 5%; gap vs county median 0 percentage points","BLS LAUS 2016 via Plotly public sample dataset"
"20067","Grant County","KS","-1.2","1.2","Grant County, KS","2016 unemployment 3.8%; gap vs county median -1.2 percentage points","BLS LAUS 2016 via Plotly public sample dataset"
"20069","Gray County","KS","-2.7","2.7","Gray County, KS","2016 unemployment 2.3%; gap vs county median -2.7 percentage points","BLS LAUS 2016 via Plotly public sample dataset"
"20071","Greeley County","KS","-2.7","2.7","Greeley County, KS","2016 unemployment 2.3%; gap vs county median -2.7 percentage points","BLS LAUS 2016 via Plotly public sample dataset"
"20073","Greenwood County","KS","0.2","0.2","Greenwood County, KS","2016 unemployment 5.2%; gap vs county median 0.2 percentage points","BLS LAUS 2016 via Plotly public sample dataset"
"20075","Hamilton County","KS","-2.3","2.3","Hamilton County, KS","2016 unemployment 2.7%; gap vs county median -2.3 percentage points","BLS LAUS 2016 via Plotly public sample dataset"
"20077","Harper County","KS","-1.1","1.1","Harper County, KS","2016 unemployment 3.9%; gap vs county median -1.1 percentage points","BLS LAUS 2016 via Plotly public sample dataset"
"20079","Harvey County","KS","-0.6","0.6","Harvey County, KS","2016 unemployment 4.4%; gap vs county median -0.6 percentage points","BLS LAUS 2016 via Plotly public sample dataset"
"20081","Haskell County","KS","-2.3","2.3","Haskell County, KS","2016 unemployment 2.7%; gap vs county median -2.3 percentage points","BLS LAUS 2016 via Plotly public sample dataset"
"20083","Hodgeman County","KS","-2.1","2.1","Hodgeman County, KS","2016 unemployment 2.9%; gap vs county median -2.1 percentage points","BLS LAUS 2016 via Plotly public sample dataset"
"20085","Jackson County","KS","-1.4","1.4","Jackson County, KS","2016 unemployment 3.6%; gap vs county median -1.4 percentage points","BLS LAUS 2016 via Plotly public sample dataset"
"20087","Jefferson County","KS","-0.9","0.9","Jefferson County, KS","2016 unemployment 4.1%; gap vs county median -0.9 percentage points","BLS LAUS 2016 via Plotly public sample dataset"
"20089","Jewell County","KS","-0.3","0.3","Jewell County, KS","2016 unemployment 4.7%; gap vs county median -0.3 percentage points","BLS LAUS 2016 via Plotly public sample dataset"
"20091","Johnson County","KS","-1.7","1.7","Johnson County, KS","2016 unemployment 3.3%; gap vs county median -1.7 percentage points","BLS LAUS 2016 via Plotly public sample dataset"
"20093","Kearny County","KS","-1.7","1.7","Kearny County, KS","2016 unemployment 3.3%; gap vs county median -1.7 percentage points","BLS LAUS 2016 via Plotly public sample dataset"
"20095","Kingman County","KS","-0.3","0.3","Kingman County, KS","2016 unemployment 4.7%; gap vs county median -0.3 percentage points","BLS LAUS 2016 via Plotly public sample dataset"
"20097","Kiowa County","KS","-2.1","2.1","Kiowa County, KS","2016 unemployment 2.9%; gap vs county median -2.1 percentage points","BLS LAUS 2016 via Plotly public sample dataset"
"20099","Labette County","KS","0.7","0.7","Labette County, KS","2016 unemployment 5.7%; gap vs county median 0.7 percentage points","BLS LAUS 2016 via Plotly public sample dataset"
"20101","Lane County","KS","-1.6","1.6","Lane County, KS","2016 unemployment 3.4%; gap vs county median -1.6 percentage points","BLS LAUS 2016 via Plotly public sample dataset"
"20103","Leavenworth County","KS","-0.6","0.6","Leavenworth County, KS","2016 unemployment 4.4%; gap vs county median -0.6 percentage points","BLS LAUS 2016 via Plotly public sample dataset"
"20105","Lincoln County","KS","-1.2","1.2","Lincoln County, KS","2016 unemployment 3.8%; gap vs county median -1.2 percentage points","BLS LAUS 2016 via Plotly public sample dataset"
"20107","Linn County","KS","1.7","1.7","Linn County, KS","2016 unemployment 6.7%; gap vs county median 1.7 percentage points","BLS LAUS 2016 via Plotly public sample dataset"
"20109","Logan County","KS","-2.2","2.2","Logan County, KS","2016 unemployment 2.8%; gap vs county median -2.2 percentage points","BLS LAUS 2016 via Plotly public sample dataset"
"20111","Lyon County","KS","-0.8","0.8","Lyon County, KS","2016 unemployment 4.2%; gap vs county median -0.8 percentage points","BLS LAUS 2016 via Plotly public sample dataset"
"20113","McPherson County","KS","-1.7","1.7","McPherson County, KS","2016 unemployment 3.3%; gap vs county median -1.7 percentage points","BLS LAUS 2016 via Plotly public sample dataset"
"20115","Marion County","KS","-0.7","0.7","Marion County, KS","2016 unemployment 4.3%; gap vs county median -0.7 percentage points","BLS LAUS 2016 via Plotly public sample dataset"
"20117","Marshall County","KS","-1.8","1.8","Marshall County, KS","2016 unemployment 3.2%; gap vs county median -1.8 percentage points","BLS LAUS 2016 via Plotly public sample dataset"
"20119","Meade County","KS","-2.1","2.1","Meade County, KS","2016 unemployment 2.9%; gap vs county median -2.1 percentage points","BLS LAUS 2016 via Plotly public sample dataset"
"20121","Miami County","KS","-0.7","0.7","Miami County, KS","2016 unemployment 4.3%; gap vs county median -0.7 percentage points","BLS LAUS 2016 via Plotly public sample dataset"
"20123","Mitchell County","KS","-1.4","1.4","Mitchell County, KS","2016 unemployment 3.6%; gap vs county median -1.4 percentage points","BLS LAUS 2016 via Plotly public sample dataset"
"20125","Montgomery County","KS","1.4","1.4","Montgomery County, KS","2016 unemployment 6.4%; gap vs county median 1.4 percentage points","BLS LAUS 2016 via Plotly public sample dataset"
"20127","Morris County","KS","-0.9","0.9","Morris County, KS","2016 unemployment 4.1%; gap vs county median -0.9 percentage points","BLS LAUS 2016 via Plotly public sample dataset"
"20129","Morton County","KS","-0.9","0.9","Morton County, KS","2016 unemployment 4.1%; gap vs county median -0.9 percentage points","BLS LAUS 2016 via Plotly public sample dataset"
"20131","Nemaha County","KS","-2.2","2.2","Nemaha County, KS","2016 unemployment 2.8%; gap vs county median -2.2 percentage points","BLS LAUS 2016 via Plotly public sample dataset"
"20133","Neosho County","KS","2.5","2.5","Neosho County, KS","2016 unemployment 7.5%; gap vs county median 2.5 percentage points","BLS LAUS 2016 via Plotly public sample dataset"
"20135","Ness County","KS","-1.2","1.2","Ness County, KS","2016 unemployment 3.8%; gap vs county median -1.2 percentage points","BLS LAUS 2016 via Plotly public sample dataset"
"20137","Norton County","KS","-2.4","2.4","Norton County, KS","2016 unemployment 2.6%; gap vs county median -2.4 percentage points","BLS LAUS 2016 via Plotly public sample dataset"
"20139","Osage County","KS","-0.4","0.4","Osage County, KS","2016 unemployment 4.6%; gap vs county median -0.4 percentage points","BLS LAUS 2016 via Plotly public sample dataset"
"20141","Osborne County","KS","-1.3","1.3","Osborne County, KS","2016 unemployment 3.7%; gap vs county median -1.3 percentage points","BLS LAUS 2016 via Plotly public sample dataset"
"20143","Ottawa County","KS","-1","1","Ottawa County, KS","2016 unemployment 4%; gap vs county median -1 percentage points","BLS LAUS 2016 via Plotly public sample dataset"
"20145","Pawnee County","KS","-1.4","1.4","Pawnee County, KS","2016 unemployment 3.6%; gap vs county median -1.4 percentage points","BLS LAUS 2016 via Plotly public sample dataset"
"20147","Phillips County","KS","-1.8","1.8","Phillips County, KS","2016 unemployment 3.2%; gap vs county median -1.8 percentage points","BLS LAUS 2016 via Plotly public sample dataset"
"20149","Pottawatomie County","KS","-1.5","1.5","Pottawatomie County, KS","2016 unemployment 3.5%; gap vs county median -1.5 percentage points","BLS LAUS 2016 via Plotly public sample dataset"
"20151","Pratt County","KS","-0.7","0.7","Pratt County, KS","2016 unemployment 4.3%; gap vs county median -0.7 percentage points","BLS LAUS 2016 via Plotly public sample dataset"
"20153","Rawlins County","KS","-2.4","2.4","Rawlins County, KS","2016 unemployment 2.6%; gap vs county median -2.4 percentage points","BLS LAUS 2016 via Plotly public sample dataset"
"20155","Reno County","KS","-0.4","0.4","Reno County, KS","2016 unemployment 4.6%; gap vs county median -0.4 percentage points","BLS LAUS 2016 via Plotly public sample dataset"
"20157","Republic County","KS","-2.1","2.1","Republic County, KS","2016 unemployment 2.9%; gap vs county median -2.1 percentage points","BLS LAUS 2016 via Plotly public sample dataset"
"20159","Rice County","KS","-0.8","0.8","Rice County, KS","2016 unemployment 4.2%; gap vs county median -0.8 percentage points","BLS LAUS 2016 via Plotly public sample dataset"
"20161","Riley County","KS","-1.7","1.7","Riley County, KS","2016 unemployment 3.3%; gap vs county median -1.7 percentage points","BLS LAUS 2016 via Plotly public sample dataset"
"20163","Rooks County","KS","0.2","0.2","Rooks County, KS","2016 unemployment 5.2%; gap vs county median 0.2 percentage points","BLS LAUS 2016 via Plotly public sample dataset"
"20165","Rush County","KS","-0.8","0.8","Rush County, KS","2016 unemployment 4.2%; gap vs county median -0.8 percentage points","BLS LAUS 2016 via Plotly public sample dataset"
"20167","Russell County","KS","-0.5","0.5","Russell County, KS","2016 unemployment 4.5%; gap vs county median -0.5 percentage points","BLS LAUS 2016 via Plotly public sample dataset"
"20169","Saline County","KS","-1.2","1.2","Saline County, KS","2016 unemployment 3.8%; gap vs county median -1.2 percentage points","BLS LAUS 2016 via Plotly public sample dataset"
"20171","Scott County","KS","-2.4","2.4","Scott County, KS","2016 unemployment 2.6%; gap vs county median -2.4 percentage points","BLS LAUS 2016 via Plotly public sample dataset"
"20173","Sedgwick County","KS","-0.2","0.2","Sedgwick County, KS","2016 unemployment 4.8%; gap vs county median -0.2 percentage points","BLS LAUS 2016 via Plotly public sample dataset"
"20175","Seward County","KS","-0.4","0.4","Seward County, KS","2016 unemployment 4.6%; gap vs county median -0.4 percentage points","BLS LAUS 2016 via Plotly public sample dataset"
"20177","Shawnee County","KS","-0.9","0.9","Shawnee County, KS","2016 unemployment 4.1%; gap vs county median -0.9 percentage points","BLS LAUS 2016 via Plotly public sample dataset"
"20179","Sheridan County","KS","-2.4","2.4","Sheridan County, KS","2016 unemployment 2.6%; gap vs county median -2.4 percentage points","BLS LAUS 2016 via Plotly public sample dataset"
"20181","Sherman County","KS","-1.5","1.5","Sherman County, KS","2016 unemployment 3.5%; gap vs county median -1.5 percentage points","BLS LAUS 2016 via Plotly public sample dataset"
"20183","Smith County","KS","-1.5","1.5","Smith County, KS","2016 unemployment 3.5%; gap vs county median -1.5 percentage points","BLS LAUS 2016 via Plotly public sample dataset"
"20185","Stafford County","KS","-0.9","0.9","Stafford County, KS","2016 unemployment 4.1%; gap vs county median -0.9 percentage points","BLS LAUS 2016 via Plotly public sample dataset"
"20187","Stanton County","KS","-1.9","1.9","Stanton County, KS","2016 unemployment 3.1%; gap vs county median -1.9 percentage points","BLS LAUS 2016 via Plotly public sample dataset"
"20189","Stevens County","KS","-0.6","0.6","Stevens County, KS","2016 unemployment 4.4%; gap vs county median -0.6 percentage points","BLS LAUS 2016 via Plotly public sample dataset"
"20191","Sumner County","KS","-0.6","0.6","Sumner County, KS","2016 unemployment 4.4%; gap vs county median -0.6 percentage points","BLS LAUS 2016 via Plotly public sample dataset"
"20193","Thomas County","KS","-2.1","2.1","Thomas County, KS","2016 unemployment 2.9%; gap vs county median -2.1 percentage points","BLS LAUS 2016 via Plotly public sample dataset"
"20195","Trego County","KS","-0.8","0.8","Trego County, KS","2016 unemployment 4.2%; gap vs county median -0.8 percentage points","BLS LAUS 2016 via Plotly public sample dataset"
"20197","Wabaunsee County","KS","-1.2","1.2","Wabaunsee County, KS","2016 unemployment 3.8%; gap vs county median -1.2 percentage points","BLS LAUS 2016 via Plotly public sample dataset"
"20199","Wallace County","KS","-2.1","2.1","Wallace County, KS","2016 unemployment 2.9%; gap vs county median -2.1 percentage points","BLS LAUS 2016 via Plotly public sample dataset"
"20201","Washington County","KS","-1.5","1.5","Washington County, KS","2016 unemployment 3.5%; gap vs county median -1.5 percentage points","BLS LAUS 2016 via Plotly public sample dataset"
"20203","Wichita County","KS","-2.5","2.5","Wichita County, KS","2016 unemployment 2.5%; gap vs county median -2.5 percentage points","BLS LAUS 2016 via Plotly public sample dataset"
"20205","Wilson County","KS","1.4","1.4","Wilson County, KS","2016 unemployment 6.4%; gap vs county median 1.4 percentage points","BLS LAUS 2016 via Plotly public sample dataset"
"20207","Woodson County","KS","1.2","1.2","Woodson County, KS","2016 unemployment 6.2%; gap vs county median 1.2 percentage points","BLS LAUS 2016 via Plotly public sample dataset"
"20209","Wyandotte County","KS","0.7","0.7","Wyandotte County, KS","2016 unemployment 5.7%; gap vs county median 0.7 percentage points","BLS LAUS 2016 via Plotly public sample dataset"
"21001","Adair County","KY","1.6","1.6","Adair County, KY","2016 unemployment 6.6%; gap vs county median 1.6 percentage points","BLS LAUS 2016 via Plotly public sample dataset"
"21003","Allen County","KY","-0.8","0.8","Allen County, KY","2016 unemployment 4.2%; gap vs county median -0.8 percentage points","BLS LAUS 2016 via Plotly public sample dataset"
"21005","Anderson County","KY","-1","1","Anderson County, KY","2016 unemployment 4%; gap vs county median -1 percentage points","BLS LAUS 2016 via Plotly public sample dataset"
"21007","Ballard County","KY","3.6","3.6","Ballard County, KY","2016 unemployment 8.6%; gap vs county median 3.6 percentage points","BLS LAUS 2016 via Plotly public sample dataset"
"21009","Barren County","KY","-0.4","0.4","Barren County, KY","2016 unemployment 4.6%; gap vs county median -0.4 percentage points","BLS LAUS 2016 via Plotly public sample dataset"
"21011","Bath County","KY","2.2","2.2","Bath County, KY","2016 unemployment 7.2%; gap vs county median 2.2 percentage points","BLS LAUS 2016 via Plotly public sample dataset"
"21013","Bell County","KY","4","4","Bell County, KY","2016 unemployment 9%; gap vs county median 4 percentage points","BLS LAUS 2016 via Plotly public sample dataset"
"21015","Boone County","KY","-1.2","1.2","Boone County, KY","2016 unemployment 3.8%; gap vs county median -1.2 percentage points","BLS LAUS 2016 via Plotly public sample dataset"
"21017","Bourbon County","KY","-0.3","0.3","Bourbon County, KY","2016 unemployment 4.7%; gap vs county median -0.3 percentage points","BLS LAUS 2016 via Plotly public sample dataset"
"21019","Boyd County","KY","3.1","3.1","Boyd County, KY","2016 unemployment 8.1%; gap vs county median 3.1 percentage points","BLS LAUS 2016 via Plotly public sample dataset"
"21021","Boyle County","KY","-0.1","0.1","Boyle County, KY","2016 unemployment 4.9%; gap vs county median -0.1 percentage points","BLS LAUS 2016 via Plotly public sample dataset"
"21023","Bracken County","KY","1","1","Bracken County, KY","2016 unemployment 6%; gap vs county median 1 percentage points","BLS LAUS 2016 via Plotly public sample dataset"
"21025","Breathitt County","KY","4.4","4.4","Breathitt County, KY","2016 unemployment 9.4%; gap vs county median 4.4 percentage points","BLS LAUS 2016 via Plotly public sample dataset"
"21027","Breckinridge County","KY","1","1","Breckinridge County, KY","2016 unemployment 6%; gap vs county median 1 percentage points","BLS LAUS 2016 via Plotly public sample dataset"
"21029","Bullitt County","KY","-0.9","0.9","Bullitt County, KY","2016 unemployment 4.1%; gap vs county median -0.9 percentage points","BLS LAUS 2016 via Plotly public sample dataset"
"21031","Butler County","KY","0.3","0.3","Butler County, KY","2016 unemployment 5.3%; gap vs county median 0.3 percentage points","BLS LAUS 2016 via Plotly public sample dataset"
"21033","Caldwell County","KY","0.3","0.3","Caldwell County, KY","2016 unemployment 5.3%; gap vs county median 0.3 percentage points","BLS LAUS 2016 via Plotly public sample dataset"
"21035","Calloway County","KY","-0.5","0.5","Calloway County, KY","2016 unemployment 4.5%; gap vs county median -0.5 percentage points","BLS LAUS 2016 via Plotly public sample dataset"
"21037","Campbell County","KY","-1.2","1.2","Campbell County, KY","2016 unemployment 3.8%; gap vs county median -1.2 percentage points","BLS LAUS 2016 via Plotly public sample dataset"
"21039","Carlisle County","KY","0.9","0.9","Carlisle County, KY","2016 unemployment 5.9%; gap vs county median 0.9 percentage points","BLS LAUS 2016 via Plotly public sample dataset"
"21041","Carroll County","KY","0","0","Carroll County, KY","2016 unemployment 5%; gap vs county median 0 percentage points","BLS LAUS 2016 via Plotly public sample dataset"
"21043","Carter County","KY","5.2","5.2","Carter County, KY","2016 unemployment 10.2%; gap vs county median 5.2 percentage points","BLS LAUS 2016 via Plotly public sample dataset"
"21045","Casey County","KY","-0.4","0.4","Casey County, KY","2016 unemployment 4.6%; gap vs county median -0.4 percentage points","BLS LAUS 2016 via Plotly public sample dataset"
"21047","Christian County","KY","1","1","Christian County, KY","2016 unemployment 6%; gap vs county median 1 percentage points","BLS LAUS 2016 via Plotly public sample dataset"
"21049","Clark County","KY","-0.3","0.3","Clark County, KY","2016 unemployment 4.7%; gap vs county median -0.3 percentage points","BLS LAUS 2016 via Plotly public sample dataset"
"21051","Clay County","KY","4.6","4.6","Clay County, KY","2016 unemployment 9.6%; gap vs county median 4.6 percentage points","BLS LAUS 2016 via Plotly public sample dataset"
"21053","Clinton County","KY","2.3","2.3","Clinton County, KY","2016 unemployment 7.3%; gap vs county median 2.3 percentage points","BLS LAUS 2016 via Plotly public sample dataset"
"21055","Crittenden County","KY","0","0","Crittenden County, KY","2016 unemployment 5%; gap vs county median 0 percentage points","BLS LAUS 2016 via Plotly public sample dataset"
"21057","Cumberland County","KY","0.5","0.5","Cumberland County, KY","2016 unemployment 5.5%; gap vs county median 0.5 percentage points","BLS LAUS 2016 via Plotly public sample dataset"
"21059","Daviess County","KY","-0.5","0.5","Daviess County, KY","2016 unemployment 4.5%; gap vs county median -0.5 percentage points","BLS LAUS 2016 via Plotly public sample dataset"
"21061","Edmonson County","KY","1.1","1.1","Edmonson County, KY","2016 unemployment 6.1%; gap vs county median 1.1 percentage points","BLS LAUS 2016 via Plotly public sample dataset"
"21063","Elliott County","KY","5.9","5.9","Elliott County, KY","2016 unemployment 10.9%; gap vs county median 5.9 percentage points","BLS LAUS 2016 via Plotly public sample dataset"
"21065","Estill County","KY","0.7","0.7","Estill County, KY","2016 unemployment 5.7%; gap vs county median 0.7 percentage points","BLS LAUS 2016 via Plotly public sample dataset"
"21067","Fayette County","KY","-1.5","1.5","Fayette County, KY","2016 unemployment 3.5%; gap vs county median -1.5 percentage points","BLS LAUS 2016 via Plotly public sample dataset"
"21069","Fleming County","KY","0.9","0.9","Fleming County, KY","2016 unemployment 5.9%; gap vs county median 0.9 percentage points","BLS LAUS 2016 via Plotly public sample dataset"
"21071","Floyd County","KY","5.9","5.9","Floyd County, KY","2016 unemployment 10.9%; gap vs county median 5.9 percentage points","BLS LAUS 2016 via Plotly public sample dataset"
"21073","Franklin County","KY","-1","1","Franklin County, KY","2016 unemployment 4%; gap vs county median -1 percentage points","BLS LAUS 2016 via Plotly public sample dataset"
"21075","Fulton County","KY","1.8","1.8","Fulton County, KY","2016 unemployment 6.8%; gap vs county median 1.8 percentage points","BLS LAUS 2016 via Plotly public sample dataset"
"21077","Gallatin County","KY","-0.2","0.2","Gallatin County, KY","2016 unemployment 4.8%; gap vs county median -0.2 percentage points","BLS LAUS 2016 via Plotly public sample dataset"
"21079","Garrard County","KY","-0.3","0.3","Garrard County, KY","2016 unemployment 4.7%; gap vs county median -0.3 percentage points","BLS LAUS 2016 via Plotly public sample dataset"
"21081","Grant County","KY","-0.1","0.1","Grant County, KY","2016 unemployment 4.9%; gap vs county median -0.1 percentage points","BLS LAUS 2016 via Plotly public sample dataset"
"21083","Graves County","KY","1","1","Graves County, KY","2016 unemployment 6%; gap vs county median 1 percentage points","BLS LAUS 2016 via Plotly public sample dataset"
"21085","Grayson County","KY","1.4","1.4","Grayson County, KY","2016 unemployment 6.4%; gap vs county median 1.4 percentage points","BLS LAUS 2016 via Plotly public sample dataset"
"21087","Green County","KY","-0.6","0.6","Green County, KY","2016 unemployment 4.4%; gap vs county median -0.6 percentage points","BLS LAUS 2016 via Plotly public sample dataset"
"21089","Greenup County","KY","3.6","3.6","Greenup County, KY","2016 unemployment 8.6%; gap vs county median 3.6 percentage points","BLS LAUS 2016 via Plotly public sample dataset"
"21091","Hancock County","KY","0.4","0.4","Hancock County, KY","2016 unemployment 5.4%; gap vs county median 0.4 percentage points","BLS LAUS 2016 via Plotly public sample dataset"
"21093","Hardin County","KY","-0.6","0.6","Hardin County, KY","2016 unemployment 4.4%; gap vs county median -0.6 percentage points","BLS LAUS 2016 via Plotly public sample dataset"
"21095","Harlan County","KY","7.1","7.1","Harlan County, KY","2016 unemployment 12.1%; gap vs county median 7.1 percentage points","BLS LAUS 2016 via Plotly public sample dataset"
"21097","Harrison County","KY","-0.4","0.4","Harrison County, KY","2016 unemployment 4.6%; gap vs county median -0.4 percentage points","BLS LAUS 2016 via Plotly public sample dataset"
"21099","Hart County","KY","-0.4","0.4","Hart County, KY","2016 unemployment 4.6%; gap vs county median -0.4 percentage points","BLS LAUS 2016 via Plotly public sample dataset"
"21101","Henderson County","KY","-0.3","0.3","Henderson County, KY","2016 unemployment 4.7%; gap vs county median -0.3 percentage points","BLS LAUS 2016 via Plotly public sample dataset"
"21103","Henry County","KY","-0.9","0.9","Henry County, KY","2016 unemployment 4.1%; gap vs county median -0.9 percentage points","BLS LAUS 2016 via Plotly public sample dataset"
"21105","Hickman County","KY","0.6","0.6","Hickman County, KY","2016 unemployment 5.6%; gap vs county median 0.6 percentage points","BLS LAUS 2016 via Plotly public sample dataset"
"21107","Hopkins County","KY","0.5","0.5","Hopkins County, KY","2016 unemployment 5.5%; gap vs county median 0.5 percentage points","BLS LAUS 2016 via Plotly public sample dataset"
"21109","Jackson County","KY","2.5","2.5","Jackson County, KY","2016 unemployment 7.5%; gap vs county median 2.5 percentage points","BLS LAUS 2016 via Plotly public sample dataset"
"21111","Jefferson County","KY","-0.6","0.6","Jefferson County, KY","2016 unemployment 4.4%; gap vs county median -0.6 percentage points","BLS LAUS 2016 via Plotly public sample dataset"
"21113","Jessamine County","KY","-1.2","1.2","Jessamine County, KY","2016 unemployment 3.8%; gap vs county median -1.2 percentage points","BLS LAUS 2016 via Plotly public sample dataset"
"21115","Johnson County","KY","4.6","4.6","Johnson County, KY","2016 unemployment 9.6%; gap vs county median 4.6 percentage points","BLS LAUS 2016 via Plotly public sample dataset"
"21117","Kenton County","KY","-0.9","0.9","Kenton County, KY","2016 unemployment 4.1%; gap vs county median -0.9 percentage points","BLS LAUS 2016 via Plotly public sample dataset"
"21119","Knott County","KY","6.2","6.2","Knott County, KY","2016 unemployment 11.2%; gap vs county median 6.2 percentage points","BLS LAUS 2016 via Plotly public sample dataset"
"21121","Knox County","KY","2.9","2.9","Knox County, KY","2016 unemployment 7.9%; gap vs county median 2.9 percentage points","BLS LAUS 2016 via Plotly public sample dataset"
"21123","Larue County","KY","-0.5","0.5","Larue County, KY","2016 unemployment 4.5%; gap vs county median -0.5 percentage points","BLS LAUS 2016 via Plotly public sample dataset"
"21125","Laurel County","KY","1.1","1.1","Laurel County, KY","2016 unemployment 6.1%; gap vs county median 1.1 percentage points","BLS LAUS 2016 via Plotly public sample dataset"
"21127","Lawrence County","KY","5.4","5.4","Lawrence County, KY","2016 unemployment 10.4%; gap vs county median 5.4 percentage points","BLS LAUS 2016 via Plotly public sample dataset"
"21129","Lee County","KY","4.2","4.2","Lee County, KY","2016 unemployment 9.2%; gap vs county median 4.2 percentage points","BLS LAUS 2016 via Plotly public sample dataset"
"21131","Leslie County","KY","8","8","Leslie County, KY","2016 unemployment 13%; gap vs county median 8 percentage points","BLS LAUS 2016 via Plotly public sample dataset"
"21133","Letcher County","KY","6.9","6.9","Letcher County, KY","2016 unemployment 11.9%; gap vs county median 6.9 percentage points","BLS LAUS 2016 via Plotly public sample dataset"
"21135","Lewis County","KY","4.2","4.2","Lewis County, KY","2016 unemployment 9.2%; gap vs county median 4.2 percentage points","BLS LAUS 2016 via Plotly public sample dataset"
"21137","Lincoln County","KY","1","1","Lincoln County, KY","2016 unemployment 6%; gap vs county median 1 percentage points","BLS LAUS 2016 via Plotly public sample dataset"
"21139","Livingston County","KY","2","2","Livingston County, KY","2016 unemployment 7%; gap vs county median 2 percentage points","BLS LAUS 2016 via Plotly public sample dataset"
"21141","Logan County","KY","-0.8","0.8","Logan County, KY","2016 unemployment 4.2%; gap vs county median -0.8 percentage points","BLS LAUS 2016 via Plotly public sample dataset"
"21143","Lyon County","KY","0.6","0.6","Lyon County, KY","2016 unemployment 5.6%; gap vs county median 0.6 percentage points","BLS LAUS 2016 via Plotly public sample dataset"
"21145","McCracken County","KY","0.7","0.7","McCracken County, KY","2016 unemployment 5.7%; gap vs county median 0.7 percentage points","BLS LAUS 2016 via Plotly public sample dataset"
"21147","McCreary County","KY","2.7","2.7","McCreary County, KY","2016 unemployment 7.7%; gap vs county median 2.7 percentage points","BLS LAUS 2016 via Plotly public sample dataset"
"21149","McLean County","KY","-0.2","0.2","McLean County, KY","2016 unemployment 4.8%; gap vs county median -0.2 percentage points","BLS LAUS 2016 via Plotly public sample dataset"
"21151","Madison County","KY","-0.9","0.9","Madison County, KY","2016 unemployment 4.1%; gap vs county median -0.9 percentage points","BLS LAUS 2016 via Plotly public sample dataset"
"21153","Magoffin County","KY","13.8","13.8","Magoffin County, KY","2016 unemployment 18.8%; gap vs county median 13.8 percentage points","BLS LAUS 2016 via Plotly public sample dataset"
"21155","Marion County","KY","-0.9","0.9","Marion County, KY","2016 unemployment 4.1%; gap vs county median -0.9 percentage points","BLS LAUS 2016 via Plotly public sample dataset"
"21157","Marshall County","KY","0.6","0.6","Marshall County, KY","2016 unemployment 5.6%; gap vs county median 0.6 percentage points","BLS LAUS 2016 via Plotly public sample dataset"
"21159","Martin County","KY","5.1","5.1","Martin County, KY","2016 unemployment 10.1%; gap vs county median 5.1 percentage points","BLS LAUS 2016 via Plotly public sample dataset"
"21161","Mason County","KY","1.1","1.1","Mason County, KY","2016 unemployment 6.1%; gap vs county median 1.1 percentage points","BLS LAUS 2016 via Plotly public sample dataset"
"21163","Meade County","KY","0","0","Meade County, KY","2016 unemployment 5%; gap vs county median 0 percentage points","BLS LAUS 2016 via Plotly public sample dataset"
"21165","Menifee County","KY","3.4","3.4","Menifee County, KY","2016 unemployment 8.4%; gap vs county median 3.4 percentage points","BLS LAUS 2016 via Plotly public sample dataset"
"21167","Mercer County","KY","-0.3","0.3","Mercer County, KY","2016 unemployment 4.7%; gap vs county median -0.3 percentage points","BLS LAUS 2016 via Plotly public sample dataset"
"21169","Metcalfe County","KY","-0.5","0.5","Metcalfe County, KY","2016 unemployment 4.5%; gap vs county median -0.5 percentage points","BLS LAUS 2016 via Plotly public sample dataset"
"21171","Monroe County","KY","-1","1","Monroe County, KY","2016 unemployment 4%; gap vs county median -1 percentage points","BLS LAUS 2016 via Plotly public sample dataset"
"21173","Montgomery County","KY","1.3","1.3","Montgomery County, KY","2016 unemployment 6.3%; gap vs county median 1.3 percentage points","BLS LAUS 2016 via Plotly public sample dataset"
"21175","Morgan County","KY","2.8","2.8","Morgan County, KY","2016 unemployment 7.8%; gap vs county median 2.8 percentage points","BLS LAUS 2016 via Plotly public sample dataset"
"21177","Muhlenberg County","KY","2","2","Muhlenberg County, KY","2016 unemployment 7%; gap vs county median 2 percentage points","BLS LAUS 2016 via Plotly public sample dataset"
"21179","Nelson County","KY","-0.5","0.5","Nelson County, KY","2016 unemployment 4.5%; gap vs county median -0.5 percentage points","BLS LAUS 2016 via Plotly public sample dataset"
"21181","Nicholas County","KY","0.4","0.4","Nicholas County, KY","2016 unemployment 5.4%; gap vs county median 0.4 percentage points","BLS LAUS 2016 via Plotly public sample dataset"
"21183","Ohio County","KY","1.5","1.5","Ohio County, KY","2016 unemployment 6.5%; gap vs county median 1.5 percentage points","BLS LAUS 2016 via Plotly public sample dataset"
"21185","Oldham County","KY","-1.6","1.6","Oldham County, KY","2016 unemployment 3.4%; gap vs county median -1.6 percentage points","BLS LAUS 2016 via Plotly public sample dataset"
"21187","Owen County","KY","-0.9","0.9","Owen County, KY","2016 unemployment 4.1%; gap vs county median -0.9 percentage points","BLS LAUS 2016 via Plotly public sample dataset"
"21189","Owsley County","KY","4.4","4.4","Owsley County, KY","2016 unemployment 9.4%; gap vs county median 4.4 percentage points","BLS LAUS 2016 via Plotly public sample dataset"
"21191","Pendleton County","KY","-0.2","0.2","Pendleton County, KY","2016 unemployment 4.8%; gap vs county median -0.2 percentage points","BLS LAUS 2016 via Plotly public sample dataset"
"21193","Perry County","KY","5.5","5.5","Perry County, KY","2016 unemployment 10.5%; gap vs county median 5.5 percentage points","BLS LAUS 2016 via Plotly public sample dataset"
"21195","Pike County","KY","5.8","5.8","Pike County, KY","2016 unemployment 10.8%; gap vs county median 5.8 percentage points","BLS LAUS 2016 via Plotly public sample dataset"
"21197","Powell County","KY","2","2","Powell County, KY","2016 unemployment 7%; gap vs county median 2 percentage points","BLS LAUS 2016 via Plotly public sample dataset"
"21199","Pulaski County","KY","0.3","0.3","Pulaski County, KY","2016 unemployment 5.3%; gap vs county median 0.3 percentage points","BLS LAUS 2016 via Plotly public sample dataset"
"21201","Robertson County","KY","0.9","0.9","Robertson County, KY","2016 unemployment 5.9%; gap vs county median 0.9 percentage points","BLS LAUS 2016 via Plotly public sample dataset"
"21203","Rockcastle County","KY","0.9","0.9","Rockcastle County, KY","2016 unemployment 5.9%; gap vs county median 0.9 percentage points","BLS LAUS 2016 via Plotly public sample dataset"
"21205","Rowan County","KY","0.5","0.5","Rowan County, KY","2016 unemployment 5.5%; gap vs county median 0.5 percentage points","BLS LAUS 2016 via Plotly public sample dataset"
"21207","Russell County","KY","3.3","3.3","Russell County, KY","2016 unemployment 8.3%; gap vs county median 3.3 percentage points","BLS LAUS 2016 via Plotly public sample dataset"
"21209","Scott County","KY","-1.3","1.3","Scott County, KY","2016 unemployment 3.7%; gap vs county median -1.3 percentage points","BLS LAUS 2016 via Plotly public sample dataset"
"21211","Shelby County","KY","-1.5","1.5","Shelby County, KY","2016 unemployment 3.5%; gap vs county median -1.5 percentage points","BLS LAUS 2016 via Plotly public sample dataset"
"21213","Simpson County","KY","-0.6","0.6","Simpson County, KY","2016 unemployment 4.4%; gap vs county median -0.6 percentage points","BLS LAUS 2016 via Plotly public sample dataset"
"21215","Spencer County","KY","-1.2","1.2","Spencer County, KY","2016 unemployment 3.8%; gap vs county median -1.2 percentage points","BLS LAUS 2016 via Plotly public sample dataset"
"21217","Taylor County","KY","0.1","0.1","Taylor County, KY","2016 unemployment 5.1%; gap vs county median 0.1 percentage points","BLS LAUS 2016 via Plotly public sample dataset"
"21219","Todd County","KY","-0.8","0.8","Todd County, KY","2016 unemployment 4.2%; gap vs county median -0.8 percentage points","BLS LAUS 2016 via Plotly public sample dataset"
"21221","Trigg County","KY","0.6","0.6","Trigg County, KY","2016 unemployment 5.6%; gap vs county median 0.6 percentage points","BLS LAUS 2016 via Plotly public sample dataset"
"21223","Trimble County","KY","0.3","0.3","Trimble County, KY","2016 unemployment 5.3%; gap vs county median 0.3 percentage points","BLS LAUS 2016 via Plotly public sample dataset"
"21225","Union County","KY","1.7","1.7","Union County, KY","2016 unemployment 6.7%; gap vs county median 1.7 percentage points","BLS LAUS 2016 via Plotly public sample dataset"
"21227","Warren County","KY","-1.1","1.1","Warren County, KY","2016 unemployment 3.9%; gap vs county median -1.1 percentage points","BLS LAUS 2016 via Plotly public sample dataset"
"21229","Washington County","KY","-0.9","0.9","Washington County, KY","2016 unemployment 4.1%; gap vs county median -0.9 percentage points","BLS LAUS 2016 via Plotly public sample dataset"
"21231","Wayne County","KY","2.3","2.3","Wayne County, KY","2016 unemployment 7.3%; gap vs county median 2.3 percentage points","BLS LAUS 2016 via Plotly public sample dataset"
"21233","Webster County","KY","0.9","0.9","Webster County, KY","2016 unemployment 5.9%; gap vs county median 0.9 percentage points","BLS LAUS 2016 via Plotly public sample dataset"
"21235","Whitley County","KY","1.5","1.5","Whitley County, KY","2016 unemployment 6.5%; gap vs county median 1.5 percentage points","BLS LAUS 2016 via Plotly public sample dataset"
"21237","Wolfe County","KY","4.7","4.7","Wolfe County, KY","2016 unemployment 9.7%; gap vs county median 4.7 percentage points","BLS LAUS 2016 via Plotly public sample dataset"
"21239","Woodford County","KY","-1.8","1.8","Woodford County, KY","2016 unemployment 3.2%; gap vs county median -1.8 percentage points","BLS LAUS 2016 via Plotly public sample dataset"
"22001","Acadia Parish","LA","2.4","2.4","Acadia Parish, LA","2016 unemployment 7.4%; gap vs county median 2.4 percentage points","BLS LAUS 2016 via Plotly public sample dataset"
"22003","Allen Parish","LA","1.4","1.4","Allen Parish, LA","2016 unemployment 6.4%; gap vs county median 1.4 percentage points","BLS LAUS 2016 via Plotly public sample dataset"
"22005","Ascension Parish","LA","-0.1","0.1","Ascension Parish, LA","2016 unemployment 4.9%; gap vs county median -0.1 percentage points","BLS LAUS 2016 via Plotly public sample dataset"
"22007","Assumption Parish","LA","3.5","3.5","Assumption Parish, LA","2016 unemployment 8.5%; gap vs county median 3.5 percentage points","BLS LAUS 2016 via Plotly public sample dataset"
"22009","Avoyelles Parish","LA","2.1","2.1","Avoyelles Parish, LA","2016 unemployment 7.1%; gap vs county median 2.1 percentage points","BLS LAUS 2016 via Plotly public sample dataset"
"22011","Beauregard Parish","LA","1","1","Beauregard Parish, LA","2016 unemployment 6%; gap vs county median 1 percentage points","BLS LAUS 2016 via Plotly public sample dataset"
"22013","Bienville Parish","LA","2.7","2.7","Bienville Parish, LA","2016 unemployment 7.7%; gap vs county median 2.7 percentage points","BLS LAUS 2016 via Plotly public sample dataset"
"22015","Bossier Parish","LA","0.4","0.4","Bossier Parish, LA","2016 unemployment 5.4%; gap vs county median 0.4 percentage points","BLS LAUS 2016 via Plotly public sample dataset"
"22017","Caddo Parish","LA","1.6","1.6","Caddo Parish, LA","2016 unemployment 6.6%; gap vs county median 1.6 percentage points","BLS LAUS 2016 via Plotly public sample dataset"
"22019","Calcasieu Parish","LA","-0.2","0.2","Calcasieu Parish, LA","2016 unemployment 4.8%; gap vs county median -0.2 percentage points","BLS LAUS 2016 via Plotly public sample dataset"
"22021","Caldwell Parish","LA","2.6","2.6","Caldwell Parish, LA","2016 unemployment 7.6%; gap vs county median 2.6 percentage points","BLS LAUS 2016 via Plotly public sample dataset"
"22023","Cameron Parish","LA","-0.6","0.6","Cameron Parish, LA","2016 unemployment 4.4%; gap vs county median -0.6 percentage points","BLS LAUS 2016 via Plotly public sample dataset"
"22025","Catahoula Parish","LA","4.3","4.3","Catahoula Parish, LA","2016 unemployment 9.3%; gap vs county median 4.3 percentage points","BLS LAUS 2016 via Plotly public sample dataset"
"22027","Claiborne Parish","LA","1.7","1.7","Claiborne Parish, LA","2016 unemployment 6.7%; gap vs county median 1.7 percentage points","BLS LAUS 2016 via Plotly public sample dataset"
"22029","Concordia Parish","LA","3.3","3.3","Concordia Parish, LA","2016 unemployment 8.3%; gap vs county median 3.3 percentage points","BLS LAUS 2016 via Plotly public sample dataset"
"22031","De Soto Parish","LA","2.4","2.4","De Soto Parish, LA","2016 unemployment 7.4%; gap vs county median 2.4 percentage points","BLS LAUS 2016 via Plotly public sample dataset"
"22033","East Baton Rouge Parish","LA","0.1","0.1","East Baton Rouge Parish, LA","2016 unemployment 5.1%; gap vs county median 0.1 percentage points","BLS LAUS 2016 via Plotly public sample dataset"
"22035","East Carroll Parish","LA","6.7","6.7","East Carroll Parish, LA","2016 unemployment 11.7%; gap vs county median 6.7 percentage points","BLS LAUS 2016 via Plotly public sample dataset"
"22037","East Feliciana Parish","LA","0.7","0.7","East Feliciana Parish, LA","2016 unemployment 5.7%; gap vs county median 0.7 percentage points","BLS LAUS 2016 via Plotly public sample dataset"
"22039","Evangeline Parish","LA","2.4","2.4","Evangeline Parish, LA","2016 unemployment 7.4%; gap vs county median 2.4 percentage points","BLS LAUS 2016 via Plotly public sample dataset"
"22041","Franklin Parish","LA","4.1","4.1","Franklin Parish, LA","2016 unemployment 9.1%; gap vs county median 4.1 percentage points","BLS LAUS 2016 via Plotly public sample dataset"
"22043","Grant Parish","LA","2","2","Grant Parish, LA","2016 unemployment 7%; gap vs county median 2 percentage points","BLS LAUS 2016 via Plotly public sample dataset"
"22045","Iberia Parish","LA","4.4","4.4","Iberia Parish, LA","2016 unemployment 9.4%; gap vs county median 4.4 percentage points","BLS LAUS 2016 via Plotly public sample dataset"
"22047","Iberville Parish","LA","1.8","1.8","Iberville Parish, LA","2016 unemployment 6.8%; gap vs county median 1.8 percentage points","BLS LAUS 2016 via Plotly public sample dataset"
"22049","Jackson Parish","LA","0.7","0.7","Jackson Parish, LA","2016 unemployment 5.7%; gap vs county median 0.7 percentage points","BLS LAUS 2016 via Plotly public sample dataset"
"22051","Jefferson Parish","LA","0.3","0.3","Jefferson Parish, LA","2016 unemployment 5.3%; gap vs county median 0.3 percentage points","BLS LAUS 2016 via Plotly public sample dataset"
"22053","Jefferson Davis Parish","LA","1","1","Jefferson Davis Parish, LA","2016 unemployment 6%; gap vs county median 1 percentage points","BLS LAUS 2016 via Plotly public sample dataset"
"22055","Lafayette Parish","LA","1.2","1.2","Lafayette Parish, LA","2016 unemployment 6.2%; gap vs county median 1.2 percentage points","BLS LAUS 2016 via Plotly public sample dataset"
"22057","Lafourche Parish","LA","1.3","1.3","Lafourche Parish, LA","2016 unemployment 6.3%; gap vs county median 1.3 percentage points","BLS LAUS 2016 via Plotly public sample dataset"
"22059","LaSalle Parish","LA","1.6","1.6","LaSalle Parish, LA","2016 unemployment 6.6%; gap vs county median 1.6 percentage points","BLS LAUS 2016 via Plotly public sample dataset"
"22061","Lincoln Parish","LA","1.5","1.5","Lincoln Parish, LA","2016 unemployment 6.5%; gap vs county median 1.5 percentage points","BLS LAUS 2016 via Plotly public sample dataset"
"22063","Livingston Parish","LA","0.1","0.1","Livingston Parish, LA","2016 unemployment 5.1%; gap vs county median 0.1 percentage points","BLS LAUS 2016 via Plotly public sample dataset"
"22065","Madison Parish","LA","4","4","Madison Parish, LA","2016 unemployment 9%; gap vs county median 4 percentage points","BLS LAUS 2016 via Plotly public sample dataset"
"22067","Morehouse Parish","LA","4.8","4.8","Morehouse Parish, LA","2016 unemployment 9.8%; gap vs county median 4.8 percentage points","BLS LAUS 2016 via Plotly public sample dataset"
"22069","Natchitoches Parish","LA","2","2","Natchitoches Parish, LA","2016 unemployment 7%; gap vs county median 2 percentage points","BLS LAUS 2016 via Plotly public sample dataset"
"22071","Orleans Parish","LA","0.9","0.9","Orleans Parish, LA","2016 unemployment 5.9%; gap vs county median 0.9 percentage points","BLS LAUS 2016 via Plotly public sample dataset"
"22073","Ouachita Parish","LA","1.1","1.1","Ouachita Parish, LA","2016 unemployment 6.1%; gap vs county median 1.1 percentage points","BLS LAUS 2016 via Plotly public sample dataset"
"22075","Plaquemines Parish","LA","0.3","0.3","Plaquemines Parish, LA","2016 unemployment 5.3%; gap vs county median 0.3 percentage points","BLS LAUS 2016 via Plotly public sample dataset"
"22077","Pointe Coupee Parish","LA","1.5","1.5","Pointe Coupee Parish, LA","2016 unemployment 6.5%; gap vs county median 1.5 percentage points","BLS LAUS 2016 via Plotly public sample dataset"
"22079","Rapides Parish","LA","1.1","1.1","Rapides Parish, LA","2016 unemployment 6.1%; gap vs county median 1.1 percentage points","BLS LAUS 2016 via Plotly public sample dataset"
"22081","Red River Parish","LA","1.1","1.1","Red River Parish, LA","2016 unemployment 6.1%; gap vs county median 1.1 percentage points","BLS LAUS 2016 via Plotly public sample dataset"
"22083","Richland Parish","LA","2.4","2.4","Richland Parish, LA","2016 unemployment 7.4%; gap vs county median 2.4 percentage points","BLS LAUS 2016 via Plotly public sample dataset"
"22085","Sabine Parish","LA","1.9","1.9","Sabine Parish, LA","2016 unemployment 6.9%; gap vs county median 1.9 percentage points","BLS LAUS 2016 via Plotly public sample dataset"
"22087","St. Bernard Parish","LA","1.1","1.1","St. Bernard Parish, LA","2016 unemployment 6.1%; gap vs county median 1.1 percentage points","BLS LAUS 2016 via Plotly public sample dataset"
"22089","St. Charles Parish","LA","0.3","0.3","St. Charles Parish, LA","2016 unemployment 5.3%; gap vs county median 0.3 percentage points","BLS LAUS 2016 via Plotly public sample dataset"
"22091","St. Helena Parish","LA","2.6","2.6","St. Helena Parish, LA","2016 unemployment 7.6%; gap vs county median 2.6 percentage points","BLS LAUS 2016 via Plotly public sample dataset"
"22093","St. James Parish","LA","2.5","2.5","St. James Parish, LA","2016 unemployment 7.5%; gap vs county median 2.5 percentage points","BLS LAUS 2016 via Plotly public sample dataset"
"22095","St. John the Baptist Parish","LA","1.8","1.8","St. John the Baptist Parish, LA","2016 unemployment 6.8%; gap vs county median 1.8 percentage points","BLS LAUS 2016 via Plotly public sample dataset"
"22097","St. Landry Parish","LA","3.1","3.1","St. Landry Parish, LA","2016 unemployment 8.1%; gap vs county median 3.1 percentage points","BLS LAUS 2016 via Plotly public sample dataset"
"22099","St. Martin Parish","LA","2.8","2.8","St. Martin Parish, LA","2016 unemployment 7.8%; gap vs county median 2.8 percentage points","BLS LAUS 2016 via Plotly public sample dataset"
"22101","St. Mary Parish","LA","4.4","4.4","St. Mary Parish, LA","2016 unemployment 9.4%; gap vs county median 4.4 percentage points","BLS LAUS 2016 via Plotly public sample dataset"
"22103","St. Tammany Parish","LA","0","0","St. Tammany Parish, LA","2016 unemployment 5%; gap vs county median 0 percentage points","BLS LAUS 2016 via Plotly public sample dataset"
"22105","Tangipahoa Parish","LA","1.7","1.7","Tangipahoa Parish, LA","2016 unemployment 6.7%; gap vs county median 1.7 percentage points","BLS LAUS 2016 via Plotly public sample dataset"
"22107","Tensas Parish","LA","4.9","4.9","Tensas Parish, LA","2016 unemployment 9.9%; gap vs county median 4.9 percentage points","BLS LAUS 2016 via Plotly public sample dataset"
"22109","Terrebonne Parish","LA","2","2","Terrebonne Parish, LA","2016 unemployment 7%; gap vs county median 2 percentage points","BLS LAUS 2016 via Plotly public sample dataset"
"22111","Union Parish","LA","1.5","1.5","Union Parish, LA","2016 unemployment 6.5%; gap vs county median 1.5 percentage points","BLS LAUS 2016 via Plotly public sample dataset"
"22113","Vermilion Parish","LA","2.7","2.7","Vermilion Parish, LA","2016 unemployment 7.7%; gap vs county median 2.7 percentage points","BLS LAUS 2016 via Plotly public sample dataset"
"22115","Vernon Parish","LA","2.3","2.3","Vernon Parish, LA","2016 unemployment 7.3%; gap vs county median 2.3 percentage points","BLS LAUS 2016 via Plotly public sample dataset"
"22117","Washington Parish","LA","2","2","Washington Parish, LA","2016 unemployment 7%; gap vs county median 2 percentage points","BLS LAUS 2016 via Plotly public sample dataset"
"22119","Webster Parish","LA","3.6","3.6","Webster Parish, LA","2016 unemployment 8.6%; gap vs county median 3.6 percentage points","BLS LAUS 2016 via Plotly public sample dataset"
"22121","West Baton Rouge Parish","LA","0.3","0.3","West Baton Rouge Parish, LA","2016 unemployment 5.3%; gap vs county median 0.3 percentage points","BLS LAUS 2016 via Plotly public sample dataset"
"22123","West Carroll Parish","LA","6.9","6.9","West Carroll Parish, LA","2016 unemployment 11.9%; gap vs county median 6.9 percentage points","BLS LAUS 2016 via Plotly public sample dataset"
"22125","West Feliciana Parish","LA","0.1","0.1","West Feliciana Parish, LA","2016 unemployment 5.1%; gap vs county median 0.1 percentage points","BLS LAUS 2016 via Plotly public sample dataset"
"22127","Winn Parish","LA","2.8","2.8","Winn Parish, LA","2016 unemployment 7.8%; gap vs county median 2.8 percentage points","BLS LAUS 2016 via Plotly public sample dataset"
"23001","Androscoggin County","ME","-1.4","1.4","Androscoggin County, ME","2016 unemployment 3.6%; gap vs county median -1.4 percentage points","BLS LAUS 2016 via Plotly public sample dataset"
"23003","Aroostook County","ME","0.7","0.7","Aroostook County, ME","2016 unemployment 5.7%; gap vs county median 0.7 percentage points","BLS LAUS 2016 via Plotly public sample dataset"
"23005","Cumberland County","ME","-2.1","2.1","Cumberland County, ME","2016 unemployment 2.9%; gap vs county median -2.1 percentage points","BLS LAUS 2016 via Plotly public sample dataset"
"23007","Franklin County","ME","-0.6","0.6","Franklin County, ME","2016 unemployment 4.4%; gap vs county median -0.6 percentage points","BLS LAUS 2016 via Plotly public sample dataset"
"23009","Hancock County","ME","-0.3","0.3","Hancock County, ME","2016 unemployment 4.7%; gap vs county median -0.3 percentage points","BLS LAUS 2016 via Plotly public sample dataset"
"23011","Kennebec County","ME","-1.4","1.4","Kennebec County, ME","2016 unemployment 3.6%; gap vs county median -1.4 percentage points","BLS LAUS 2016 via Plotly public sample dataset"
"23013","Knox County","ME","-1.4","1.4","Knox County, ME","2016 unemployment 3.6%; gap vs county median -1.4 percentage points","BLS LAUS 2016 via Plotly public sample dataset"
"23015","Lincoln County","ME","-1.2","1.2","Lincoln County, ME","2016 unemployment 3.8%; gap vs county median -1.2 percentage points","BLS LAUS 2016 via Plotly public sample dataset"
"23017","Oxford County","ME","-0.2","0.2","Oxford County, ME","2016 unemployment 4.8%; gap vs county median -0.2 percentage points","BLS LAUS 2016 via Plotly public sample dataset"
"23019","Penobscot County","ME","-0.6","0.6","Penobscot County, ME","2016 unemployment 4.4%; gap vs county median -0.6 percentage points","BLS LAUS 2016 via Plotly public sample dataset"
"23021","Piscataquis County","ME","0.4","0.4","Piscataquis County, ME","2016 unemployment 5.4%; gap vs county median 0.4 percentage points","BLS LAUS 2016 via Plotly public sample dataset"
"23023","Sagadahoc County","ME","-2","2","Sagadahoc County, ME","2016 unemployment 3%; gap vs county median -2 percentage points","BLS LAUS 2016 via Plotly public sample dataset"
"23025","Somerset County","ME","0.8","0.8","Somerset County, ME","2016 unemployment 5.8%; gap vs county median 0.8 percentage points","BLS LAUS 2016 via Plotly public sample dataset"
"23027","Waldo County","ME","-0.8","0.8","Waldo County, ME","2016 unemployment 4.2%; gap vs county median -0.8 percentage points","BLS LAUS 2016 via Plotly public sample dataset"
"23029","Washington County","ME","1.2","1.2","Washington County, ME","2016 unemployment 6.2%; gap vs county median 1.2 percentage points","BLS LAUS 2016 via Plotly public sample dataset"
"23031","York County","ME","-1.6","1.6","York County, ME","2016 unemployment 3.4%; gap vs county median -1.6 percentage points","BLS LAUS 2016 via Plotly public sample dataset"
"24001","Allegany County","MD","1.1","1.1","Allegany County, MD","2016 unemployment 6.1%; gap vs county median 1.1 percentage points","BLS LAUS 2016 via Plotly public sample dataset"
"24003","Anne Arundel County","MD","-1.3","1.3","Anne Arundel County, MD","2016 unemployment 3.7%; gap vs county median -1.3 percentage points","BLS LAUS 2016 via Plotly public sample dataset"
"24005","Baltimore County","MD","-0.5","0.5","Baltimore County, MD","2016 unemployment 4.5%; gap vs county median -0.5 percentage points","BLS LAUS 2016 via Plotly public sample dataset"
"24009","Calvert County","MD","-1.2","1.2","Calvert County, MD","2016 unemployment 3.8%; gap vs county median -1.2 percentage points","BLS LAUS 2016 via Plotly public sample dataset"
"24011","Caroline County","MD","-0.3","0.3","Caroline County, MD","2016 unemployment 4.7%; gap vs county median -0.3 percentage points","BLS LAUS 2016 via Plotly public sample dataset"
"24013","Carroll County","MD","-1.5","1.5","Carroll County, MD","2016 unemployment 3.5%; gap vs county median -1.5 percentage points","BLS LAUS 2016 via Plotly public sample dataset"
"24015","Cecil County","MD","0.1","0.1","Cecil County, MD","2016 unemployment 5.1%; gap vs county median 0.1 percentage points","BLS LAUS 2016 via Plotly public sample dataset"
"24017","Charles County","MD","-0.8","0.8","Charles County, MD","2016 unemployment 4.2%; gap vs county median -0.8 percentage points","BLS LAUS 2016 via Plotly public sample dataset"
"24019","Dorchester County","MD","1","1","Dorchester County, MD","2016 unemployment 6%; gap vs county median 1 percentage points","BLS LAUS 2016 via Plotly public sample dataset"
"24021","Frederick County","MD","-1.3","1.3","Frederick County, MD","2016 unemployment 3.7%; gap vs county median -1.3 percentage points","BLS LAUS 2016 via Plotly public sample dataset"
"24023","Garrett County","MD","0.5","0.5","Garrett County, MD","2016 unemployment 5.5%; gap vs county median 0.5 percentage points","BLS LAUS 2016 via Plotly public sample dataset"
"24025","Harford County","MD","-0.9","0.9","Harford County, MD","2016 unemployment 4.1%; gap vs county median -0.9 percentage points","BLS LAUS 2016 via Plotly public sample dataset"
"24027","Howard County","MD","-1.8","1.8","Howard County, MD","2016 unemployment 3.2%; gap vs county median -1.8 percentage points","BLS LAUS 2016 via Plotly public sample dataset"
"24029","Kent County","MD","-0.3","0.3","Kent County, MD","2016 unemployment 4.7%; gap vs county median -0.3 percentage points","BLS LAUS 2016 via Plotly public sample dataset"
"24031","Montgomery County","MD","-1.7","1.7","Montgomery County, MD","2016 unemployment 3.3%; gap vs county median -1.7 percentage points","BLS LAUS 2016 via Plotly public sample dataset"
"24033","Prince George's County","MD","-0.6","0.6","Prince George's County, MD","2016 unemployment 4.4%; gap vs county median -0.6 percentage points","BLS LAUS 2016 via Plotly public sample dataset"
"24035","Queen Anne's County","MD","-1.2","1.2","Queen Anne's County, MD","2016 unemployment 3.8%; gap vs county median -1.2 percentage points","BLS LAUS 2016 via Plotly public sample dataset"
"24037","St. Mary's County","MD","-0.9","0.9","St. Mary's County, MD","2016 unemployment 4.1%; gap vs county median -0.9 percentage points","BLS LAUS 2016 via Plotly public sample dataset"
"24039","Somerset County","MD","2","2","Somerset County, MD","2016 unemployment 7%; gap vs county median 2 percentage points","BLS LAUS 2016 via Plotly public sample dataset"
"24041","Talbot County","MD","-0.9","0.9","Talbot County, MD","2016 unemployment 4.1%; gap vs county median -0.9 percentage points","BLS LAUS 2016 via Plotly public sample dataset"
"24043","Washington County","MD","-0.1","0.1","Washington County, MD","2016 unemployment 4.9%; gap vs county median -0.1 percentage points","BLS LAUS 2016 via Plotly public sample dataset"
"24045","Wicomico County","MD","1","1","Wicomico County, MD","2016 unemployment 6%; gap vs county median 1 percentage points","BLS LAUS 2016 via Plotly public sample dataset"
"24047","Worcester County","MD","4","4","Worcester County, MD","2016 unemployment 9%; gap vs county median 4 percentage points","BLS LAUS 2016 via Plotly public sample dataset"
"24510","Baltimore city","MD","1.3","1.3","Baltimore city, MD","2016 unemployment 6.3%; gap vs county median 1.3 percentage points","BLS LAUS 2016 via Plotly public sample dataset"
"25001","Barnstable County","MA","-0.3","0.3","Barnstable County, MA","2016 unemployment 4.7%; gap vs county median -0.3 percentage points","BLS LAUS 2016 via Plotly public sample dataset"
"25003","Berkshire County","MA","-0.7","0.7","Berkshire County, MA","2016 unemployment 4.3%; gap vs county median -0.7 percentage points","BLS LAUS 2016 via Plotly public sample dataset"
"25005","Bristol County","MA","-0.3","0.3","Bristol County, MA","2016 unemployment 4.7%; gap vs county median -0.3 percentage points","BLS LAUS 2016 via Plotly public sample dataset"
"25007","Dukes County","MA","0","0","Dukes County, MA","2016 unemployment 5%; gap vs county median 0 percentage points","BLS LAUS 2016 via Plotly public sample dataset"
"25009","Essex County","MA","-1.2","1.2","Essex County, MA","2016 unemployment 3.8%; gap vs county median -1.2 percentage points","BLS LAUS 2016 via Plotly public sample dataset"
"25011","Franklin County","MA","-1.7","1.7","Franklin County, MA","2016 unemployment 3.3%; gap vs county median -1.7 percentage points","BLS LAUS 2016 via Plotly public sample dataset"
"25013","Hampden County","MA","0","0","Hampden County, MA","2016 unemployment 5%; gap vs county median 0 percentage points","BLS LAUS 2016 via Plotly public sample dataset"
"25015","Hampshire County","MA","-1.7","1.7","Hampshire County, MA","2016 unemployment 3.3%; gap vs county median -1.7 percentage points","BLS LAUS 2016 via Plotly public sample dataset"
"25017","Middlesex County","MA","-2","2","Middlesex County, MA","2016 unemployment 3%; gap vs county median -2 percentage points","BLS LAUS 2016 via Plotly public sample dataset"
"25019","Nantucket County/town","MA","-0.8","0.8","Nantucket County/town, MA","2016 unemployment 4.2%; gap vs county median -0.8 percentage points","BLS LAUS 2016 via Plotly public sample dataset"
"25021","Norfolk County","MA","-1.8","1.8","Norfolk County, MA","2016 unemployment 3.2%; gap vs county median -1.8 percentage points","BLS LAUS 2016 via Plotly public sample dataset"
"25023","Plymouth County","MA","-1.1","1.1","Plymouth County, MA","2016 unemployment 3.9%; gap vs county median -1.1 percentage points","BLS LAUS 2016 via Plotly public sample dataset"
"25025","Suffolk County","MA","-1.6","1.6","Suffolk County, MA","2016 unemployment 3.4%; gap vs county median -1.6 percentage points","BLS LAUS 2016 via Plotly public sample dataset"
"25027","Worcester County","MA","-1.1","1.1","Worcester County, MA","2016 unemployment 3.9%; gap vs county median -1.1 percentage points","BLS LAUS 2016 via Plotly public sample dataset"
"26001","Alcona County","MI","2.4","2.4","Alcona County, MI","2016 unemployment 7.4%; gap vs county median 2.4 percentage points","BLS LAUS 2016 via Plotly public sample dataset"
"26003","Alger County","MI","3","3","Alger County, MI","2016 unemployment 8%; gap vs county median 3 percentage points","BLS LAUS 2016 via Plotly public sample dataset"
"26005","Allegan County","MI","-1.3","1.3","Allegan County, MI","2016 unemployment 3.7%; gap vs county median -1.3 percentage points","BLS LAUS 2016 via Plotly public sample dataset"
"26007","Alpena County","MI","0.7","0.7","Alpena County, MI","2016 unemployment 5.7%; gap vs county median 0.7 percentage points","BLS LAUS 2016 via Plotly public sample dataset"
"26009","Antrim County","MI","1.8","1.8","Antrim County, MI","2016 unemployment 6.8%; gap vs county median 1.8 percentage points","BLS LAUS 2016 via Plotly public sample dataset"
"26011","Arenac County","MI","3.1","3.1","Arenac County, MI","2016 unemployment 8.1%; gap vs county median 3.1 percentage points","BLS LAUS 2016 via Plotly public sample dataset"
"26013","Baraga County","MI","2.9","2.9","Baraga County, MI","2016 unemployment 7.9%; gap vs county median 2.9 percentage points","BLS LAUS 2016 via Plotly public sample dataset"
"26015","Barry County","MI","-1.2","1.2","Barry County, MI","2016 unemployment 3.8%; gap vs county median -1.2 percentage points","BLS LAUS 2016 via Plotly public sample dataset"
"26017","Bay County","MI","0.2","0.2","Bay County, MI","2016 unemployment 5.2%; gap vs county median 0.2 percentage points","BLS LAUS 2016 via Plotly public sample dataset"
"26019","Benzie County","MI","1.4","1.4","Benzie County, MI","2016 unemployment 6.4%; gap vs county median 1.4 percentage points","BLS LAUS 2016 via Plotly public sample dataset"
"26021","Berrien County","MI","-0.2","0.2","Berrien County, MI","2016 unemployment 4.8%; gap vs county median -0.2 percentage points","BLS LAUS 2016 via Plotly public sample dataset"
"26023","Branch County","MI","-0.4","0.4","Branch County, MI","2016 unemployment 4.6%; gap vs county median -0.4 percentage points","BLS LAUS 2016 via Plotly public sample dataset"
"26025","Calhoun County","MI","-0.4","0.4","Calhoun County, MI","2016 unemployment 4.6%; gap vs county median -0.4 percentage points","BLS LAUS 2016 via Plotly public sample dataset"
"26027","Cass County","MI","-0.4","0.4","Cass County, MI","2016 unemployment 4.6%; gap vs county median -0.4 percentage points","BLS LAUS 2016 via Plotly public sample dataset"
"26029","Charlevoix County","MI","0.3","0.3","Charlevoix County, MI","2016 unemployment 5.3%; gap vs county median 0.3 percentage points","BLS LAUS 2016 via Plotly public sample dataset"
"26031","Cheboygan County","MI","4","4","Cheboygan County, MI","2016 unemployment 9%; gap vs county median 4 percentage points","BLS LAUS 2016 via Plotly public sample dataset"
"26033","Chippewa County","MI","2.4","2.4","Chippewa County, MI","2016 unemployment 7.4%; gap vs county median 2.4 percentage points","BLS LAUS 2016 via Plotly public sample dataset"
"26035","Clare County","MI","2.2","2.2","Clare County, MI","2016 unemployment 7.2%; gap vs county median 2.2 percentage points","BLS LAUS 2016 via Plotly public sample dataset"
"26037","Clinton County","MI","-1.4","1.4","Clinton County, MI","2016 unemployment 3.6%; gap vs county median -1.4 percentage points","BLS LAUS 2016 via Plotly public sample dataset"
"26039","Crawford County","MI","2.4","2.4","Crawford County, MI","2016 unemployment 7.4%; gap vs county median 2.4 percentage points","BLS LAUS 2016 via Plotly public sample dataset"
"26041","Delta County","MI","1.3","1.3","Delta County, MI","2016 unemployment 6.3%; gap vs county median 1.3 percentage points","BLS LAUS 2016 via Plotly public sample dataset"
"26043","Dickinson County","MI","0.2","0.2","Dickinson County, MI","2016 unemployment 5.2%; gap vs county median 0.2 percentage points","BLS LAUS 2016 via Plotly public sample dataset"
"26045","Eaton County","MI","-1","1","Eaton County, MI","2016 unemployment 4%; gap vs county median -1 percentage points","BLS LAUS 2016 via Plotly public sample dataset"
"26047","Emmet County","MI","1.2","1.2","Emmet County, MI","2016 unemployment 6.2%; gap vs county median 1.2 percentage points","BLS LAUS 2016 via Plotly public sample dataset"
"26049","Genesee County","MI","0.4","0.4","Genesee County, MI","2016 unemployment 5.4%; gap vs county median 0.4 percentage points","BLS LAUS 2016 via Plotly public sample dataset"
"26051","Gladwin County","MI","1.8","1.8","Gladwin County, MI","2016 unemployment 6.8%; gap vs county median 1.8 percentage points","BLS LAUS 2016 via Plotly public sample dataset"
"26053","Gogebic County","MI","1.5","1.5","Gogebic County, MI","2016 unemployment 6.5%; gap vs county median 1.5 percentage points","BLS LAUS 2016 via Plotly public sample dataset"
"26055","Grand Traverse County","MI","-0.9","0.9","Grand Traverse County, MI","2016 unemployment 4.1%; gap vs county median -0.9 percentage points","BLS LAUS 2016 via Plotly public sample dataset"
"26057","Gratiot County","MI","0","0","Gratiot County, MI","2016 unemployment 5%; gap vs county median 0 percentage points","BLS LAUS 2016 via Plotly public sample dataset"
"26059","Hillsdale County","MI","-0.1","0.1","Hillsdale County, MI","2016 unemployment 4.9%; gap vs county median -0.1 percentage points","BLS LAUS 2016 via Plotly public sample dataset"
"26061","Houghton County","MI","0.9","0.9","Houghton County, MI","2016 unemployment 5.9%; gap vs county median 0.9 percentage points","BLS LAUS 2016 via Plotly public sample dataset"
"26063","Huron County","MI","0","0","Huron County, MI","2016 unemployment 5%; gap vs county median 0 percentage points","BLS LAUS 2016 via Plotly public sample dataset"
"26065","Ingham County","MI","-0.9","0.9","Ingham County, MI","2016 unemployment 4.1%; gap vs county median -0.9 percentage points","BLS LAUS 2016 via Plotly public sample dataset"
"26067","Ionia County","MI","-0.9","0.9","Ionia County, MI","2016 unemployment 4.1%; gap vs county median -0.9 percentage points","BLS LAUS 2016 via Plotly public sample dataset"
"26069","Iosco County","MI","2.1","2.1","Iosco County, MI","2016 unemployment 7.1%; gap vs county median 2.1 percentage points","BLS LAUS 2016 via Plotly public sample dataset"
"26071","Iron County","MI","1.5","1.5","Iron County, MI","2016 unemployment 6.5%; gap vs county median 1.5 percentage points","BLS LAUS 2016 via Plotly public sample dataset"
"26073","Isabella County","MI","-0.5","0.5","Isabella County, MI","2016 unemployment 4.5%; gap vs county median -0.5 percentage points","BLS LAUS 2016 via Plotly public sample dataset"
"26075","Jackson County","MI","-0.3","0.3","Jackson County, MI","2016 unemployment 4.7%; gap vs county median -0.3 percentage points","BLS LAUS 2016 via Plotly public sample dataset"
"26077","Kalamazoo County","MI","-1.1","1.1","Kalamazoo County, MI","2016 unemployment 3.9%; gap vs county median -1.1 percentage points","BLS LAUS 2016 via Plotly public sample dataset"
"26079","Kalkaska County","MI","1.9","1.9","Kalkaska County, MI","2016 unemployment 6.9%; gap vs county median 1.9 percentage points","BLS LAUS 2016 via Plotly public sample dataset"
"26081","Kent County","MI","-1.6","1.6","Kent County, MI","2016 unemployment 3.4%; gap vs county median -1.6 percentage points","BLS LAUS 2016 via Plotly public sample dataset"
"26083","Keweenaw County","MI","3.4","3.4","Keweenaw County, MI","2016 unemployment 8.4%; gap vs county median 3.4 percentage points","BLS LAUS 2016 via Plotly public sample dataset"
"26085","Lake County","MI","2.3","2.3","Lake County, MI","2016 unemployment 7.3%; gap vs county median 2.3 percentage points","BLS LAUS 2016 via Plotly public sample dataset"
"26087","Lapeer County","MI","1.5","1.5","Lapeer County, MI","2016 unemployment 6.5%; gap vs county median 1.5 percentage points","BLS LAUS 2016 via Plotly public sample dataset"
"26089","Leelanau County","MI","-0.3","0.3","Leelanau County, MI","2016 unemployment 4.7%; gap vs county median -0.3 percentage points","BLS LAUS 2016 via Plotly public sample dataset"
"26091","Lenawee County","MI","-0.5","0.5","Lenawee County, MI","2016 unemployment 4.5%; gap vs county median -0.5 percentage points","BLS LAUS 2016 via Plotly public sample dataset"
"26093","Livingston County","MI","-0.8","0.8","Livingston County, MI","2016 unemployment 4.2%; gap vs county median -0.8 percentage points","BLS LAUS 2016 via Plotly public sample dataset"
"26095","Luce County","MI","1.5","1.5","Luce County, MI","2016 unemployment 6.5%; gap vs county median 1.5 percentage points","BLS LAUS 2016 via Plotly public sample dataset"
"26097","Mackinac County","MI","4.4","4.4","Mackinac County, MI","2016 unemployment 9.4%; gap vs county median 4.4 percentage points","BLS LAUS 2016 via Plotly public sample dataset"
"26099","Macomb County","MI","0.3","0.3","Macomb County, MI","2016 unemployment 5.3%; gap vs county median 0.3 percentage points","BLS LAUS 2016 via Plotly public sample dataset"
"26101","Manistee County","MI","1.3","1.3","Manistee County, MI","2016 unemployment 6.3%; gap vs county median 1.3 percentage points","BLS LAUS 2016 via Plotly public sample dataset"
"26103","Marquette County","MI","0.6","0.6","Marquette County, MI","2016 unemployment 5.6%; gap vs county median 0.6 percentage points","BLS LAUS 2016 via Plotly public sample dataset"
"26105","Mason County","MI","0.6","0.6","Mason County, MI","2016 unemployment 5.6%; gap vs county median 0.6 percentage points","BLS LAUS 2016 via Plotly public sample dataset"
"26107","Mecosta County","MI","0.4","0.4","Mecosta County, MI","2016 unemployment 5.4%; gap vs county median 0.4 percentage points","BLS LAUS 2016 via Plotly public sample dataset"
"26109","Menominee County","MI","0.6","0.6","Menominee County, MI","2016 unemployment 5.6%; gap vs county median 0.6 percentage points","BLS LAUS 2016 via Plotly public sample dataset"
"26111","Midland County","MI","-0.5","0.5","Midland County, MI","2016 unemployment 4.5%; gap vs county median -0.5 percentage points","BLS LAUS 2016 via Plotly public sample dataset"
"26113","Missaukee County","MI","0.7","0.7","Missaukee County, MI","2016 unemployment 5.7%; gap vs county median 0.7 percentage points","BLS LAUS 2016 via Plotly public sample dataset"
"26115","Monroe County","MI","-0.7","0.7","Monroe County, MI","2016 unemployment 4.3%; gap vs county median -0.7 percentage points","BLS LAUS 2016 via Plotly public sample dataset"
"26117","Montcalm County","MI","0","0","Montcalm County, MI","2016 unemployment 5%; gap vs county median 0 percentage points","BLS LAUS 2016 via Plotly public sample dataset"
"26119","Montmorency County","MI","4.7","4.7","Montmorency County, MI","2016 unemployment 9.7%; gap vs county median 4.7 percentage points","BLS LAUS 2016 via Plotly public sample dataset"
"26121","Muskegon County","MI","0.2","0.2","Muskegon County, MI","2016 unemployment 5.2%; gap vs county median 0.2 percentage points","BLS LAUS 2016 via Plotly public sample dataset"
"26123","Newaygo County","MI","-0.3","0.3","Newaygo County, MI","2016 unemployment 4.7%; gap vs county median -0.3 percentage points","BLS LAUS 2016 via Plotly public sample dataset"
"26125","Oakland County","MI","-0.8","0.8","Oakland County, MI","2016 unemployment 4.2%; gap vs county median -0.8 percentage points","BLS LAUS 2016 via Plotly public sample dataset"
"26127","Oceana County","MI","2.1","2.1","Oceana County, MI","2016 unemployment 7.1%; gap vs county median 2.1 percentage points","BLS LAUS 2016 via Plotly public sample dataset"
"26129","Ogemaw County","MI","2.5","2.5","Ogemaw County, MI","2016 unemployment 7.5%; gap vs county median 2.5 percentage points","BLS LAUS 2016 via Plotly public sample dataset"
"26131","Ontonagon County","MI","3.3","3.3","Ontonagon County, MI","2016 unemployment 8.3%; gap vs county median 3.3 percentage points","BLS LAUS 2016 via Plotly public sample dataset"
"26133","Osceola County","MI","0.5","0.5","Osceola County, MI","2016 unemployment 5.5%; gap vs county median 0.5 percentage points","BLS LAUS 2016 via Plotly public sample dataset"
"26135","Oscoda County","MI","2.2","2.2","Oscoda County, MI","2016 unemployment 7.2%; gap vs county median 2.2 percentage points","BLS LAUS 2016 via Plotly public sample dataset"
"26137","Otsego County","MI","0.7","0.7","Otsego County, MI","2016 unemployment 5.7%; gap vs county median 0.7 percentage points","BLS LAUS 2016 via Plotly public sample dataset"
"26139","Ottawa County","MI","-1.8","1.8","Ottawa County, MI","2016 unemployment 3.2%; gap vs county median -1.8 percentage points","BLS LAUS 2016 via Plotly public sample dataset"
"26141","Presque Isle County","MI","4.2","4.2","Presque Isle County, MI","2016 unemployment 9.2%; gap vs county median 4.2 percentage points","BLS LAUS 2016 via Plotly public sample dataset"
"26143","Roscommon County","MI","3.1","3.1","Roscommon County, MI","2016 unemployment 8.1%; gap vs county median 3.1 percentage points","BLS LAUS 2016 via Plotly public sample dataset"
"26145","Saginaw County","MI","0.1","0.1","Saginaw County, MI","2016 unemployment 5.1%; gap vs county median 0.1 percentage points","BLS LAUS 2016 via Plotly public sample dataset"
"26147","St. Clair County","MI","1.2","1.2","St. Clair County, MI","2016 unemployment 6.2%; gap vs county median 1.2 percentage points","BLS LAUS 2016 via Plotly public sample dataset"
"26149","St. Joseph County","MI","-1","1","St. Joseph County, MI","2016 unemployment 4%; gap vs county median -1 percentage points","BLS LAUS 2016 via Plotly public sample dataset"
"26151","Sanilac County","MI","1","1","Sanilac County, MI","2016 unemployment 6%; gap vs county median 1 percentage points","BLS LAUS 2016 via Plotly public sample dataset"
"26153","Schoolcraft County","MI","4.1","4.1","Schoolcraft County, MI","2016 unemployment 9.1%; gap vs county median 4.1 percentage points","BLS LAUS 2016 via Plotly public sample dataset"
"26155","Shiawassee County","MI","0.1","0.1","Shiawassee County, MI","2016 unemployment 5.1%; gap vs county median 0.1 percentage points","BLS LAUS 2016 via Plotly public sample dataset"
"26157","Tuscola County","MI","1.1","1.1","Tuscola County, MI","2016 unemployment 6.1%; gap vs county median 1.1 percentage points","BLS LAUS 2016 via Plotly public sample dataset"
"26159","Van Buren County","MI","0.5","0.5","Van Buren County, MI","2016 unemployment 5.5%; gap vs county median 0.5 percentage points","BLS LAUS 2016 via Plotly public sample dataset"
"26161","Washtenaw County","MI","-1.6","1.6","Washtenaw County, MI","2016 unemployment 3.4%; gap vs county median -1.6 percentage points","BLS LAUS 2016 via Plotly public sample dataset"
"26163","Wayne County","MI","1.4","1.4","Wayne County, MI","2016 unemployment 6.4%; gap vs county median 1.4 percentage points","BLS LAUS 2016 via Plotly public sample dataset"
"26165","Wexford County","MI","0.6","0.6","Wexford County, MI","2016 unemployment 5.6%; gap vs county median 0.6 percentage points","BLS LAUS 2016 via Plotly public sample dataset"
"27001","Aitkin County","MN","2","2","Aitkin County, MN","2016 unemployment 7%; gap vs county median 2 percentage points","BLS LAUS 2016 via Plotly public sample dataset"
"27003","Anoka County","MN","-1.2","1.2","Anoka County, MN","2016 unemployment 3.8%; gap vs county median -1.2 percentage points","BLS LAUS 2016 via Plotly public sample dataset"
"27005","Becker County","MN","-0.3","0.3","Becker County, MN","2016 unemployment 4.7%; gap vs county median -0.3 percentage points","BLS LAUS 2016 via Plotly public sample dataset"
"27007","Beltrami County","MN","0.3","0.3","Beltrami County, MN","2016 unemployment 5.3%; gap vs county median 0.3 percentage points","BLS LAUS 2016 via Plotly public sample dataset"
"27009","Benton County","MN","-0.5","0.5","Benton County, MN","2016 unemployment 4.5%; gap vs county median -0.5 percentage points","BLS LAUS 2016 via Plotly public sample dataset"
"27011","Big Stone County","MN","-0.1","0.1","Big Stone County, MN","2016 unemployment 4.9%; gap vs county median -0.1 percentage points","BLS LAUS 2016 via Plotly public sample dataset"
"27013","Blue Earth County","MN","-1.8","1.8","Blue Earth County, MN","2016 unemployment 3.2%; gap vs county median -1.8 percentage points","BLS LAUS 2016 via Plotly public sample dataset"
"27015","Brown County","MN","-0.9","0.9","Brown County, MN","2016 unemployment 4.1%; gap vs county median -0.9 percentage points","BLS LAUS 2016 via Plotly public sample dataset"
"27017","Carlton County","MN","0.4","0.4","Carlton County, MN","2016 unemployment 5.4%; gap vs county median 0.4 percentage points","BLS LAUS 2016 via Plotly public sample dataset"
"27019","Carver County","MN","-1.7","1.7","Carver County, MN","2016 unemployment 3.3%; gap vs county median -1.7 percentage points","BLS LAUS 2016 via Plotly public sample dataset"
"27021","Cass County","MN","1.7","1.7","Cass County, MN","2016 unemployment 6.7%; gap vs county median 1.7 percentage points","BLS LAUS 2016 via Plotly public sample dataset"
"27023","Chippewa County","MN","-0.5","0.5","Chippewa County, MN","2016 unemployment 4.5%; gap vs county median -0.5 percentage points","BLS LAUS 2016 via Plotly public sample dataset"
"27025","Chisago County","MN","-0.6","0.6","Chisago County, MN","2016 unemployment 4.4%; gap vs county median -0.6 percentage points","BLS LAUS 2016 via Plotly public sample dataset"
"27027","Clay County","MN","-1.5","1.5","Clay County, MN","2016 unemployment 3.5%; gap vs county median -1.5 percentage points","BLS LAUS 2016 via Plotly public sample dataset"
"27029","Clearwater County","MN","4.6","4.6","Clearwater County, MN","2016 unemployment 9.6%; gap vs county median 4.6 percentage points","BLS LAUS 2016 via Plotly public sample dataset"
"27031","Cook County","MN","-0.4","0.4","Cook County, MN","2016 unemployment 4.6%; gap vs county median -0.4 percentage points","BLS LAUS 2016 via Plotly public sample dataset"
"27033","Cottonwood County","MN","2.3","2.3","Cottonwood County, MN","2016 unemployment 7.3%; gap vs county median 2.3 percentage points","BLS LAUS 2016 via Plotly public sample dataset"
"27035","Crow Wing County","MN","0.1","0.1","Crow Wing County, MN","2016 unemployment 5.1%; gap vs county median 0.1 percentage points","BLS LAUS 2016 via Plotly public sample dataset"
"27037","Dakota County","MN","-1.6","1.6","Dakota County, MN","2016 unemployment 3.4%; gap vs county median -1.6 percentage points","BLS LAUS 2016 via Plotly public sample dataset"
"27039","Dodge County","MN","-1.2","1.2","Dodge County, MN","2016 unemployment 3.8%; gap vs county median -1.2 percentage points","BLS LAUS 2016 via Plotly public sample dataset"
"27041","Douglas County","MN","-1.5","1.5","Douglas County, MN","2016 unemployment 3.5%; gap vs county median -1.5 percentage points","BLS LAUS 2016 via Plotly public sample dataset"
"27043","Faribault County","MN","-0.6","0.6","Faribault County, MN","2016 unemployment 4.4%; gap vs county median -0.6 percentage points","BLS LAUS 2016 via Plotly public sample dataset"
"27045","Fillmore County","MN","-0.9","0.9","Fillmore County, MN","2016 unemployment 4.1%; gap vs county median -0.9 percentage points","BLS LAUS 2016 via Plotly public sample dataset"
"27047","Freeborn County","MN","-1.1","1.1","Freeborn County, MN","2016 unemployment 3.9%; gap vs county median -1.1 percentage points","BLS LAUS 2016 via Plotly public sample dataset"
"27049","Goodhue County","MN","-1.2","1.2","Goodhue County, MN","2016 unemployment 3.8%; gap vs county median -1.2 percentage points","BLS LAUS 2016 via Plotly public sample dataset"
"27051","Grant County","MN","-0.3","0.3","Grant County, MN","2016 unemployment 4.7%; gap vs county median -0.3 percentage points","BLS LAUS 2016 via Plotly public sample dataset"
"27053","Hennepin County","MN","-1.6","1.6","Hennepin County, MN","2016 unemployment 3.4%; gap vs county median -1.6 percentage points","BLS LAUS 2016 via Plotly public sample dataset"
"27055","Houston County","MN","-1","1","Houston County, MN","2016 unemployment 4%; gap vs county median -1 percentage points","BLS LAUS 2016 via Plotly public sample dataset"
"27057","Hubbard County","MN","1.5","1.5","Hubbard County, MN","2016 unemployment 6.5%; gap vs county median 1.5 percentage points","BLS LAUS 2016 via Plotly public sample dataset"
"27059","Isanti County","MN","-0.3","0.3","Isanti County, MN","2016 unemployment 4.7%; gap vs county median -0.3 percentage points","BLS LAUS 2016 via Plotly public sample dataset"
"27061","Itasca County","MN","3.7","3.7","Itasca County, MN","2016 unemployment 8.7%; gap vs county median 3.7 percentage points","BLS LAUS 2016 via Plotly public sample dataset"
"27063","Jackson County","MN","-0.5","0.5","Jackson County, MN","2016 unemployment 4.5%; gap vs county median -0.5 percentage points","BLS LAUS 2016 via Plotly public sample dataset"
"27065","Kanabec County","MN","1.6","1.6","Kanabec County, MN","2016 unemployment 6.6%; gap vs county median 1.6 percentage points","BLS LAUS 2016 via Plotly public sample dataset"
"27067","Kandiyohi County","MN","-1.2","1.2","Kandiyohi County, MN","2016 unemployment 3.8%; gap vs county median -1.2 percentage points","BLS LAUS 2016 via Plotly public sample dataset"
"27069","Kittson County","MN","-0.3","0.3","Kittson County, MN","2016 unemployment 4.7%; gap vs county median -0.3 percentage points","BLS LAUS 2016 via Plotly public sample dataset"
"27071","Koochiching County","MN","3.5","3.5","Koochiching County, MN","2016 unemployment 8.5%; gap vs county median 3.5 percentage points","BLS LAUS 2016 via Plotly public sample dataset"
"27073","Lac qui Parle County","MN","-0.7","0.7","Lac qui Parle County, MN","2016 unemployment 4.3%; gap vs county median -0.7 percentage points","BLS LAUS 2016 via Plotly public sample dataset"
"27075","Lake County","MN","1.5","1.5","Lake County, MN","2016 unemployment 6.5%; gap vs county median 1.5 percentage points","BLS LAUS 2016 via Plotly public sample dataset"
"27077","Lake of the Woods County","MN","-0.3","0.3","Lake of the Woods County, MN","2016 unemployment 4.7%; gap vs county median -0.3 percentage points","BLS LAUS 2016 via Plotly public sample dataset"
"27079","Le Sueur County","MN","-0.1","0.1","Le Sueur County, MN","2016 unemployment 4.9%; gap vs county median -0.1 percentage points","BLS LAUS 2016 via Plotly public sample dataset"
"27081","Lincoln County","MN","-1.4","1.4","Lincoln County, MN","2016 unemployment 3.6%; gap vs county median -1.4 percentage points","BLS LAUS 2016 via Plotly public sample dataset"
"27083","Lyon County","MN","-1.4","1.4","Lyon County, MN","2016 unemployment 3.6%; gap vs county median -1.4 percentage points","BLS LAUS 2016 via Plotly public sample dataset"
"27085","McLeod County","MN","-0.5","0.5","McLeod County, MN","2016 unemployment 4.5%; gap vs county median -0.5 percentage points","BLS LAUS 2016 via Plotly public sample dataset"
"27087","Mahnomen County","MN","0.7","0.7","Mahnomen County, MN","2016 unemployment 5.7%; gap vs county median 0.7 percentage points","BLS LAUS 2016 via Plotly public sample dataset"
"27089","Marshall County","MN","2.4","2.4","Marshall County, MN","2016 unemployment 7.4%; gap vs county median 2.4 percentage points","BLS LAUS 2016 via Plotly public sample dataset"
"27091","Martin County","MN","-0.8","0.8","Martin County, MN","2016 unemployment 4.2%; gap vs county median -0.8 percentage points","BLS LAUS 2016 via Plotly public sample dataset"
"27093","Meeker County","MN","-0.5","0.5","Meeker County, MN","2016 unemployment 4.5%; gap vs county median -0.5 percentage points","BLS LAUS 2016 via Plotly public sample dataset"
"27095","Mille Lacs County","MN","1","1","Mille Lacs County, MN","2016 unemployment 6%; gap vs county median 1 percentage points","BLS LAUS 2016 via Plotly public sample dataset"
"27097","Morrison County","MN","0.7","0.7","Morrison County, MN","2016 unemployment 5.7%; gap vs county median 0.7 percentage points","BLS LAUS 2016 via Plotly public sample dataset"
"27099","Mower County","MN","-1.8","1.8","Mower County, MN","2016 unemployment 3.2%; gap vs county median -1.8 percentage points","BLS LAUS 2016 via Plotly public sample dataset"
"27101","Murray County","MN","-0.2","0.2","Murray County, MN","2016 unemployment 4.8%; gap vs county median -0.2 percentage points","BLS LAUS 2016 via Plotly public sample dataset"
"27103","Nicollet County","MN","-2.2","2.2","Nicollet County, MN","2016 unemployment 2.8%; gap vs county median -2.2 percentage points","BLS LAUS 2016 via Plotly public sample dataset"
"27105","Nobles County","MN","-1.2","1.2","Nobles County, MN","2016 unemployment 3.8%; gap vs county median -1.2 percentage points","BLS LAUS 2016 via Plotly public sample dataset"
"27107","Norman County","MN","-0.1","0.1","Norman County, MN","2016 unemployment 4.9%; gap vs county median -0.1 percentage points","BLS LAUS 2016 via Plotly public sample dataset"
"27109","Olmsted County","MN","-2","2","Olmsted County, MN","2016 unemployment 3%; gap vs county median -2 percentage points","BLS LAUS 2016 via Plotly public sample dataset"
"27111","Otter Tail County","MN","-0.6","0.6","Otter Tail County, MN","2016 unemployment 4.4%; gap vs county median -0.6 percentage points","BLS LAUS 2016 via Plotly public sample dataset"
"27113","Pennington County","MN","0.8","0.8","Pennington County, MN","2016 unemployment 5.8%; gap vs county median 0.8 percentage points","BLS LAUS 2016 via Plotly public sample dataset"
"27115","Pine County","MN","0.9","0.9","Pine County, MN","2016 unemployment 5.9%; gap vs county median 0.9 percentage points","BLS LAUS 2016 via Plotly public sample dataset"
"27117","Pipestone County","MN","-1.1","1.1","Pipestone County, MN","2016 unemployment 3.9%; gap vs county median -1.1 percentage points","BLS LAUS 2016 via Plotly public sample dataset"
"27119","Polk County","MN","-0.6","0.6","Polk County, MN","2016 unemployment 4.4%; gap vs county median -0.6 percentage points","BLS LAUS 2016 via Plotly public sample dataset"
"27121","Pope County","MN","-1.4","1.4","Pope County, MN","2016 unemployment 3.6%; gap vs county median -1.4 percentage points","BLS LAUS 2016 via Plotly public sample dataset"
"27123","Ramsey County","MN","-1.4","1.4","Ramsey County, MN","2016 unemployment 3.6%; gap vs county median -1.4 percentage points","BLS LAUS 2016 via Plotly public sample dataset"
"27125","Red Lake County","MN","2.2","2.2","Red Lake County, MN","2016 unemployment 7.2%; gap vs county median 2.2 percentage points","BLS LAUS 2016 via Plotly public sample dataset"
"27127","Redwood County","MN","-0.9","0.9","Redwood County, MN","2016 unemployment 4.1%; gap vs county median -0.9 percentage points","BLS LAUS 2016 via Plotly public sample dataset"
"27129","Renville County","MN","0.3","0.3","Renville County, MN","2016 unemployment 5.3%; gap vs county median 0.3 percentage points","BLS LAUS 2016 via Plotly public sample dataset"
"27131","Rice County","MN","-1.5","1.5","Rice County, MN","2016 unemployment 3.5%; gap vs county median -1.5 percentage points","BLS LAUS 2016 via Plotly public sample dataset"
"27133","Rock County","MN","-2.7","2.7","Rock County, MN","2016 unemployment 2.3%; gap vs county median -2.7 percentage points","BLS LAUS 2016 via Plotly public sample dataset"
"27135","Roseau County","MN","0.1","0.1","Roseau County, MN","2016 unemployment 5.1%; gap vs county median 0.1 percentage points","BLS LAUS 2016 via Plotly public sample dataset"
"27137","St. Louis County","MN","0.8","0.8","St. Louis County, MN","2016 unemployment 5.8%; gap vs county median 0.8 percentage points","BLS LAUS 2016 via Plotly public sample dataset"
"27139","Scott County","MN","-1.7","1.7","Scott County, MN","2016 unemployment 3.3%; gap vs county median -1.7 percentage points","BLS LAUS 2016 via Plotly public sample dataset"
"27141","Sherburne County","MN","-0.9","0.9","Sherburne County, MN","2016 unemployment 4.1%; gap vs county median -0.9 percentage points","BLS LAUS 2016 via Plotly public sample dataset"
"27143","Sibley County","MN","-0.7","0.7","Sibley County, MN","2016 unemployment 4.3%; gap vs county median -0.7 percentage points","BLS LAUS 2016 via Plotly public sample dataset"
"27145","Stearns County","MN","-1.2","1.2","Stearns County, MN","2016 unemployment 3.8%; gap vs county median -1.2 percentage points","BLS LAUS 2016 via Plotly public sample dataset"
"27147","Steele County","MN","-1.4","1.4","Steele County, MN","2016 unemployment 3.6%; gap vs county median -1.4 percentage points","BLS LAUS 2016 via Plotly public sample dataset"
"27149","Stevens County","MN","-2","2","Stevens County, MN","2016 unemployment 3%; gap vs county median -2 percentage points","BLS LAUS 2016 via Plotly public sample dataset"
"27151","Swift County","MN","0.3","0.3","Swift County, MN","2016 unemployment 5.3%; gap vs county median 0.3 percentage points","BLS LAUS 2016 via Plotly public sample dataset"
"27153","Todd County","MN","-0.3","0.3","Todd County, MN","2016 unemployment 4.7%; gap vs county median -0.3 percentage points","BLS LAUS 2016 via Plotly public sample dataset"
"27155","Traverse County","MN","-1.3","1.3","Traverse County, MN","2016 unemployment 3.7%; gap vs county median -1.3 percentage points","BLS LAUS 2016 via Plotly public sample dataset"
"27157","Wabasha County","MN","-1.3","1.3","Wabasha County, MN","2016 unemployment 3.7%; gap vs county median -1.3 percentage points","BLS LAUS 2016 via Plotly public sample dataset"
"27159","Wadena County","MN","1","1","Wadena County, MN","2016 unemployment 6%; gap vs county median 1 percentage points","BLS LAUS 2016 via Plotly public sample dataset"
"27161","Waseca County","MN","-0.7","0.7","Waseca County, MN","2016 unemployment 4.3%; gap vs county median -0.7 percentage points","BLS LAUS 2016 via Plotly public sample dataset"
"27163","Washington County","MN","-1.6","1.6","Washington County, MN","2016 unemployment 3.4%; gap vs county median -1.6 percentage points","BLS LAUS 2016 via Plotly public sample dataset"
"27165","Watonwan County","MN","0","0","Watonwan County, MN","2016 unemployment 5%; gap vs county median 0 percentage points","BLS LAUS 2016 via Plotly public sample dataset"
"27167","Wilkin County","MN","-1.7","1.7","Wilkin County, MN","2016 unemployment 3.3%; gap vs county median -1.7 percentage points","BLS LAUS 2016 via Plotly public sample dataset"
"27169","Winona County","MN","-1.4","1.4","Winona County, MN","2016 unemployment 3.6%; gap vs county median -1.4 percentage points","BLS LAUS 2016 via Plotly public sample dataset"
"27171","Wright County","MN","-1.1","1.1","Wright County, MN","2016 unemployment 3.9%; gap vs county median -1.1 percentage points","BLS LAUS 2016 via Plotly public sample dataset"
"27173","Yellow Medicine County","MN","-1.1","1.1","Yellow Medicine County, MN","2016 unemployment 3.9%; gap vs county median -1.1 percentage points","BLS LAUS 2016 via Plotly public sample dataset"
"28001","Adams County","MS","3.3","3.3","Adams County, MS","2016 unemployment 8.3%; gap vs county median 3.3 percentage points","BLS LAUS 2016 via Plotly public sample dataset"
"28003","Alcorn County","MS","0.2","0.2","Alcorn County, MS","2016 unemployment 5.2%; gap vs county median 0.2 percentage points","BLS LAUS 2016 via Plotly public sample dataset"
"28005","Amite County","MS","2.4","2.4","Amite County, MS","2016 unemployment 7.4%; gap vs county median 2.4 percentage points","BLS LAUS 2016 via Plotly public sample dataset"
"28007","Attala County","MS","1.7","1.7","Attala County, MS","2016 unemployment 6.7%; gap vs county median 1.7 percentage points","BLS LAUS 2016 via Plotly public sample dataset"
"28009","Benton County","MS","1.7","1.7","Benton County, MS","2016 unemployment 6.7%; gap vs county median 1.7 percentage points","BLS LAUS 2016 via Plotly public sample dataset"
"28011","Bolivar County","MS","2.3","2.3","Bolivar County, MS","2016 unemployment 7.3%; gap vs county median 2.3 percentage points","BLS LAUS 2016 via Plotly public sample dataset"
"28013","Calhoun County","MS","0.4","0.4","Calhoun County, MS","2016 unemployment 5.4%; gap vs county median 0.4 percentage points","BLS LAUS 2016 via Plotly public sample dataset"
"28015","Carroll County","MS","2.5","2.5","Carroll County, MS","2016 unemployment 7.5%; gap vs county median 2.5 percentage points","BLS LAUS 2016 via Plotly public sample dataset"
"28017","Chickasaw County","MS","1.6","1.6","Chickasaw County, MS","2016 unemployment 6.6%; gap vs county median 1.6 percentage points","BLS LAUS 2016 via Plotly public sample dataset"
"28019","Choctaw County","MS","0.7","0.7","Choctaw County, MS","2016 unemployment 5.7%; gap vs county median 0.7 percentage points","BLS LAUS 2016 via Plotly public sample dataset"
"28021","Claiborne County","MS","6.4","6.4","Claiborne County, MS","2016 unemployment 11.4%; gap vs county median 6.4 percentage points","BLS LAUS 2016 via Plotly public sample dataset"
"28023","Clarke County","MS","1.8","1.8","Clarke County, MS","2016 unemployment 6.8%; gap vs county median 1.8 percentage points","BLS LAUS 2016 via Plotly public sample dataset"
"28025","Clay County","MS","3.1","3.1","Clay County, MS","2016 unemployment 8.1%; gap vs county median 3.1 percentage points","BLS LAUS 2016 via Plotly public sample dataset"
"28027","Coahoma County","MS","3.8","3.8","Coahoma County, MS","2016 unemployment 8.8%; gap vs county median 3.8 percentage points","BLS LAUS 2016 via Plotly public sample dataset"
"28029","Copiah County","MS","1.5","1.5","Copiah County, MS","2016 unemployment 6.5%; gap vs county median 1.5 percentage points","BLS LAUS 2016 via Plotly public sample dataset"
"28031","Covington County","MS","0.5","0.5","Covington County, MS","2016 unemployment 5.5%; gap vs county median 0.5 percentage points","BLS LAUS 2016 via Plotly public sample dataset"
"28033","DeSoto County","MS","-0.8","0.8","DeSoto County, MS","2016 unemployment 4.2%; gap vs county median -0.8 percentage points","BLS LAUS 2016 via Plotly public sample dataset"
"28035","Forrest County","MS","0.7","0.7","Forrest County, MS","2016 unemployment 5.7%; gap vs county median 0.7 percentage points","BLS LAUS 2016 via Plotly public sample dataset"
"28037","Franklin County","MS","2.2","2.2","Franklin County, MS","2016 unemployment 7.2%; gap vs county median 2.2 percentage points","BLS LAUS 2016 via Plotly public sample dataset"
"28039","George County","MS","2.4","2.4","George County, MS","2016 unemployment 7.4%; gap vs county median 2.4 percentage points","BLS LAUS 2016 via Plotly public sample dataset"
"28041","Greene County","MS","2.3","2.3","Greene County, MS","2016 unemployment 7.3%; gap vs county median 2.3 percentage points","BLS LAUS 2016 via Plotly public sample dataset"
"28043","Grenada County","MS","0.2","0.2","Grenada County, MS","2016 unemployment 5.2%; gap vs county median 0.2 percentage points","BLS LAUS 2016 via Plotly public sample dataset"
"28045","Hancock County","MS","1.1","1.1","Hancock County, MS","2016 unemployment 6.1%; gap vs county median 1.1 percentage points","BLS LAUS 2016 via Plotly public sample dataset"
"28047","Harrison County","MS","0.5","0.5","Harrison County, MS","2016 unemployment 5.5%; gap vs county median 0.5 percentage points","BLS LAUS 2016 via Plotly public sample dataset"
"28049","Hinds County","MS","0.4","0.4","Hinds County, MS","2016 unemployment 5.4%; gap vs county median 0.4 percentage points","BLS LAUS 2016 via Plotly public sample dataset"
"28051","Holmes County","MS","6","6","Holmes County, MS","2016 unemployment 11%; gap vs county median 6 percentage points","BLS LAUS 2016 via Plotly public sample dataset"
"28053","Humphreys County","MS","6.4","6.4","Humphreys County, MS","2016 unemployment 11.4%; gap vs county median 6.4 percentage points","BLS LAUS 2016 via Plotly public sample dataset"
"28055","Issaquena County","MS","9.3","9.3","Issaquena County, MS","2016 unemployment 14.3%; gap vs county median 9.3 percentage points","BLS LAUS 2016 via Plotly public sample dataset"
"28057","Itawamba County","MS","0","0","Itawamba County, MS","2016 unemployment 5%; gap vs county median 0 percentage points","BLS LAUS 2016 via Plotly public sample dataset"
"28059","Jackson County","MS","1.5","1.5","Jackson County, MS","2016 unemployment 6.5%; gap vs county median 1.5 percentage points","BLS LAUS 2016 via Plotly public sample dataset"
"28061","Jasper County","MS","2.7","2.7","Jasper County, MS","2016 unemployment 7.7%; gap vs county median 2.7 percentage points","BLS LAUS 2016 via Plotly public sample dataset"
"28063","Jefferson County","MS","9.9","9.9","Jefferson County, MS","2016 unemployment 14.9%; gap vs county median 9.9 percentage points","BLS LAUS 2016 via Plotly public sample dataset"
"28065","Jefferson Davis County","MS","3.3","3.3","Jefferson Davis County, MS","2016 unemployment 8.3%; gap vs county median 3.3 percentage points","BLS LAUS 2016 via Plotly public sample dataset"
"28067","Jones County","MS","1.1","1.1","Jones County, MS","2016 unemployment 6.1%; gap vs county median 1.1 percentage points","BLS LAUS 2016 via Plotly public sample dataset"
"28069","Kemper County","MS","3.7","3.7","Kemper County, MS","2016 unemployment 8.7%; gap vs county median 3.7 percentage points","BLS LAUS 2016 via Plotly public sample dataset"
"28071","Lafayette County","MS","-0.2","0.2","Lafayette County, MS","2016 unemployment 4.8%; gap vs county median -0.2 percentage points","BLS LAUS 2016 via Plotly public sample dataset"
"28073","Lamar County","MS","-0.5","0.5","Lamar County, MS","2016 unemployment 4.5%; gap vs county median -0.5 percentage points","BLS LAUS 2016 via Plotly public sample dataset"
"28075","Lauderdale County","MS","0.9","0.9","Lauderdale County, MS","2016 unemployment 5.9%; gap vs county median 0.9 percentage points","BLS LAUS 2016 via Plotly public sample dataset"
"28077","Lawrence County","MS","2.1","2.1","Lawrence County, MS","2016 unemployment 7.1%; gap vs county median 2.1 percentage points","BLS LAUS 2016 via Plotly public sample dataset"
"28079","Leake County","MS","1.1","1.1","Leake County, MS","2016 unemployment 6.1%; gap vs county median 1.1 percentage points","BLS LAUS 2016 via Plotly public sample dataset"
"28081","Lee County","MS","-0.2","0.2","Lee County, MS","2016 unemployment 4.8%; gap vs county median -0.2 percentage points","BLS LAUS 2016 via Plotly public sample dataset"
"28083","Leflore County","MS","4.3","4.3","Leflore County, MS","2016 unemployment 9.3%; gap vs county median 4.3 percentage points","BLS LAUS 2016 via Plotly public sample dataset"
"28085","Lincoln County","MS","0.7","0.7","Lincoln County, MS","2016 unemployment 5.7%; gap vs county median 0.7 percentage points","BLS LAUS 2016 via Plotly public sample dataset"
"28087","Lowndes County","MS","1.2","1.2","Lowndes County, MS","2016 unemployment 6.2%; gap vs county median 1.2 percentage points","BLS LAUS 2016 via Plotly public sample dataset"
"28089","Madison County","MS","-0.7","0.7","Madison County, MS","2016 unemployment 4.3%; gap vs county median -0.7 percentage points","BLS LAUS 2016 via Plotly public sample dataset"
"28091","Marion County","MS","1.6","1.6","Marion County, MS","2016 unemployment 6.6%; gap vs county median 1.6 percentage points","BLS LAUS 2016 via Plotly public sample dataset"
"28093","Marshall County","MS","1","1","Marshall County, MS","2016 unemployment 6%; gap vs county median 1 percentage points","BLS LAUS 2016 via Plotly public sample dataset"
"28095","Monroe County","MS","1.3","1.3","Monroe County, MS","2016 unemployment 6.3%; gap vs county median 1.3 percentage points","BLS LAUS 2016 via Plotly public sample dataset"
"28097","Montgomery County","MS","1.4","1.4","Montgomery County, MS","2016 unemployment 6.4%; gap vs county median 1.4 percentage points","BLS LAUS 2016 via Plotly public sample dataset"
"28099","Neshoba County","MS","0.8","0.8","Neshoba County, MS","2016 unemployment 5.8%; gap vs county median 0.8 percentage points","BLS LAUS 2016 via Plotly public sample dataset"
"28101","Newton County","MS","1","1","Newton County, MS","2016 unemployment 6%; gap vs county median 1 percentage points","BLS LAUS 2016 via Plotly public sample dataset"
"28103","Noxubee County","MS","3.3","3.3","Noxubee County, MS","2016 unemployment 8.3%; gap vs county median 3.3 percentage points","BLS LAUS 2016 via Plotly public sample dataset"
"28105","Oktibbeha County","MS","0.5","0.5","Oktibbeha County, MS","2016 unemployment 5.5%; gap vs county median 0.5 percentage points","BLS LAUS 2016 via Plotly public sample dataset"
"28107","Panola County","MS","2.4","2.4","Panola County, MS","2016 unemployment 7.4%; gap vs county median 2.4 percentage points","BLS LAUS 2016 via Plotly public sample dataset"
"28109","Pearl River County","MS","1","1","Pearl River County, MS","2016 unemployment 6%; gap vs county median 1 percentage points","BLS LAUS 2016 via Plotly public sample dataset"
"28111","Perry County","MS","2.1","2.1","Perry County, MS","2016 unemployment 7.1%; gap vs county median 2.1 percentage points","BLS LAUS 2016 via Plotly public sample dataset"
"28113","Pike County","MS","1.8","1.8","Pike County, MS","2016 unemployment 6.8%; gap vs county median 1.8 percentage points","BLS LAUS 2016 via Plotly public sample dataset"
"28115","Pontotoc County","MS","-0.2","0.2","Pontotoc County, MS","2016 unemployment 4.8%; gap vs county median -0.2 percentage points","BLS LAUS 2016 via Plotly public sample dataset"
"28117","Prentiss County","MS","0.5","0.5","Prentiss County, MS","2016 unemployment 5.5%; gap vs county median 0.5 percentage points","BLS LAUS 2016 via Plotly public sample dataset"
"28119","Quitman County","MS","4.7","4.7","Quitman County, MS","2016 unemployment 9.7%; gap vs county median 4.7 percentage points","BLS LAUS 2016 via Plotly public sample dataset"
"28121","Rankin County","MS","-1","1","Rankin County, MS","2016 unemployment 4%; gap vs county median -1 percentage points","BLS LAUS 2016 via Plotly public sample dataset"
"28123","Scott County","MS","-0.4","0.4","Scott County, MS","2016 unemployment 4.6%; gap vs county median -0.4 percentage points","BLS LAUS 2016 via Plotly public sample dataset"
"28125","Sharkey County","MS","3.9","3.9","Sharkey County, MS","2016 unemployment 8.9%; gap vs county median 3.9 percentage points","BLS LAUS 2016 via Plotly public sample dataset"
"28127","Simpson County","MS","0.4","0.4","Simpson County, MS","2016 unemployment 5.4%; gap vs county median 0.4 percentage points","BLS LAUS 2016 via Plotly public sample dataset"
"28129","Smith County","MS","0.3","0.3","Smith County, MS","2016 unemployment 5.3%; gap vs county median 0.3 percentage points","BLS LAUS 2016 via Plotly public sample dataset"
"28131","Stone County","MS","1.7","1.7","Stone County, MS","2016 unemployment 6.7%; gap vs county median 1.7 percentage points","BLS LAUS 2016 via Plotly public sample dataset"
"28133","Sunflower County","MS","4.5","4.5","Sunflower County, MS","2016 unemployment 9.5%; gap vs county median 4.5 percentage points","BLS LAUS 2016 via Plotly public sample dataset"
"28135","Tallahatchie County","MS","1.8","1.8","Tallahatchie County, MS","2016 unemployment 6.8%; gap vs county median 1.8 percentage points","BLS LAUS 2016 via Plotly public sample dataset"
"28137","Tate County","MS","0.8","0.8","Tate County, MS","2016 unemployment 5.8%; gap vs county median 0.8 percentage points","BLS LAUS 2016 via Plotly public sample dataset"
"28139","Tippah County","MS","0.5","0.5","Tippah County, MS","2016 unemployment 5.5%; gap vs county median 0.5 percentage points","BLS LAUS 2016 via Plotly public sample dataset"
"28141","Tishomingo County","MS","0.5","0.5","Tishomingo County, MS","2016 unemployment 5.5%; gap vs county median 0.5 percentage points","BLS LAUS 2016 via Plotly public sample dataset"
"28143","Tunica County","MS","2.1","2.1","Tunica County, MS","2016 unemployment 7.1%; gap vs county median 2.1 percentage points","BLS LAUS 2016 via Plotly public sample dataset"
"28145","Union County","MS","-0.6","0.6","Union County, MS","2016 unemployment 4.4%; gap vs county median -0.6 percentage points","BLS LAUS 2016 via Plotly public sample dataset"
"28147","Walthall County","MS","2.7","2.7","Walthall County, MS","2016 unemployment 7.7%; gap vs county median 2.7 percentage points","BLS LAUS 2016 via Plotly public sample dataset"
"28149","Warren County","MS","1.4","1.4","Warren County, MS","2016 unemployment 6.4%; gap vs county median 1.4 percentage points","BLS LAUS 2016 via Plotly public sample dataset"
"28151","Washington County","MS","4","4","Washington County, MS","2016 unemployment 9%; gap vs county median 4 percentage points","BLS LAUS 2016 via Plotly public sample dataset"
"28153","Wayne County","MS","2.3","2.3","Wayne County, MS","2016 unemployment 7.3%; gap vs county median 2.3 percentage points","BLS LAUS 2016 via Plotly public sample dataset"
"28155","Webster County","MS","1.3","1.3","Webster County, MS","2016 unemployment 6.3%; gap vs county median 1.3 percentage points","BLS LAUS 2016 via Plotly public sample dataset"
"28157","Wilkinson County","MS","5.2","5.2","Wilkinson County, MS","2016 unemployment 10.2%; gap vs county median 5.2 percentage points","BLS LAUS 2016 via Plotly public sample dataset"
"28159","Winston County","MS","2.1","2.1","Winston County, MS","2016 unemployment 7.1%; gap vs county median 2.1 percentage points","BLS LAUS 2016 via Plotly public sample dataset"
"28161","Yalobusha County","MS","1.2","1.2","Yalobusha County, MS","2016 unemployment 6.2%; gap vs county median 1.2 percentage points","BLS LAUS 2016 via Plotly public sample dataset"
"28163","Yazoo County","MS","2.4","2.4","Yazoo County, MS","2016 unemployment 7.4%; gap vs county median 2.4 percentage points","BLS LAUS 2016 via Plotly public sample dataset"
"29001","Adair County","MO","0.7","0.7","Adair County, MO","2016 unemployment 5.7%; gap vs county median 0.7 percentage points","BLS LAUS 2016 via Plotly public sample dataset"
"29003","Andrew County","MO","-1.2","1.2","Andrew County, MO","2016 unemployment 3.8%; gap vs county median -1.2 percentage points","BLS LAUS 2016 via Plotly public sample dataset"
"29005","Atchison County","MO","-0.4","0.4","Atchison County, MO","2016 unemployment 4.6%; gap vs county median -0.4 percentage points","BLS LAUS 2016 via Plotly public sample dataset"
"29007","Audrain County","MO","-0.8","0.8","Audrain County, MO","2016 unemployment 4.2%; gap vs county median -0.8 percentage points","BLS LAUS 2016 via Plotly public sample dataset"
"29009","Barry County","MO","-0.5","0.5","Barry County, MO","2016 unemployment 4.5%; gap vs county median -0.5 percentage points","BLS LAUS 2016 via Plotly public sample dataset"
"29011","Barton County","MO","0.2","0.2","Barton County, MO","2016 unemployment 5.2%; gap vs county median 0.2 percentage points","BLS LAUS 2016 via Plotly public sample dataset"
"29013","Bates County","MO","0.3","0.3","Bates County, MO","2016 unemployment 5.3%; gap vs county median 0.3 percentage points","BLS LAUS 2016 via Plotly public sample dataset"
"29015","Benton County","MO","1.1","1.1","Benton County, MO","2016 unemployment 6.1%; gap vs county median 1.1 percentage points","BLS LAUS 2016 via Plotly public sample dataset"
"29017","Bollinger County","MO","0.1","0.1","Bollinger County, MO","2016 unemployment 5.1%; gap vs county median 0.1 percentage points","BLS LAUS 2016 via Plotly public sample dataset"
"29019","Boone County","MO","-1.8","1.8","Boone County, MO","2016 unemployment 3.2%; gap vs county median -1.8 percentage points","BLS LAUS 2016 via Plotly public sample dataset"
"29021","Buchanan County","MO","-0.9","0.9","Buchanan County, MO","2016 unemployment 4.1%; gap vs county median -0.9 percentage points","BLS LAUS 2016 via Plotly public sample dataset"
"29023","Butler County","MO","0.7","0.7","Butler County, MO","2016 unemployment 5.7%; gap vs county median 0.7 percentage points","BLS LAUS 2016 via Plotly public sample dataset"
"29025","Caldwell County","MO","-0.4","0.4","Caldwell County, MO","2016 unemployment 4.6%; gap vs county median -0.4 percentage points","BLS LAUS 2016 via Plotly public sample dataset"
"29027","Callaway County","MO","-0.9","0.9","Callaway County, MO","2016 unemployment 4.1%; gap vs county median -0.9 percentage points","BLS LAUS 2016 via Plotly public sample dataset"
"29029","Camden County","MO","0.7","0.7","Camden County, MO","2016 unemployment 5.7%; gap vs county median 0.7 percentage points","BLS LAUS 2016 via Plotly public sample dataset"
"29031","Cape Girardeau County","MO","-0.7","0.7","Cape Girardeau County, MO","2016 unemployment 4.3%; gap vs county median -0.7 percentage points","BLS LAUS 2016 via Plotly public sample dataset"
"29033","Carroll County","MO","0.4","0.4","Carroll County, MO","2016 unemployment 5.4%; gap vs county median 0.4 percentage points","BLS LAUS 2016 via Plotly public sample dataset"
"29035","Carter County","MO","2","2","Carter County, MO","2016 unemployment 7%; gap vs county median 2 percentage points","BLS LAUS 2016 via Plotly public sample dataset"
"29037","Cass County","MO","-0.9","0.9","Cass County, MO","2016 unemployment 4.1%; gap vs county median -0.9 percentage points","BLS LAUS 2016 via Plotly public sample dataset"
"29039","Cedar County","MO","0","0","Cedar County, MO","2016 unemployment 5%; gap vs county median 0 percentage points","BLS LAUS 2016 via Plotly public sample dataset"
"29041","Chariton County","MO","-0.7","0.7","Chariton County, MO","2016 unemployment 4.3%; gap vs county median -0.7 percentage points","BLS LAUS 2016 via Plotly public sample dataset"
"29043","Christian County","MO","-1.1","1.1","Christian County, MO","2016 unemployment 3.9%; gap vs county median -1.1 percentage points","BLS LAUS 2016 via Plotly public sample dataset"
"29045","Clark County","MO","2.3","2.3","Clark County, MO","2016 unemployment 7.3%; gap vs county median 2.3 percentage points","BLS LAUS 2016 via Plotly public sample dataset"
"29047","Clay County","MO","-1.1","1.1","Clay County, MO","2016 unemployment 3.9%; gap vs county median -1.1 percentage points","BLS LAUS 2016 via Plotly public sample dataset"
"29049","Clinton County","MO","-0.8","0.8","Clinton County, MO","2016 unemployment 4.2%; gap vs county median -0.8 percentage points","BLS LAUS 2016 via Plotly public sample dataset"
"29051","Cole County","MO","-1.4","1.4","Cole County, MO","2016 unemployment 3.6%; gap vs county median -1.4 percentage points","BLS LAUS 2016 via Plotly public sample dataset"
"29053","Cooper County","MO","-0.1","0.1","Cooper County, MO","2016 unemployment 4.9%; gap vs county median -0.1 percentage points","BLS LAUS 2016 via Plotly public sample dataset"
"29055","Crawford County","MO","0.3","0.3","Crawford County, MO","2016 unemployment 5.3%; gap vs county median 0.3 percentage points","BLS LAUS 2016 via Plotly public sample dataset"
"29057","Dade County","MO","-0.6","0.6","Dade County, MO","2016 unemployment 4.4%; gap vs county median -0.6 percentage points","BLS LAUS 2016 via Plotly public sample dataset"
"29059","Dallas County","MO","0.5","0.5","Dallas County, MO","2016 unemployment 5.5%; gap vs county median 0.5 percentage points","BLS LAUS 2016 via Plotly public sample dataset"
"29061","Daviess County","MO","-1.2","1.2","Daviess County, MO","2016 unemployment 3.8%; gap vs county median -1.2 percentage points","BLS LAUS 2016 via Plotly public sample dataset"
"29063","DeKalb County","MO","-0.6","0.6","DeKalb County, MO","2016 unemployment 4.4%; gap vs county median -0.6 percentage points","BLS LAUS 2016 via Plotly public sample dataset"
"29065","Dent County","MO","0.4","0.4","Dent County, MO","2016 unemployment 5.4%; gap vs county median 0.4 percentage points","BLS LAUS 2016 via Plotly public sample dataset"
"29067","Douglas County","MO","1.1","1.1","Douglas County, MO","2016 unemployment 6.1%; gap vs county median 1.1 percentage points","BLS LAUS 2016 via Plotly public sample dataset"
"29069","Dunklin County","MO","3.2","3.2","Dunklin County, MO","2016 unemployment 8.2%; gap vs county median 3.2 percentage points","BLS LAUS 2016 via Plotly public sample dataset"
"29071","Franklin County","MO","-0.6","0.6","Franklin County, MO","2016 unemployment 4.4%; gap vs county median -0.6 percentage points","BLS LAUS 2016 via Plotly public sample dataset"
"29073","Gasconade County","MO","-0.7","0.7","Gasconade County, MO","2016 unemployment 4.3%; gap vs county median -0.7 percentage points","BLS LAUS 2016 via Plotly public sample dataset"
"29075","Gentry County","MO","-1.3","1.3","Gentry County, MO","2016 unemployment 3.7%; gap vs county median -1.3 percentage points","BLS LAUS 2016 via Plotly public sample dataset"
"29077","Greene County","MO","-1.2","1.2","Greene County, MO","2016 unemployment 3.8%; gap vs county median -1.2 percentage points","BLS LAUS 2016 via Plotly public sample dataset"
"29079","Grundy County","MO","-0.4","0.4","Grundy County, MO","2016 unemployment 4.6%; gap vs county median -0.4 percentage points","BLS LAUS 2016 via Plotly public sample dataset"
"29081","Harrison County","MO","-0.8","0.8","Harrison County, MO","2016 unemployment 4.2%; gap vs county median -0.8 percentage points","BLS LAUS 2016 via Plotly public sample dataset"
"29083","Henry County","MO","0","0","Henry County, MO","2016 unemployment 5%; gap vs county median 0 percentage points","BLS LAUS 2016 via Plotly public sample dataset"
"29085","Hickory County","MO","0.6","0.6","Hickory County, MO","2016 unemployment 5.6%; gap vs county median 0.6 percentage points","BLS LAUS 2016 via Plotly public sample dataset"
"29087","Holt County","MO","-1.7","1.7","Holt County, MO","2016 unemployment 3.3%; gap vs county median -1.7 percentage points","BLS LAUS 2016 via Plotly public sample dataset"
"29089","Howard County","MO","-0.6","0.6","Howard County, MO","2016 unemployment 4.4%; gap vs county median -0.6 percentage points","BLS LAUS 2016 via Plotly public sample dataset"
"29091","Howell County","MO","1.3","1.3","Howell County, MO","2016 unemployment 6.3%; gap vs county median 1.3 percentage points","BLS LAUS 2016 via Plotly public sample dataset"
"29093","Iron County","MO","2.1","2.1","Iron County, MO","2016 unemployment 7.1%; gap vs county median 2.1 percentage points","BLS LAUS 2016 via Plotly public sample dataset"
"29095","Jackson County","MO","0.1","0.1","Jackson County, MO","2016 unemployment 5.1%; gap vs county median 0.1 percentage points","BLS LAUS 2016 via Plotly public sample dataset"
"29097","Jasper County","MO","-0.9","0.9","Jasper County, MO","2016 unemployment 4.1%; gap vs county median -0.9 percentage points","BLS LAUS 2016 via Plotly public sample dataset"
"29099","Jefferson County","MO","-0.7","0.7","Jefferson County, MO","2016 unemployment 4.3%; gap vs county median -0.7 percentage points","BLS LAUS 2016 via Plotly public sample dataset"
"29101","Johnson County","MO","-0.1","0.1","Johnson County, MO","2016 unemployment 4.9%; gap vs county median -0.1 percentage points","BLS LAUS 2016 via Plotly public sample dataset"
"29103","Knox County","MO","-1.5","1.5","Knox County, MO","2016 unemployment 3.5%; gap vs county median -1.5 percentage points","BLS LAUS 2016 via Plotly public sample dataset"
"29105","Laclede County","MO","0.5","0.5","Laclede County, MO","2016 unemployment 5.5%; gap vs county median 0.5 percentage points","BLS LAUS 2016 via Plotly public sample dataset"
"29107","Lafayette County","MO","-0.7","0.7","Lafayette County, MO","2016 unemployment 4.3%; gap vs county median -0.7 percentage points","BLS LAUS 2016 via Plotly public sample dataset"
"29109","Lawrence County","MO","-0.7","0.7","Lawrence County, MO","2016 unemployment 4.3%; gap vs county median -0.7 percentage points","BLS LAUS 2016 via Plotly public sample dataset"
"29111","Lewis County","MO","-0.5","0.5","Lewis County, MO","2016 unemployment 4.5%; gap vs county median -0.5 percentage points","BLS LAUS 2016 via Plotly public sample dataset"
"29113","Lincoln County","MO","-0.5","0.5","Lincoln County, MO","2016 unemployment 4.5%; gap vs county median -0.5 percentage points","BLS LAUS 2016 via Plotly public sample dataset"
"29115","Linn County","MO","1.8","1.8","Linn County, MO","2016 unemployment 6.8%; gap vs county median 1.8 percentage points","BLS LAUS 2016 via Plotly public sample dataset"
"29117","Livingston County","MO","-1.1","1.1","Livingston County, MO","2016 unemployment 3.9%; gap vs county median -1.1 percentage points","BLS LAUS 2016 via Plotly public sample dataset"
"29119","McDonald County","MO","-0.7","0.7","McDonald County, MO","2016 unemployment 4.3%; gap vs county median -0.7 percentage points","BLS LAUS 2016 via Plotly public sample dataset"
"29121","Macon County","MO","-0.2","0.2","Macon County, MO","2016 unemployment 4.8%; gap vs county median -0.2 percentage points","BLS LAUS 2016 via Plotly public sample dataset"
"29123","Madison County","MO","0.5","0.5","Madison County, MO","2016 unemployment 5.5%; gap vs county median 0.5 percentage points","BLS LAUS 2016 via Plotly public sample dataset"
"29125","Maries County","MO","0","0","Maries County, MO","2016 unemployment 5%; gap vs county median 0 percentage points","BLS LAUS 2016 via Plotly public sample dataset"
"29127","Marion County","MO","-0.7","0.7","Marion County, MO","2016 unemployment 4.3%; gap vs county median -0.7 percentage points","BLS LAUS 2016 via Plotly public sample dataset"
"29129","Mercer County","MO","-0.4","0.4","Mercer County, MO","2016 unemployment 4.6%; gap vs county median -0.4 percentage points","BLS LAUS 2016 via Plotly public sample dataset"
"29131","Miller County","MO","0.2","0.2","Miller County, MO","2016 unemployment 5.2%; gap vs county median 0.2 percentage points","BLS LAUS 2016 via Plotly public sample dataset"
"29133","Mississippi County","MO","1.6","1.6","Mississippi County, MO","2016 unemployment 6.6%; gap vs county median 1.6 percentage points","BLS LAUS 2016 via Plotly public sample dataset"
"29135","Moniteau County","MO","-0.7","0.7","Moniteau County, MO","2016 unemployment 4.3%; gap vs county median -0.7 percentage points","BLS LAUS 2016 via Plotly public sample dataset"
"29137","Monroe County","MO","-0.2","0.2","Monroe County, MO","2016 unemployment 4.8%; gap vs county median -0.2 percentage points","BLS LAUS 2016 via Plotly public sample dataset"
"29139","Montgomery County","MO","-0.4","0.4","Montgomery County, MO","2016 unemployment 4.6%; gap vs county median -0.4 percentage points","BLS LAUS 2016 via Plotly public sample dataset"
"29141","Morgan County","MO","0.8","0.8","Morgan County, MO","2016 unemployment 5.8%; gap vs county median 0.8 percentage points","BLS LAUS 2016 via Plotly public sample dataset"
"29143","New Madrid County","MO","4.3","4.3","New Madrid County, MO","2016 unemployment 9.3%; gap vs county median 4.3 percentage points","BLS LAUS 2016 via Plotly public sample dataset"
"29145","Newton County","MO","-0.7","0.7","Newton County, MO","2016 unemployment 4.3%; gap vs county median -0.7 percentage points","BLS LAUS 2016 via Plotly public sample dataset"
"29147","Nodaway County","MO","-0.4","0.4","Nodaway County, MO","2016 unemployment 4.6%; gap vs county median -0.4 percentage points","BLS LAUS 2016 via Plotly public sample dataset"
"29149","Oregon County","MO","1.1","1.1","Oregon County, MO","2016 unemployment 6.1%; gap vs county median 1.1 percentage points","BLS LAUS 2016 via Plotly public sample dataset"
"29151","Osage County","MO","-1.6","1.6","Osage County, MO","2016 unemployment 3.4%; gap vs county median -1.6 percentage points","BLS LAUS 2016 via Plotly public sample dataset"
"29153","Ozark County","MO","2.3","2.3","Ozark County, MO","2016 unemployment 7.3%; gap vs county median 2.3 percentage points","BLS LAUS 2016 via Plotly public sample dataset"
"29155","Pemiscot County","MO","3.9","3.9","Pemiscot County, MO","2016 unemployment 8.9%; gap vs county median 3.9 percentage points","BLS LAUS 2016 via Plotly public sample dataset"
"29157","Perry County","MO","-1.5","1.5","Perry County, MO","2016 unemployment 3.5%; gap vs county median -1.5 percentage points","BLS LAUS 2016 via Plotly public sample dataset"
"29159","Pettis County","MO","-0.1","0.1","Pettis County, MO","2016 unemployment 4.9%; gap vs county median -0.1 percentage points","BLS LAUS 2016 via Plotly public sample dataset"
"29161","Phelps County","MO","-0.3","0.3","Phelps County, MO","2016 unemployment 4.7%; gap vs county median -0.3 percentage points","BLS LAUS 2016 via Plotly public sample dataset"
"29163","Pike County","MO","-0.5","0.5","Pike County, MO","2016 unemployment 4.5%; gap vs county median -0.5 percentage points","BLS LAUS 2016 via Plotly public sample dataset"
"29165","Platte County","MO","-1.4","1.4","Platte County, MO","2016 unemployment 3.6%; gap vs county median -1.4 percentage points","BLS LAUS 2016 via Plotly public sample dataset"
"29167","Polk County","MO","-0.2","0.2","Polk County, MO","2016 unemployment 4.8%; gap vs county median -0.2 percentage points","BLS LAUS 2016 via Plotly public sample dataset"
"29169","Pulaski County","MO","0.4","0.4","Pulaski County, MO","2016 unemployment 5.4%; gap vs county median 0.4 percentage points","BLS LAUS 2016 via Plotly public sample dataset"
"29171","Putnam County","MO","-0.5","0.5","Putnam County, MO","2016 unemployment 4.5%; gap vs county median -0.5 percentage points","BLS LAUS 2016 via Plotly public sample dataset"
"29173","Ralls County","MO","-1","1","Ralls County, MO","2016 unemployment 4%; gap vs county median -1 percentage points","BLS LAUS 2016 via Plotly public sample dataset"
"29175","Randolph County","MO","0.2","0.2","Randolph County, MO","2016 unemployment 5.2%; gap vs county median 0.2 percentage points","BLS LAUS 2016 via Plotly public sample dataset"
"29177","Ray County","MO","-0.1","0.1","Ray County, MO","2016 unemployment 4.9%; gap vs county median -0.1 percentage points","BLS LAUS 2016 via Plotly public sample dataset"
"29179","Reynolds County","MO","1.5","1.5","Reynolds County, MO","2016 unemployment 6.5%; gap vs county median 1.5 percentage points","BLS LAUS 2016 via Plotly public sample dataset"
"29181","Ripley County","MO","2","2","Ripley County, MO","2016 unemployment 7%; gap vs county median 2 percentage points","BLS LAUS 2016 via Plotly public sample dataset"
"29183","St. Charles County","MO","-1.5","1.5","St. Charles County, MO","2016 unemployment 3.5%; gap vs county median -1.5 percentage points","BLS LAUS 2016 via Plotly public sample dataset"
"29185","St. Clair County","MO","1.3","1.3","St. Clair County, MO","2016 unemployment 6.3%; gap vs county median 1.3 percentage points","BLS LAUS 2016 via Plotly public sample dataset"
"29186","Ste. Genevieve County","MO","-0.4","0.4","Ste. Genevieve County, MO","2016 unemployment 4.6%; gap vs county median -0.4 percentage points","BLS LAUS 2016 via Plotly public sample dataset"
"29187","St. Francois County","MO","0.5","0.5","St. Francois County, MO","2016 unemployment 5.5%; gap vs county median 0.5 percentage points","BLS LAUS 2016 via Plotly public sample dataset"
"29189","St. Louis County","MO","-0.8","0.8","St. Louis County, MO","2016 unemployment 4.2%; gap vs county median -0.8 percentage points","BLS LAUS 2016 via Plotly public sample dataset"
"29195","Saline County","MO","-0.3","0.3","Saline County, MO","2016 unemployment 4.7%; gap vs county median -0.3 percentage points","BLS LAUS 2016 via Plotly public sample dataset"
"29197","Schuyler County","MO","1.3","1.3","Schuyler County, MO","2016 unemployment 6.3%; gap vs county median 1.3 percentage points","BLS LAUS 2016 via Plotly public sample dataset"
"29199","Scotland County","MO","-0.9","0.9","Scotland County, MO","2016 unemployment 4.1%; gap vs county median -0.9 percentage points","BLS LAUS 2016 via Plotly public sample dataset"
"29201","Scott County","MO","0.7","0.7","Scott County, MO","2016 unemployment 5.7%; gap vs county median 0.7 percentage points","BLS LAUS 2016 via Plotly public sample dataset"
"29203","Shannon County","MO","2.4","2.4","Shannon County, MO","2016 unemployment 7.4%; gap vs county median 2.4 percentage points","BLS LAUS 2016 via Plotly public sample dataset"
"29205","Shelby County","MO","-0.9","0.9","Shelby County, MO","2016 unemployment 4.1%; gap vs county median -0.9 percentage points","BLS LAUS 2016 via Plotly public sample dataset"
"29207","Stoddard County","MO","1.4","1.4","Stoddard County, MO","2016 unemployment 6.4%; gap vs county median 1.4 percentage points","BLS LAUS 2016 via Plotly public sample dataset"
"29209","Stone County","MO","2","2","Stone County, MO","2016 unemployment 7%; gap vs county median 2 percentage points","BLS LAUS 2016 via Plotly public sample dataset"
"29211","Sullivan County","MO","0.8","0.8","Sullivan County, MO","2016 unemployment 5.8%; gap vs county median 0.8 percentage points","BLS LAUS 2016 via Plotly public sample dataset"
"29213","Taney County","MO","2.4","2.4","Taney County, MO","2016 unemployment 7.4%; gap vs county median 2.4 percentage points","BLS LAUS 2016 via Plotly public sample dataset"
"29215","Texas County","MO","1.2","1.2","Texas County, MO","2016 unemployment 6.2%; gap vs county median 1.2 percentage points","BLS LAUS 2016 via Plotly public sample dataset"
"29217","Vernon County","MO","-0.2","0.2","Vernon County, MO","2016 unemployment 4.8%; gap vs county median -0.2 percentage points","BLS LAUS 2016 via Plotly public sample dataset"
"29219","Warren County","MO","-0.8","0.8","Warren County, MO","2016 unemployment 4.2%; gap vs county median -0.8 percentage points","BLS LAUS 2016 via Plotly public sample dataset"
"29221","Washington County","MO","1.3","1.3","Washington County, MO","2016 unemployment 6.3%; gap vs county median 1.3 percentage points","BLS LAUS 2016 via Plotly public sample dataset"
"29223","Wayne County","MO","0.4","0.4","Wayne County, MO","2016 unemployment 5.4%; gap vs county median 0.4 percentage points","BLS LAUS 2016 via Plotly public sample dataset"
"29225","Webster County","MO","-0.1","0.1","Webster County, MO","2016 unemployment 4.9%; gap vs county median -0.1 percentage points","BLS LAUS 2016 via Plotly public sample dataset"
"29227","Worth County","MO","-2","2","Worth County, MO","2016 unemployment 3%; gap vs county median -2 percentage points","BLS LAUS 2016 via Plotly public sample dataset"
"29229","Wright County","MO","0.9","0.9","Wright County, MO","2016 unemployment 5.9%; gap vs county median 0.9 percentage points","BLS LAUS 2016 via Plotly public sample dataset"
"29510","St. Louis city","MO","0.4","0.4","St. Louis city, MO","2016 unemployment 5.4%; gap vs county median 0.4 percentage points","BLS LAUS 2016 via Plotly public sample dataset"
"30001","Beaverhead County","MT","-1.7","1.7","Beaverhead County, MT","2016 unemployment 3.3%; gap vs county median -1.7 percentage points","BLS LAUS 2016 via Plotly public sample dataset"
"30003","Big Horn County","MT","2.2","2.2","Big Horn County, MT","2016 unemployment 7.2%; gap vs county median 2.2 percentage points","BLS LAUS 2016 via Plotly public sample dataset"
"30005","Blaine County","MT","-0.4","0.4","Blaine County, MT","2016 unemployment 4.6%; gap vs county median -0.4 percentage points","BLS LAUS 2016 via Plotly public sample dataset"
"30007","Broadwater County","MT","-0.1","0.1","Broadwater County, MT","2016 unemployment 4.9%; gap vs county median -0.1 percentage points","BLS LAUS 2016 via Plotly public sample dataset"
"30009","Carbon County","MT","-1.1","1.1","Carbon County, MT","2016 unemployment 3.9%; gap vs county median -1.1 percentage points","BLS LAUS 2016 via Plotly public sample dataset"
"30011","Carter County","MT","-2.1","2.1","Carter County, MT","2016 unemployment 2.9%; gap vs county median -2.1 percentage points","BLS LAUS 2016 via Plotly public sample dataset"
"30013","Cascade County","MT","-1","1","Cascade County, MT","2016 unemployment 4%; gap vs county median -1 percentage points","BLS LAUS 2016 via Plotly public sample dataset"
"30015","Chouteau County","MT","-1.2","1.2","Chouteau County, MT","2016 unemployment 3.8%; gap vs county median -1.2 percentage points","BLS LAUS 2016 via Plotly public sample dataset"
"30017","Custer County","MT","-1.5","1.5","Custer County, MT","2016 unemployment 3.5%; gap vs county median -1.5 percentage points","BLS LAUS 2016 via Plotly public sample dataset"
"30019","Daniels County","MT","-2.4","2.4","Daniels County, MT","2016 unemployment 2.6%; gap vs county median -2.4 percentage points","BLS LAUS 2016 via Plotly public sample dataset"
"30021","Dawson County","MT","-1.1","1.1","Dawson County, MT","2016 unemployment 3.9%; gap vs county median -1.1 percentage points","BLS LAUS 2016 via Plotly public sample dataset"
"30023","Deer Lodge County","MT","-1.2","1.2","Deer Lodge County, MT","2016 unemployment 3.8%; gap vs county median -1.2 percentage points","BLS LAUS 2016 via Plotly public sample dataset"
"30025","Fallon County","MT","-1.4","1.4","Fallon County, MT","2016 unemployment 3.6%; gap vs county median -1.4 percentage points","BLS LAUS 2016 via Plotly public sample dataset"
"30027","Fergus County","MT","-1.1","1.1","Fergus County, MT","2016 unemployment 3.9%; gap vs county median -1.1 percentage points","BLS LAUS 2016 via Plotly public sample dataset"
"30029","Flathead County","MT","0.6","0.6","Flathead County, MT","2016 unemployment 5.6%; gap vs county median 0.6 percentage points","BLS LAUS 2016 via Plotly public sample dataset"
"30031","Gallatin County","MT","-2.2","2.2","Gallatin County, MT","2016 unemployment 2.8%; gap vs county median -2.2 percentage points","BLS LAUS 2016 via Plotly public sample dataset"
"30033","Garfield County","MT","-2.2","2.2","Garfield County, MT","2016 unemployment 2.8%; gap vs county median -2.2 percentage points","BLS LAUS 2016 via Plotly public sample dataset"
"30035","Glacier County","MT","3.6","3.6","Glacier County, MT","2016 unemployment 8.6%; gap vs county median 3.6 percentage points","BLS LAUS 2016 via Plotly public sample dataset"
"30037","Golden Valley County","MT","-0.6","0.6","Golden Valley County, MT","2016 unemployment 4.4%; gap vs county median -0.6 percentage points","BLS LAUS 2016 via Plotly public sample dataset"
"30039","Granite County","MT","0.9","0.9","Granite County, MT","2016 unemployment 5.9%; gap vs county median 0.9 percentage points","BLS LAUS 2016 via Plotly public sample dataset"
"30041","Hill County","MT","-0.7","0.7","Hill County, MT","2016 unemployment 4.3%; gap vs county median -0.7 percentage points","BLS LAUS 2016 via Plotly public sample dataset"
"30043","Jefferson County","MT","-0.4","0.4","Jefferson County, MT","2016 unemployment 4.6%; gap vs county median -0.4 percentage points","BLS LAUS 2016 via Plotly public sample dataset"
"30045","Judith Basin County","MT","-1.6","1.6","Judith Basin County, MT","2016 unemployment 3.4%; gap vs county median -1.6 percentage points","BLS LAUS 2016 via Plotly public sample dataset"
"30047","Lake County","MT","-0.3","0.3","Lake County, MT","2016 unemployment 4.7%; gap vs county median -0.3 percentage points","BLS LAUS 2016 via Plotly public sample dataset"
"30049","Lewis and Clark County","MT","-1.7","1.7","Lewis and Clark County, MT","2016 unemployment 3.3%; gap vs county median -1.7 percentage points","BLS LAUS 2016 via Plotly public sample dataset"
"30051","Liberty County","MT","-1.9","1.9","Liberty County, MT","2016 unemployment 3.1%; gap vs county median -1.9 percentage points","BLS LAUS 2016 via Plotly public sample dataset"
"30053","Lincoln County","MT","4","4","Lincoln County, MT","2016 unemployment 9%; gap vs county median 4 percentage points","BLS LAUS 2016 via Plotly public sample dataset"
"30055","McCone County","MT","-3","3","McCone County, MT","2016 unemployment 2%; gap vs county median -3 percentage points","BLS LAUS 2016 via Plotly public sample dataset"
"30057","Madison County","MT","-1.2","1.2","Madison County, MT","2016 unemployment 3.8%; gap vs county median -1.2 percentage points","BLS LAUS 2016 via Plotly public sample dataset"
"30059","Meagher County","MT","-1","1","Meagher County, MT","2016 unemployment 4%; gap vs county median -1 percentage points","BLS LAUS 2016 via Plotly public sample dataset"
"30061","Mineral County","MT","2.6","2.6","Mineral County, MT","2016 unemployment 7.6%; gap vs county median 2.6 percentage points","BLS LAUS 2016 via Plotly public sample dataset"
"30063","Missoula County","MT","-1.3","1.3","Missoula County, MT","2016 unemployment 3.7%; gap vs county median -1.3 percentage points","BLS LAUS 2016 via Plotly public sample dataset"
"30065","Musselshell County","MT","0.1","0.1","Musselshell County, MT","2016 unemployment 5.1%; gap vs county median 0.1 percentage points","BLS LAUS 2016 via Plotly public sample dataset"
"30067","Park County","MT","-0.7","0.7","Park County, MT","2016 unemployment 4.3%; gap vs county median -0.7 percentage points","BLS LAUS 2016 via Plotly public sample dataset"
"30069","Petroleum County","MT","-0.2","0.2","Petroleum County, MT","2016 unemployment 4.8%; gap vs county median -0.2 percentage points","BLS LAUS 2016 via Plotly public sample dataset"
"30071","Phillips County","MT","0.3","0.3","Phillips County, MT","2016 unemployment 5.3%; gap vs county median 0.3 percentage points","BLS LAUS 2016 via Plotly public sample dataset"
"30073","Pondera County","MT","-0.8","0.8","Pondera County, MT","2016 unemployment 4.2%; gap vs county median -0.8 percentage points","BLS LAUS 2016 via Plotly public sample dataset"
"30075","Powder River County","MT","-2.7","2.7","Powder River County, MT","2016 unemployment 2.3%; gap vs county median -2.7 percentage points","BLS LAUS 2016 via Plotly public sample dataset"
"30077","Powell County","MT","0","0","Powell County, MT","2016 unemployment 5%; gap vs county median 0 percentage points","BLS LAUS 2016 via Plotly public sample dataset"
"30079","Prairie County","MT","-1.6","1.6","Prairie County, MT","2016 unemployment 3.4%; gap vs county median -1.6 percentage points","BLS LAUS 2016 via Plotly public sample dataset"
"30081","Ravalli County","MT","-0.2","0.2","Ravalli County, MT","2016 unemployment 4.8%; gap vs county median -0.2 percentage points","BLS LAUS 2016 via Plotly public sample dataset"
"30083","Richland County","MT","0","0","Richland County, MT","2016 unemployment 5%; gap vs county median 0 percentage points","BLS LAUS 2016 via Plotly public sample dataset"
"30085","Roosevelt County","MT","0.3","0.3","Roosevelt County, MT","2016 unemployment 5.3%; gap vs county median 0.3 percentage points","BLS LAUS 2016 via Plotly public sample dataset"
"30087","Rosebud County","MT","0.5","0.5","Rosebud County, MT","2016 unemployment 5.5%; gap vs county median 0.5 percentage points","BLS LAUS 2016 via Plotly public sample dataset"
"30089","Sanders County","MT","2.8","2.8","Sanders County, MT","2016 unemployment 7.8%; gap vs county median 2.8 percentage points","BLS LAUS 2016 via Plotly public sample dataset"
"30091","Sheridan County","MT","-1.7","1.7","Sheridan County, MT","2016 unemployment 3.3%; gap vs county median -1.7 percentage points","BLS LAUS 2016 via Plotly public sample dataset"
"30093","Silver Bow County","MT","-0.7","0.7","Silver Bow County, MT","2016 unemployment 4.3%; gap vs county median -0.7 percentage points","BLS LAUS 2016 via Plotly public sample dataset"
"30095","Stillwater County","MT","-1","1","Stillwater County, MT","2016 unemployment 4%; gap vs county median -1 percentage points","BLS LAUS 2016 via Plotly public sample dataset"
"30097","Sweet Grass County","MT","-1.9","1.9","Sweet Grass County, MT","2016 unemployment 3.1%; gap vs county median -1.9 percentage points","BLS LAUS 2016 via Plotly public sample dataset"
"30099","Teton County","MT","-1.3","1.3","Teton County, MT","2016 unemployment 3.7%; gap vs county median -1.3 percentage points","BLS LAUS 2016 via Plotly public sample dataset"
"30101","Toole County","MT","-1.5","1.5","Toole County, MT","2016 unemployment 3.5%; gap vs county median -1.5 percentage points","BLS LAUS 2016 via Plotly public sample dataset"
"30103","Treasure County","MT","-0.5","0.5","Treasure County, MT","2016 unemployment 4.5%; gap vs county median -0.5 percentage points","BLS LAUS 2016 via Plotly public sample dataset"
"30105","Valley County","MT","-1.6","1.6","Valley County, MT","2016 unemployment 3.4%; gap vs county median -1.6 percentage points","BLS LAUS 2016 via Plotly public sample dataset"
"30107","Wheatland County","MT","0.1","0.1","Wheatland County, MT","2016 unemployment 5.1%; gap vs county median 0.1 percentage points","BLS LAUS 2016 via Plotly public sample dataset"
"30109","Wibaux County","MT","-1.2","1.2","Wibaux County, MT","2016 unemployment 3.8%; gap vs county median -1.2 percentage points","BLS LAUS 2016 via Plotly public sample dataset"
"30111","Yellowstone County","MT","-1.4","1.4","Yellowstone County, MT","2016 unemployment 3.6%; gap vs county median -1.4 percentage points","BLS LAUS 2016 via Plotly public sample dataset"
"31001","Adams County","NE","-1.7","1.7","Adams County, NE","2016 unemployment 3.3%; gap vs county median -1.7 percentage points","BLS LAUS 2016 via Plotly public sample dataset"
"31003","Antelope County","NE","-2.3","2.3","Antelope County, NE","2016 unemployment 2.7%; gap vs county median -2.3 percentage points","BLS LAUS 2016 via Plotly public sample dataset"
"31005","Arthur County","NE","1.2","1.2","Arthur County, NE","2016 unemployment 6.2%; gap vs county median 1.2 percentage points","BLS LAUS 2016 via Plotly public sample dataset"
"31007","Banner County","NE","-1.2","1.2","Banner County, NE","2016 unemployment 3.8%; gap vs county median -1.2 percentage points","BLS LAUS 2016 via Plotly public sample dataset"
"31009","Blaine County","NE","-0.5","0.5","Blaine County, NE","2016 unemployment 4.5%; gap vs county median -0.5 percentage points","BLS LAUS 2016 via Plotly public sample dataset"
"31011","Boone County","NE","-2.2","2.2","Boone County, NE","2016 unemployment 2.8%; gap vs county median -2.2 percentage points","BLS LAUS 2016 via Plotly public sample dataset"
"31013","Box Butte County","NE","-1.2","1.2","Box Butte County, NE","2016 unemployment 3.8%; gap vs county median -1.2 percentage points","BLS LAUS 2016 via Plotly public sample dataset"
"31015","Boyd County","NE","-1.8","1.8","Boyd County, NE","2016 unemployment 3.2%; gap vs county median -1.8 percentage points","BLS LAUS 2016 via Plotly public sample dataset"
"31017","Brown County","NE","-1.1","1.1","Brown County, NE","2016 unemployment 3.9%; gap vs county median -1.1 percentage points","BLS LAUS 2016 via Plotly public sample dataset"
"31019","Buffalo County","NE","-2.4","2.4","Buffalo County, NE","2016 unemployment 2.6%; gap vs county median -2.4 percentage points","BLS LAUS 2016 via Plotly public sample dataset"
"31021","Burt County","NE","-1.2","1.2","Burt County, NE","2016 unemployment 3.8%; gap vs county median -1.2 percentage points","BLS LAUS 2016 via Plotly public sample dataset"
"31023","Butler County","NE","-1.7","1.7","Butler County, NE","2016 unemployment 3.3%; gap vs county median -1.7 percentage points","BLS LAUS 2016 via Plotly public sample dataset"
"31025","Cass County","NE","-1.5","1.5","Cass County, NE","2016 unemployment 3.5%; gap vs county median -1.5 percentage points","BLS LAUS 2016 via Plotly public sample dataset"
"31027","Cedar County","NE","-2.3","2.3","Cedar County, NE","2016 unemployment 2.7%; gap vs county median -2.3 percentage points","BLS LAUS 2016 via Plotly public sample dataset"
"31029","Chase County","NE","-2.8","2.8","Chase County, NE","2016 unemployment 2.2%; gap vs county median -2.8 percentage points","BLS LAUS 2016 via Plotly public sample dataset"
"31031","Cherry County","NE","-2.6","2.6","Cherry County, NE","2016 unemployment 2.4%; gap vs county median -2.6 percentage points","BLS LAUS 2016 via Plotly public sample dataset"
"31033","Cheyenne County","NE","-2","2","Cheyenne County, NE","2016 unemployment 3%; gap vs county median -2 percentage points","BLS LAUS 2016 via Plotly public sample dataset"
"31035","Clay County","NE","-1.7","1.7","Clay County, NE","2016 unemployment 3.3%; gap vs county median -1.7 percentage points","BLS LAUS 2016 via Plotly public sample dataset"
"31037","Colfax County","NE","-2","2","Colfax County, NE","2016 unemployment 3%; gap vs county median -2 percentage points","BLS LAUS 2016 via Plotly public sample dataset"
"31039","Cuming County","NE","-2","2","Cuming County, NE","2016 unemployment 3%; gap vs county median -2 percentage points","BLS LAUS 2016 via Plotly public sample dataset"
"31041","Custer County","NE","-2.5","2.5","Custer County, NE","2016 unemployment 2.5%; gap vs county median -2.5 percentage points","BLS LAUS 2016 via Plotly public sample dataset"
"31043","Dakota County","NE","-0.7","0.7","Dakota County, NE","2016 unemployment 4.3%; gap vs county median -0.7 percentage points","BLS LAUS 2016 via Plotly public sample dataset"
"31045","Dawes County","NE","-1.9","1.9","Dawes County, NE","2016 unemployment 3.1%; gap vs county median -1.9 percentage points","BLS LAUS 2016 via Plotly public sample dataset"
"31047","Dawson County","NE","-1.9","1.9","Dawson County, NE","2016 unemployment 3.1%; gap vs county median -1.9 percentage points","BLS LAUS 2016 via Plotly public sample dataset"
"31049","Deuel County","NE","-2.2","2.2","Deuel County, NE","2016 unemployment 2.8%; gap vs county median -2.2 percentage points","BLS LAUS 2016 via Plotly public sample dataset"
"31051","Dixon County","NE","-1.5","1.5","Dixon County, NE","2016 unemployment 3.5%; gap vs county median -1.5 percentage points","BLS LAUS 2016 via Plotly public sample dataset"
"31053","Dodge County","NE","-1.8","1.8","Dodge County, NE","2016 unemployment 3.2%; gap vs county median -1.8 percentage points","BLS LAUS 2016 via Plotly public sample dataset"
"31055","Douglas County","NE","-1.5","1.5","Douglas County, NE","2016 unemployment 3.5%; gap vs county median -1.5 percentage points","BLS LAUS 2016 via Plotly public sample dataset"
"31057","Dundy County","NE","-2.7","2.7","Dundy County, NE","2016 unemployment 2.3%; gap vs county median -2.7 percentage points","BLS LAUS 2016 via Plotly public sample dataset"
"31059","Fillmore County","NE","-2.1","2.1","Fillmore County, NE","2016 unemployment 2.9%; gap vs county median -2.1 percentage points","BLS LAUS 2016 via Plotly public sample dataset"
"31061","Franklin County","NE","-1.9","1.9","Franklin County, NE","2016 unemployment 3.1%; gap vs county median -1.9 percentage points","BLS LAUS 2016 via Plotly public sample dataset"
"31063","Frontier County","NE","-2","2","Frontier County, NE","2016 unemployment 3%; gap vs county median -2 percentage points","BLS LAUS 2016 via Plotly public sample dataset"
"31065","Furnas County","NE","-2.1","2.1","Furnas County, NE","2016 unemployment 2.9%; gap vs county median -2.1 percentage points","BLS LAUS 2016 via Plotly public sample dataset"
"31067","Gage County","NE","-1.5","1.5","Gage County, NE","2016 unemployment 3.5%; gap vs county median -1.5 percentage points","BLS LAUS 2016 via Plotly public sample dataset"
"31069","Garden County","NE","-1.6","1.6","Garden County, NE","2016 unemployment 3.4%; gap vs county median -1.6 percentage points","BLS LAUS 2016 via Plotly public sample dataset"
"31071","Garfield County","NE","-2.2","2.2","Garfield County, NE","2016 unemployment 2.8%; gap vs county median -2.2 percentage points","BLS LAUS 2016 via Plotly public sample dataset"
"31073","Gosper County","NE","-2.3","2.3","Gosper County, NE","2016 unemployment 2.7%; gap vs county median -2.3 percentage points","BLS LAUS 2016 via Plotly public sample dataset"
"31075","Grant County","NE","-2.6","2.6","Grant County, NE","2016 unemployment 2.4%; gap vs county median -2.6 percentage points","BLS LAUS 2016 via Plotly public sample dataset"
"31077","Greeley County","NE","-1.7","1.7","Greeley County, NE","2016 unemployment 3.3%; gap vs county median -1.7 percentage points","BLS LAUS 2016 via Plotly public sample dataset"
"31079","Hall County","NE","-1.2","1.2","Hall County, NE","2016 unemployment 3.8%; gap vs county median -1.2 percentage points","BLS LAUS 2016 via Plotly public sample dataset"
"31081","Hamilton County","NE","-2.1","2.1","Hamilton County, NE","2016 unemployment 2.9%; gap vs county median -2.1 percentage points","BLS LAUS 2016 via Plotly public sample dataset"
"31083","Harlan County","NE","-2.4","2.4","Harlan County, NE","2016 unemployment 2.6%; gap vs county median -2.4 percentage points","BLS LAUS 2016 via Plotly public sample dataset"
"31085","Hayes County","NE","-2.5","2.5","Hayes County, NE","2016 unemployment 2.5%; gap vs county median -2.5 percentage points","BLS LAUS 2016 via Plotly public sample dataset"
"31087","Hitchcock County","NE","-1.2","1.2","Hitchcock County, NE","2016 unemployment 3.8%; gap vs county median -1.2 percentage points","BLS LAUS 2016 via Plotly public sample dataset"
"31089","Holt County","NE","-2.4","2.4","Holt County, NE","2016 unemployment 2.6%; gap vs county median -2.4 percentage points","BLS LAUS 2016 via Plotly public sample dataset"
"31091","Hooker County","NE","-1.2","1.2","Hooker County, NE","2016 unemployment 3.8%; gap vs county median -1.2 percentage points","BLS LAUS 2016 via Plotly public sample dataset"
"31093","Howard County","NE","-1.5","1.5","Howard County, NE","2016 unemployment 3.5%; gap vs county median -1.5 percentage points","BLS LAUS 2016 via Plotly public sample dataset"
"31095","Jefferson County","NE","-2.5","2.5","Jefferson County, NE","2016 unemployment 2.5%; gap vs county median -2.5 percentage points","BLS LAUS 2016 via Plotly public sample dataset"
"31097","Johnson County","NE","-1.7","1.7","Johnson County, NE","2016 unemployment 3.3%; gap vs county median -1.7 percentage points","BLS LAUS 2016 via Plotly public sample dataset"
"31099","Kearney County","NE","-2.5","2.5","Kearney County, NE","2016 unemployment 2.5%; gap vs county median -2.5 percentage points","BLS LAUS 2016 via Plotly public sample dataset"
"31101","Keith County","NE","-1.9","1.9","Keith County, NE","2016 unemployment 3.1%; gap vs county median -1.9 percentage points","BLS LAUS 2016 via Plotly public sample dataset"
"31103","Keya Paha County","NE","-2.9","2.9","Keya Paha County, NE","2016 unemployment 2.1%; gap vs county median -2.9 percentage points","BLS LAUS 2016 via Plotly public sample dataset"
"31105","Kimball County","NE","-0.7","0.7","Kimball County, NE","2016 unemployment 4.3%; gap vs county median -0.7 percentage points","BLS LAUS 2016 via Plotly public sample dataset"
"31107","Knox County","NE","-1.8","1.8","Knox County, NE","2016 unemployment 3.2%; gap vs county median -1.8 percentage points","BLS LAUS 2016 via Plotly public sample dataset"
"31109","Lancaster County","NE","-2.1","2.1","Lancaster County, NE","2016 unemployment 2.9%; gap vs county median -2.1 percentage points","BLS LAUS 2016 via Plotly public sample dataset"
"31111","Lincoln County","NE","-1.8","1.8","Lincoln County, NE","2016 unemployment 3.2%; gap vs county median -1.8 percentage points","BLS LAUS 2016 via Plotly public sample dataset"
"31113","Logan County","NE","-2.1","2.1","Logan County, NE","2016 unemployment 2.9%; gap vs county median -2.1 percentage points","BLS LAUS 2016 via Plotly public sample dataset"
"31115","Loup County","NE","-1.4","1.4","Loup County, NE","2016 unemployment 3.6%; gap vs county median -1.4 percentage points","BLS LAUS 2016 via Plotly public sample dataset"
"31117","McPherson County","NE","-2.6","2.6","McPherson County, NE","2016 unemployment 2.4%; gap vs county median -2.6 percentage points","BLS LAUS 2016 via Plotly public sample dataset"
"31119","Madison County","NE","-2.1","2.1","Madison County, NE","2016 unemployment 2.9%; gap vs county median -2.1 percentage points","BLS LAUS 2016 via Plotly public sample dataset"
"31121","Merrick County","NE","-1.2","1.2","Merrick County, NE","2016 unemployment 3.8%; gap vs county median -1.2 percentage points","BLS LAUS 2016 via Plotly public sample dataset"
"31123","Morrill County","NE","-1.6","1.6","Morrill County, NE","2016 unemployment 3.4%; gap vs county median -1.6 percentage points","BLS LAUS 2016 via Plotly public sample dataset"
"31125","Nance County","NE","-2.2","2.2","Nance County, NE","2016 unemployment 2.8%; gap vs county median -2.2 percentage points","BLS LAUS 2016 via Plotly public sample dataset"
"31127","Nemaha County","NE","-1.2","1.2","Nemaha County, NE","2016 unemployment 3.8%; gap vs county median -1.2 percentage points","BLS LAUS 2016 via Plotly public sample dataset"
"31129","Nuckolls County","NE","-1.9","1.9","Nuckolls County, NE","2016 unemployment 3.1%; gap vs county median -1.9 percentage points","BLS LAUS 2016 via Plotly public sample dataset"
"31131","Otoe County","NE","-1.5","1.5","Otoe County, NE","2016 unemployment 3.5%; gap vs county median -1.5 percentage points","BLS LAUS 2016 via Plotly public sample dataset"
"31133","Pawnee County","NE","-2.6","2.6","Pawnee County, NE","2016 unemployment 2.4%; gap vs county median -2.6 percentage points","BLS LAUS 2016 via Plotly public sample dataset"
"31135","Perkins County","NE","-2.7","2.7","Perkins County, NE","2016 unemployment 2.3%; gap vs county median -2.7 percentage points","BLS LAUS 2016 via Plotly public sample dataset"
"31137","Phelps County","NE","-2.4","2.4","Phelps County, NE","2016 unemployment 2.6%; gap vs county median -2.4 percentage points","BLS LAUS 2016 via Plotly public sample dataset"
"31139","Pierce County","NE","-2.2","2.2","Pierce County, NE","2016 unemployment 2.8%; gap vs county median -2.2 percentage points","BLS LAUS 2016 via Plotly public sample dataset"
"31141","Platte County","NE","-1.3","1.3","Platte County, NE","2016 unemployment 3.7%; gap vs county median -1.3 percentage points","BLS LAUS 2016 via Plotly public sample dataset"
"31143","Polk County","NE","-2.2","2.2","Polk County, NE","2016 unemployment 2.8%; gap vs county median -2.2 percentage points","BLS LAUS 2016 via Plotly public sample dataset"
"31145","Red Willow County","NE","-2","2","Red Willow County, NE","2016 unemployment 3%; gap vs county median -2 percentage points","BLS LAUS 2016 via Plotly public sample dataset"
"31147","Richardson County","NE","-1.6","1.6","Richardson County, NE","2016 unemployment 3.4%; gap vs county median -1.6 percentage points","BLS LAUS 2016 via Plotly public sample dataset"
"31149","Rock County","NE","-2.3","2.3","Rock County, NE","2016 unemployment 2.7%; gap vs county median -2.3 percentage points","BLS LAUS 2016 via Plotly public sample dataset"
"31151","Saline County","NE","-1.8","1.8","Saline County, NE","2016 unemployment 3.2%; gap vs county median -1.8 percentage points","BLS LAUS 2016 via Plotly public sample dataset"
"31153","Sarpy County","NE","-2","2","Sarpy County, NE","2016 unemployment 3%; gap vs county median -2 percentage points","BLS LAUS 2016 via Plotly public sample dataset"
"31155","Saunders County","NE","-1.8","1.8","Saunders County, NE","2016 unemployment 3.2%; gap vs county median -1.8 percentage points","BLS LAUS 2016 via Plotly public sample dataset"
"31157","Scotts Bluff County","NE","-1.4","1.4","Scotts Bluff County, NE","2016 unemployment 3.6%; gap vs county median -1.4 percentage points","BLS LAUS 2016 via Plotly public sample dataset"
"31159","Seward County","NE","-2","2","Seward County, NE","2016 unemployment 3%; gap vs county median -2 percentage points","BLS LAUS 2016 via Plotly public sample dataset"
"31161","Sheridan County","NE","-2","2","Sheridan County, NE","2016 unemployment 3%; gap vs county median -2 percentage points","BLS LAUS 2016 via Plotly public sample dataset"
"31163","Sherman County","NE","-1.7","1.7","Sherman County, NE","2016 unemployment 3.3%; gap vs county median -1.7 percentage points","BLS LAUS 2016 via Plotly public sample dataset"
"31165","Sioux County","NE","-2.2","2.2","Sioux County, NE","2016 unemployment 2.8%; gap vs county median -2.2 percentage points","BLS LAUS 2016 via Plotly public sample dataset"
"31167","Stanton County","NE","-2.3","2.3","Stanton County, NE","2016 unemployment 2.7%; gap vs county median -2.3 percentage points","BLS LAUS 2016 via Plotly public sample dataset"
"31169","Thayer County","NE","-2.4","2.4","Thayer County, NE","2016 unemployment 2.6%; gap vs county median -2.4 percentage points","BLS LAUS 2016 via Plotly public sample dataset"
"31171","Thomas County","NE","-1.6","1.6","Thomas County, NE","2016 unemployment 3.4%; gap vs county median -1.6 percentage points","BLS LAUS 2016 via Plotly public sample dataset"
"31173","Thurston County","NE","0","0","Thurston County, NE","2016 unemployment 5%; gap vs county median 0 percentage points","BLS LAUS 2016 via Plotly public sample dataset"
"31175","Valley County","NE","-2","2","Valley County, NE","2016 unemployment 3%; gap vs county median -2 percentage points","BLS LAUS 2016 via Plotly public sample dataset"
"31177","Washington County","NE","-1.7","1.7","Washington County, NE","2016 unemployment 3.3%; gap vs county median -1.7 percentage points","BLS LAUS 2016 via Plotly public sample dataset"
"31179","Wayne County","NE","-2.2","2.2","Wayne County, NE","2016 unemployment 2.8%; gap vs county median -2.2 percentage points","BLS LAUS 2016 via Plotly public sample dataset"
"31181","Webster County","NE","-1.7","1.7","Webster County, NE","2016 unemployment 3.3%; gap vs county median -1.7 percentage points","BLS LAUS 2016 via Plotly public sample dataset"
"31183","Wheeler County","NE","-2.7","2.7","Wheeler County, NE","2016 unemployment 2.3%; gap vs county median -2.7 percentage points","BLS LAUS 2016 via Plotly public sample dataset"
"31185","York County","NE","-2.2","2.2","York County, NE","2016 unemployment 2.8%; gap vs county median -2.2 percentage points","BLS LAUS 2016 via Plotly public sample dataset"
"32001","Churchill County","NV","0.4","0.4","Churchill County, NV","2016 unemployment 5.4%; gap vs county median 0.4 percentage points","BLS LAUS 2016 via Plotly public sample dataset"
"32003","Clark County","NV","0.8","0.8","Clark County, NV","2016 unemployment 5.8%; gap vs county median 0.8 percentage points","BLS LAUS 2016 via Plotly public sample dataset"
"32005","Douglas County","NV","0.6","0.6","Douglas County, NV","2016 unemployment 5.6%; gap vs county median 0.6 percentage points","BLS LAUS 2016 via Plotly public sample dataset"
"32007","Elko County","NV","-0.5","0.5","Elko County, NV","2016 unemployment 4.5%; gap vs county median -0.5 percentage points","BLS LAUS 2016 via Plotly public sample dataset"
"32009","Esmeralda County","NV","-0.5","0.5","Esmeralda County, NV","2016 unemployment 4.5%; gap vs county median -0.5 percentage points","BLS LAUS 2016 via Plotly public sample dataset"
"32011","Eureka County","NV","-0.4","0.4","Eureka County, NV","2016 unemployment 4.6%; gap vs county median -0.4 percentage points","BLS LAUS 2016 via Plotly public sample dataset"
"32013","Humboldt County","NV","0.4","0.4","Humboldt County, NV","2016 unemployment 5.4%; gap vs county median 0.4 percentage points","BLS LAUS 2016 via Plotly public sample dataset"
"32015","Lander County","NV","1.2","1.2","Lander County, NV","2016 unemployment 6.2%; gap vs county median 1.2 percentage points","BLS LAUS 2016 via Plotly public sample dataset"
"32017","Lincoln County","NV","0.1","0.1","Lincoln County, NV","2016 unemployment 5.1%; gap vs county median 0.1 percentage points","BLS LAUS 2016 via Plotly public sample dataset"
"32019","Lyon County","NV","2.4","2.4","Lyon County, NV","2016 unemployment 7.4%; gap vs county median 2.4 percentage points","BLS LAUS 2016 via Plotly public sample dataset"
"32021","Mineral County","NV","1.6","1.6","Mineral County, NV","2016 unemployment 6.6%; gap vs county median 1.6 percentage points","BLS LAUS 2016 via Plotly public sample dataset"
"32023","Nye County","NV","2.3","2.3","Nye County, NV","2016 unemployment 7.3%; gap vs county median 2.3 percentage points","BLS LAUS 2016 via Plotly public sample dataset"
"32027","Pershing County","NV","0.9","0.9","Pershing County, NV","2016 unemployment 5.9%; gap vs county median 0.9 percentage points","BLS LAUS 2016 via Plotly public sample dataset"
"32029","Storey County","NV","1.3","1.3","Storey County, NV","2016 unemployment 6.3%; gap vs county median 1.3 percentage points","BLS LAUS 2016 via Plotly public sample dataset"
"32031","Washoe County","NV","0","0","Washoe County, NV","2016 unemployment 5%; gap vs county median 0 percentage points","BLS LAUS 2016 via Plotly public sample dataset"
"32033","White Pine County","NV","-0.4","0.4","White Pine County, NV","2016 unemployment 4.6%; gap vs county median -0.4 percentage points","BLS LAUS 2016 via Plotly public sample dataset"
"32510","Carson City","NV","1.1","1.1","Carson City, NV","2016 unemployment 6.1%; gap vs county median 1.1 percentage points","BLS LAUS 2016 via Plotly public sample dataset"
"33001","Belknap County","NH","-2.2","2.2","Belknap County, NH","2016 unemployment 2.8%; gap vs county median -2.2 percentage points","BLS LAUS 2016 via Plotly public sample dataset"
"33003","Carroll County","NH","-2","2","Carroll County, NH","2016 unemployment 3%; gap vs county median -2 percentage points","BLS LAUS 2016 via Plotly public sample dataset"
"33005","Cheshire County","NH","-2.3","2.3","Cheshire County, NH","2016 unemployment 2.7%; gap vs county median -2.3 percentage points","BLS LAUS 2016 via Plotly public sample dataset"
"33007","Coos County","NH","-1.1","1.1","Coos County, NH","2016 unemployment 3.9%; gap vs county median -1.1 percentage points","BLS LAUS 2016 via Plotly public sample dataset"
"33009","Grafton County","NH","-2.6","2.6","Grafton County, NH","2016 unemployment 2.4%; gap vs county median -2.6 percentage points","BLS LAUS 2016 via Plotly public sample dataset"
"33011","Hillsborough County","NH","-2","2","Hillsborough County, NH","2016 unemployment 3%; gap vs county median -2 percentage points","BLS LAUS 2016 via Plotly public sample dataset"
"33013","Merrimack County","NH","-2.5","2.5","Merrimack County, NH","2016 unemployment 2.5%; gap vs county median -2.5 percentage points","BLS LAUS 2016 via Plotly public sample dataset"
"33015","Rockingham County","NH","-2","2","Rockingham County, NH","2016 unemployment 3%; gap vs county median -2 percentage points","BLS LAUS 2016 via Plotly public sample dataset"
"33017","Strafford County","NH","-2.5","2.5","Strafford County, NH","2016 unemployment 2.5%; gap vs county median -2.5 percentage points","BLS LAUS 2016 via Plotly public sample dataset"
"33019","Sullivan County","NH","-2.6","2.6","Sullivan County, NH","2016 unemployment 2.4%; gap vs county median -2.6 percentage points","BLS LAUS 2016 via Plotly public sample dataset"
"34001","Atlantic County","NJ","2.4","2.4","Atlantic County, NJ","2016 unemployment 7.4%; gap vs county median 2.4 percentage points","BLS LAUS 2016 via Plotly public sample dataset"
"34003","Bergen County","NJ","-0.8","0.8","Bergen County, NJ","2016 unemployment 4.2%; gap vs county median -0.8 percentage points","BLS LAUS 2016 via Plotly public sample dataset"
"34005","Burlington County","NJ","-0.6","0.6","Burlington County, NJ","2016 unemployment 4.4%; gap vs county median -0.6 percentage points","BLS LAUS 2016 via Plotly public sample dataset"
"34007","Camden County","NJ","0.5","0.5","Camden County, NJ","2016 unemployment 5.5%; gap vs county median 0.5 percentage points","BLS LAUS 2016 via Plotly public sample dataset"
"34009","Cape May County","NJ","4.8","4.8","Cape May County, NJ","2016 unemployment 9.8%; gap vs county median 4.8 percentage points","BLS LAUS 2016 via Plotly public sample dataset"
"34011","Cumberland County","NJ","2.5","2.5","Cumberland County, NJ","2016 unemployment 7.5%; gap vs county median 2.5 percentage points","BLS LAUS 2016 via Plotly public sample dataset"
"34013","Essex County","NJ","1","1","Essex County, NJ","2016 unemployment 6%; gap vs county median 1 percentage points","BLS LAUS 2016 via Plotly public sample dataset"
"34015","Gloucester County","NJ","0.1","0.1","Gloucester County, NJ","2016 unemployment 5.1%; gap vs county median 0.1 percentage points","BLS LAUS 2016 via Plotly public sample dataset"
"34017","Hudson County","NJ","-0.3","0.3","Hudson County, NJ","2016 unemployment 4.7%; gap vs county median -0.3 percentage points","BLS LAUS 2016 via Plotly public sample dataset"
"34019","Hunterdon County","NJ","-1.2","1.2","Hunterdon County, NJ","2016 unemployment 3.8%; gap vs county median -1.2 percentage points","BLS LAUS 2016 via Plotly public sample dataset"
"34021","Mercer County","NJ","-0.7","0.7","Mercer County, NJ","2016 unemployment 4.3%; gap vs county median -0.7 percentage points","BLS LAUS 2016 via Plotly public sample dataset"
"34023","Middlesex County","NJ","-0.6","0.6","Middlesex County, NJ","2016 unemployment 4.4%; gap vs county median -0.6 percentage points","BLS LAUS 2016 via Plotly public sample dataset"
"34025","Monmouth County","NJ","-0.6","0.6","Monmouth County, NJ","2016 unemployment 4.4%; gap vs county median -0.6 percentage points","BLS LAUS 2016 via Plotly public sample dataset"
"34027","Morris County","NJ","-1.1","1.1","Morris County, NJ","2016 unemployment 3.9%; gap vs county median -1.1 percentage points","BLS LAUS 2016 via Plotly public sample dataset"
"34029","Ocean County","NJ","0.2","0.2","Ocean County, NJ","2016 unemployment 5.2%; gap vs county median 0.2 percentage points","BLS LAUS 2016 via Plotly public sample dataset"
"34031","Passaic County","NJ","1.1","1.1","Passaic County, NJ","2016 unemployment 6.1%; gap vs county median 1.1 percentage points","BLS LAUS 2016 via Plotly public sample dataset"
"34033","Salem County","NJ","1.3","1.3","Salem County, NJ","2016 unemployment 6.3%; gap vs county median 1.3 percentage points","BLS LAUS 2016 via Plotly public sample dataset"
"34035","Somerset County","NJ","-0.9","0.9","Somerset County, NJ","2016 unemployment 4.1%; gap vs county median -0.9 percentage points","BLS LAUS 2016 via Plotly public sample dataset"
"34037","Sussex County","NJ","-0.3","0.3","Sussex County, NJ","2016 unemployment 4.7%; gap vs county median -0.3 percentage points","BLS LAUS 2016 via Plotly public sample dataset"
"34039","Union County","NJ","0.2","0.2","Union County, NJ","2016 unemployment 5.2%; gap vs county median 0.2 percentage points","BLS LAUS 2016 via Plotly public sample dataset"
"34041","Warren County","NJ","-0.4","0.4","Warren County, NJ","2016 unemployment 4.6%; gap vs county median -0.4 percentage points","BLS LAUS 2016 via Plotly public sample dataset"
"35001","Bernalillo County","NM","0.8","0.8","Bernalillo County, NM","2016 unemployment 5.8%; gap vs county median 0.8 percentage points","BLS LAUS 2016 via Plotly public sample dataset"
"35003","Catron County","NM","3.2","3.2","Catron County, NM","2016 unemployment 8.2%; gap vs county median 3.2 percentage points","BLS LAUS 2016 via Plotly public sample dataset"
"35005","Chaves County","NM","1.8","1.8","Chaves County, NM","2016 unemployment 6.8%; gap vs county median 1.8 percentage points","BLS LAUS 2016 via Plotly public sample dataset"
"35006","Cibola County","NM","3.3","3.3","Cibola County, NM","2016 unemployment 8.3%; gap vs county median 3.3 percentage points","BLS LAUS 2016 via Plotly public sample dataset"
"35007","Colfax County","NM","1.1","1.1","Colfax County, NM","2016 unemployment 6.1%; gap vs county median 1.1 percentage points","BLS LAUS 2016 via Plotly public sample dataset"
"35009","Curry County","NM","0.1","0.1","Curry County, NM","2016 unemployment 5.1%; gap vs county median 0.1 percentage points","BLS LAUS 2016 via Plotly public sample dataset"
"35011","De Baca County","NM","-0.1","0.1","De Baca County, NM","2016 unemployment 4.9%; gap vs county median -0.1 percentage points","BLS LAUS 2016 via Plotly public sample dataset"
"35013","Dona Ana County","NM","2.2","2.2","Dona Ana County, NM","2016 unemployment 7.2%; gap vs county median 2.2 percentage points","BLS LAUS 2016 via Plotly public sample dataset"
"35015","Eddy County","NM","1.6","1.6","Eddy County, NM","2016 unemployment 6.6%; gap vs county median 1.6 percentage points","BLS LAUS 2016 via Plotly public sample dataset"
"35017","Grant County","NM","1.6","1.6","Grant County, NM","2016 unemployment 6.6%; gap vs county median 1.6 percentage points","BLS LAUS 2016 via Plotly public sample dataset"
"35019","Guadalupe County","NM","1.5","1.5","Guadalupe County, NM","2016 unemployment 6.5%; gap vs county median 1.5 percentage points","BLS LAUS 2016 via Plotly public sample dataset"
"35021","Harding County","NM","2.2","2.2","Harding County, NM","2016 unemployment 7.2%; gap vs county median 2.2 percentage points","BLS LAUS 2016 via Plotly public sample dataset"
"35023","Hidalgo County","NM","0.7","0.7","Hidalgo County, NM","2016 unemployment 5.7%; gap vs county median 0.7 percentage points","BLS LAUS 2016 via Plotly public sample dataset"
"35025","Lea County","NM","4.5","4.5","Lea County, NM","2016 unemployment 9.5%; gap vs county median 4.5 percentage points","BLS LAUS 2016 via Plotly public sample dataset"
"35027","Lincoln County","NM","1","1","Lincoln County, NM","2016 unemployment 6%; gap vs county median 1 percentage points","BLS LAUS 2016 via Plotly public sample dataset"
"35028","Los Alamos County","NM","-0.8","0.8","Los Alamos County, NM","2016 unemployment 4.2%; gap vs county median -0.8 percentage points","BLS LAUS 2016 via Plotly public sample dataset"
"35029","Luna County","NM","9.7","9.7","Luna County, NM","2016 unemployment 14.7%; gap vs county median 9.7 percentage points","BLS LAUS 2016 via Plotly public sample dataset"
"35031","McKinley County","NM","4.5","4.5","McKinley County, NM","2016 unemployment 9.5%; gap vs county median 4.5 percentage points","BLS LAUS 2016 via Plotly public sample dataset"
"35033","Mora County","NM","3.8","3.8","Mora County, NM","2016 unemployment 8.8%; gap vs county median 3.8 percentage points","BLS LAUS 2016 via Plotly public sample dataset"
"35035","Otero County","NM","1","1","Otero County, NM","2016 unemployment 6%; gap vs county median 1 percentage points","BLS LAUS 2016 via Plotly public sample dataset"
"35037","Quay County","NM","1.9","1.9","Quay County, NM","2016 unemployment 6.9%; gap vs county median 1.9 percentage points","BLS LAUS 2016 via Plotly public sample dataset"
"35039","Rio Arriba County","NM","2.5","2.5","Rio Arriba County, NM","2016 unemployment 7.5%; gap vs county median 2.5 percentage points","BLS LAUS 2016 via Plotly public sample dataset"
"35041","Roosevelt County","NM","0.7","0.7","Roosevelt County, NM","2016 unemployment 5.7%; gap vs county median 0.7 percentage points","BLS LAUS 2016 via Plotly public sample dataset"
"35043","Sandoval County","NM","1.7","1.7","Sandoval County, NM","2016 unemployment 6.7%; gap vs county median 1.7 percentage points","BLS LAUS 2016 via Plotly public sample dataset"
"35045","San Juan County","NM","3.9","3.9","San Juan County, NM","2016 unemployment 8.9%; gap vs county median 3.9 percentage points","BLS LAUS 2016 via Plotly public sample dataset"
"35047","San Miguel County","NM","2.7","2.7","San Miguel County, NM","2016 unemployment 7.7%; gap vs county median 2.7 percentage points","BLS LAUS 2016 via Plotly public sample dataset"
"35049","Santa Fe County","NM","0.4","0.4","Santa Fe County, NM","2016 unemployment 5.4%; gap vs county median 0.4 percentage points","BLS LAUS 2016 via Plotly public sample dataset"
"35051","Sierra County","NM","3.5","3.5","Sierra County, NM","2016 unemployment 8.5%; gap vs county median 3.5 percentage points","BLS LAUS 2016 via Plotly public sample dataset"
"35053","Socorro County","NM","2.5","2.5","Socorro County, NM","2016 unemployment 7.5%; gap vs county median 2.5 percentage points","BLS LAUS 2016 via Plotly public sample dataset"
"35055","Taos County","NM","3.5","3.5","Taos County, NM","2016 unemployment 8.5%; gap vs county median 3.5 percentage points","BLS LAUS 2016 via Plotly public sample dataset"
"35057","Torrance County","NM","4.1","4.1","Torrance County, NM","2016 unemployment 9.1%; gap vs county median 4.1 percentage points","BLS LAUS 2016 via Plotly public sample dataset"
"35059","Union County","NM","-0.9","0.9","Union County, NM","2016 unemployment 4.1%; gap vs county median -0.9 percentage points","BLS LAUS 2016 via Plotly public sample dataset"
"35061","Valencia County","NM","2.2","2.2","Valencia County, NM","2016 unemployment 7.2%; gap vs county median 2.2 percentage points","BLS LAUS 2016 via Plotly public sample dataset"
"36001","Albany County","NY","-1","1","Albany County, NY","2016 unemployment 4%; gap vs county median -1 percentage points","BLS LAUS 2016 via Plotly public sample dataset"
"36003","Allegany County","NY","1.2","1.2","Allegany County, NY","2016 unemployment 6.2%; gap vs county median 1.2 percentage points","BLS LAUS 2016 via Plotly public sample dataset"
"36005","Bronx County","NY","2.1","2.1","Bronx County, NY","2016 unemployment 7.1%; gap vs county median 2.1 percentage points","BLS LAUS 2016 via Plotly public sample dataset"
"36007","Broome County","NY","0.4","0.4","Broome County, NY","2016 unemployment 5.4%; gap vs county median 0.4 percentage points","BLS LAUS 2016 via Plotly public sample dataset"
"36009","Cattaraugus County","NY","0.9","0.9","Cattaraugus County, NY","2016 unemployment 5.9%; gap vs county median 0.9 percentage points","BLS LAUS 2016 via Plotly public sample dataset"
"36011","Cayuga County","NY","0","0","Cayuga County, NY","2016 unemployment 5%; gap vs county median 0 percentage points","BLS LAUS 2016 via Plotly public sample dataset"
"36013","Chautauqua County","NY","0.8","0.8","Chautauqua County, NY","2016 unemployment 5.8%; gap vs county median 0.8 percentage points","BLS LAUS 2016 via Plotly public sample dataset"
"36015","Chemung County","NY","0.7","0.7","Chemung County, NY","2016 unemployment 5.7%; gap vs county median 0.7 percentage points","BLS LAUS 2016 via Plotly public sample dataset"
"36017","Chenango County","NY","0","0","Chenango County, NY","2016 unemployment 5%; gap vs county median 0 percentage points","BLS LAUS 2016 via Plotly public sample dataset"
"36019","Clinton County","NY","0.3","0.3","Clinton County, NY","2016 unemployment 5.3%; gap vs county median 0.3 percentage points","BLS LAUS 2016 via Plotly public sample dataset"
"36021","Columbia County","NY","-1.3","1.3","Columbia County, NY","2016 unemployment 3.7%; gap vs county median -1.3 percentage points","BLS LAUS 2016 via Plotly public sample dataset"
"36023","Cortland County","NY","0.7","0.7","Cortland County, NY","2016 unemployment 5.7%; gap vs county median 0.7 percentage points","BLS LAUS 2016 via Plotly public sample dataset"
"36025","Delaware County","NY","0.5","0.5","Delaware County, NY","2016 unemployment 5.5%; gap vs county median 0.5 percentage points","BLS LAUS 2016 via Plotly public sample dataset"
"36027","Dutchess County","NY","-0.8","0.8","Dutchess County, NY","2016 unemployment 4.2%; gap vs county median -0.8 percentage points","BLS LAUS 2016 via Plotly public sample dataset"
"36029","Erie County","NY","-0.1","0.1","Erie County, NY","2016 unemployment 4.9%; gap vs county median -0.1 percentage points","BLS LAUS 2016 via Plotly public sample dataset"
"36031","Essex County","NY","0.3","0.3","Essex County, NY","2016 unemployment 5.3%; gap vs county median 0.3 percentage points","BLS LAUS 2016 via Plotly public sample dataset"
"36033","Franklin County","NY","0.6","0.6","Franklin County, NY","2016 unemployment 5.6%; gap vs county median 0.6 percentage points","BLS LAUS 2016 via Plotly public sample dataset"
"36035","Fulton County","NY","0.7","0.7","Fulton County, NY","2016 unemployment 5.7%; gap vs county median 0.7 percentage points","BLS LAUS 2016 via Plotly public sample dataset"
"36037","Genesee County","NY","-0.4","0.4","Genesee County, NY","2016 unemployment 4.6%; gap vs county median -0.4 percentage points","BLS LAUS 2016 via Plotly public sample dataset"
"36039","Greene County","NY","0","0","Greene County, NY","2016 unemployment 5%; gap vs county median 0 percentage points","BLS LAUS 2016 via Plotly public sample dataset"
"36041","Hamilton County","NY","1.5","1.5","Hamilton County, NY","2016 unemployment 6.5%; gap vs county median 1.5 percentage points","BLS LAUS 2016 via Plotly public sample dataset"
"36043","Herkimer County","NY","0.5","0.5","Herkimer County, NY","2016 unemployment 5.5%; gap vs county median 0.5 percentage points","BLS LAUS 2016 via Plotly public sample dataset"
"36045","Jefferson County","NY","1.2","1.2","Jefferson County, NY","2016 unemployment 6.2%; gap vs county median 1.2 percentage points","BLS LAUS 2016 via Plotly public sample dataset"
"36047","Kings County","NY","0.3","0.3","Kings County, NY","2016 unemployment 5.3%; gap vs county median 0.3 percentage points","BLS LAUS 2016 via Plotly public sample dataset"
"36049","Lewis County","NY","1.7","1.7","Lewis County, NY","2016 unemployment 6.7%; gap vs county median 1.7 percentage points","BLS LAUS 2016 via Plotly public sample dataset"
"36051","Livingston County","NY","-0.1","0.1","Livingston County, NY","2016 unemployment 4.9%; gap vs county median -0.1 percentage points","BLS LAUS 2016 via Plotly public sample dataset"
"36053","Madison County","NY","0.2","0.2","Madison County, NY","2016 unemployment 5.2%; gap vs county median 0.2 percentage points","BLS LAUS 2016 via Plotly public sample dataset"
"36055","Monroe County","NY","-0.3","0.3","Monroe County, NY","2016 unemployment 4.7%; gap vs county median -0.3 percentage points","BLS LAUS 2016 via Plotly public sample dataset"
"36057","Montgomery County","NY","0.7","0.7","Montgomery County, NY","2016 unemployment 5.7%; gap vs county median 0.7 percentage points","BLS LAUS 2016 via Plotly public sample dataset"
"36059","Nassau County","NY","-1.1","1.1","Nassau County, NY","2016 unemployment 3.9%; gap vs county median -1.1 percentage points","BLS LAUS 2016 via Plotly public sample dataset"
"36061","New York County","NY","-0.5","0.5","New York County, NY","2016 unemployment 4.5%; gap vs county median -0.5 percentage points","BLS LAUS 2016 via Plotly public sample dataset"
"36063","Niagara County","NY","0.8","0.8","Niagara County, NY","2016 unemployment 5.8%; gap vs county median 0.8 percentage points","BLS LAUS 2016 via Plotly public sample dataset"
"36065","Oneida County","NY","-0.2","0.2","Oneida County, NY","2016 unemployment 4.8%; gap vs county median -0.2 percentage points","BLS LAUS 2016 via Plotly public sample dataset"
"36067","Onondaga County","NY","-0.5","0.5","Onondaga County, NY","2016 unemployment 4.5%; gap vs county median -0.5 percentage points","BLS LAUS 2016 via Plotly public sample dataset"
"36069","Ontario County","NY","-0.7","0.7","Ontario County, NY","2016 unemployment 4.3%; gap vs county median -0.7 percentage points","BLS LAUS 2016 via Plotly public sample dataset"
"36071","Orange County","NY","-0.7","0.7","Orange County, NY","2016 unemployment 4.3%; gap vs county median -0.7 percentage points","BLS LAUS 2016 via Plotly public sample dataset"
"36073","Orleans County","NY","0.7","0.7","Orleans County, NY","2016 unemployment 5.7%; gap vs county median 0.7 percentage points","BLS LAUS 2016 via Plotly public sample dataset"
"36075","Oswego County","NY","1.4","1.4","Oswego County, NY","2016 unemployment 6.4%; gap vs county median 1.4 percentage points","BLS LAUS 2016 via Plotly public sample dataset"
"36077","Otsego County","NY","-0.1","0.1","Otsego County, NY","2016 unemployment 4.9%; gap vs county median -0.1 percentage points","BLS LAUS 2016 via Plotly public sample dataset"
"36079","Putnam County","NY","-1","1","Putnam County, NY","2016 unemployment 4%; gap vs county median -1 percentage points","BLS LAUS 2016 via Plotly public sample dataset"
"36081","Queens County","NY","-0.5","0.5","Queens County, NY","2016 unemployment 4.5%; gap vs county median -0.5 percentage points","BLS LAUS 2016 via Plotly public sample dataset"
"36083","Rensselaer County","NY","-0.7","0.7","Rensselaer County, NY","2016 unemployment 4.3%; gap vs county median -0.7 percentage points","BLS LAUS 2016 via Plotly public sample dataset"
"36085","Richmond County","NY","0.2","0.2","Richmond County, NY","2016 unemployment 5.2%; gap vs county median 0.2 percentage points","BLS LAUS 2016 via Plotly public sample dataset"
"36087","Rockland County","NY","-0.8","0.8","Rockland County, NY","2016 unemployment 4.2%; gap vs county median -0.8 percentage points","BLS LAUS 2016 via Plotly public sample dataset"
"36089","St. Lawrence County","NY","1.6","1.6","St. Lawrence County, NY","2016 unemployment 6.6%; gap vs county median 1.6 percentage points","BLS LAUS 2016 via Plotly public sample dataset"
"36091","Saratoga County","NY","-1.2","1.2","Saratoga County, NY","2016 unemployment 3.8%; gap vs county median -1.2 percentage points","BLS LAUS 2016 via Plotly public sample dataset"
"36093","Schenectady County","NY","-0.7","0.7","Schenectady County, NY","2016 unemployment 4.3%; gap vs county median -0.7 percentage points","BLS LAUS 2016 via Plotly public sample dataset"
"36095","Schoharie County","NY","0.4","0.4","Schoharie County, NY","2016 unemployment 5.4%; gap vs county median 0.4 percentage points","BLS LAUS 2016 via Plotly public sample dataset"
"36097","Schuyler County","NY","1","1","Schuyler County, NY","2016 unemployment 6%; gap vs county median 1 percentage points","BLS LAUS 2016 via Plotly public sample dataset"
"36099","Seneca County","NY","-0.3","0.3","Seneca County, NY","2016 unemployment 4.7%; gap vs county median -0.3 percentage points","BLS LAUS 2016 via Plotly public sample dataset"
"36101","Steuben County","NY","0.8","0.8","Steuben County, NY","2016 unemployment 5.8%; gap vs county median 0.8 percentage points","BLS LAUS 2016 via Plotly public sample dataset"
"36103","Suffolk County","NY","-0.7","0.7","Suffolk County, NY","2016 unemployment 4.3%; gap vs county median -0.7 percentage points","BLS LAUS 2016 via Plotly public sample dataset"
"36105","Sullivan County","NY","-0.2","0.2","Sullivan County, NY","2016 unemployment 4.8%; gap vs county median -0.2 percentage points","BLS LAUS 2016 via Plotly public sample dataset"
"36107","Tioga County","NY","0.1","0.1","Tioga County, NY","2016 unemployment 5.1%; gap vs county median 0.1 percentage points","BLS LAUS 2016 via Plotly public sample dataset"
"36109","Tompkins County","NY","-0.9","0.9","Tompkins County, NY","2016 unemployment 4.1%; gap vs county median -0.9 percentage points","BLS LAUS 2016 via Plotly public sample dataset"
"36111","Ulster County","NY","-0.6","0.6","Ulster County, NY","2016 unemployment 4.4%; gap vs county median -0.6 percentage points","BLS LAUS 2016 via Plotly public sample dataset"
"36113","Warren County","NY","0.2","0.2","Warren County, NY","2016 unemployment 5.2%; gap vs county median 0.2 percentage points","BLS LAUS 2016 via Plotly public sample dataset"
"36115","Washington County","NY","-0.4","0.4","Washington County, NY","2016 unemployment 4.6%; gap vs county median -0.4 percentage points","BLS LAUS 2016 via Plotly public sample dataset"
"36117","Wayne County","NY","-0.1","0.1","Wayne County, NY","2016 unemployment 4.9%; gap vs county median -0.1 percentage points","BLS LAUS 2016 via Plotly public sample dataset"
"36119","Westchester County","NY","-0.8","0.8","Westchester County, NY","2016 unemployment 4.2%; gap vs county median -0.8 percentage points","BLS LAUS 2016 via Plotly public sample dataset"
"36121","Wyoming County","NY","0.3","0.3","Wyoming County, NY","2016 unemployment 5.3%; gap vs county median 0.3 percentage points","BLS LAUS 2016 via Plotly public sample dataset"
"36123","Yates County","NY","-0.6","0.6","Yates County, NY","2016 unemployment 4.4%; gap vs county median -0.6 percentage points","BLS LAUS 2016 via Plotly public sample dataset"
"37001","Alamance County","NC","-0.3","0.3","Alamance County, NC","2016 unemployment 4.7%; gap vs county median -0.3 percentage points","BLS LAUS 2016 via Plotly public sample dataset"
"37003","Alexander County","NC","-0.7","0.7","Alexander County, NC","2016 unemployment 4.3%; gap vs county median -0.7 percentage points","BLS LAUS 2016 via Plotly public sample dataset"
"37005","Alleghany County","NC","0.6","0.6","Alleghany County, NC","2016 unemployment 5.6%; gap vs county median 0.6 percentage points","BLS LAUS 2016 via Plotly public sample dataset"
"37007","Anson County","NC","0.8","0.8","Anson County, NC","2016 unemployment 5.8%; gap vs county median 0.8 percentage points","BLS LAUS 2016 via Plotly public sample dataset"
"37009","Ashe County","NC","-0.2","0.2","Ashe County, NC","2016 unemployment 4.8%; gap vs county median -0.2 percentage points","BLS LAUS 2016 via Plotly public sample dataset"
"37011","Avery County","NC","0","0","Avery County, NC","2016 unemployment 5%; gap vs county median 0 percentage points","BLS LAUS 2016 via Plotly public sample dataset"
"37013","Beaufort County","NC","0.7","0.7","Beaufort County, NC","2016 unemployment 5.7%; gap vs county median 0.7 percentage points","BLS LAUS 2016 via Plotly public sample dataset"
"37015","Bertie County","NC","1.7","1.7","Bertie County, NC","2016 unemployment 6.7%; gap vs county median 1.7 percentage points","BLS LAUS 2016 via Plotly public sample dataset"
"37017","Bladen County","NC","1.9","1.9","Bladen County, NC","2016 unemployment 6.9%; gap vs county median 1.9 percentage points","BLS LAUS 2016 via Plotly public sample dataset"
"37019","Brunswick County","NC","1.3","1.3","Brunswick County, NC","2016 unemployment 6.3%; gap vs county median 1.3 percentage points","BLS LAUS 2016 via Plotly public sample dataset"
"37021","Buncombe County","NC","-1.2","1.2","Buncombe County, NC","2016 unemployment 3.8%; gap vs county median -1.2 percentage points","BLS LAUS 2016 via Plotly public sample dataset"
"37023","Burke County","NC","-0.1","0.1","Burke County, NC","2016 unemployment 4.9%; gap vs county median -0.1 percentage points","BLS LAUS 2016 via Plotly public sample dataset"
"37025","Cabarrus County","NC","-0.5","0.5","Cabarrus County, NC","2016 unemployment 4.5%; gap vs county median -0.5 percentage points","BLS LAUS 2016 via Plotly public sample dataset"
"37027","Caldwell County","NC","0.2","0.2","Caldwell County, NC","2016 unemployment 5.2%; gap vs county median 0.2 percentage points","BLS LAUS 2016 via Plotly public sample dataset"
"37029","Camden County","NC","0.2","0.2","Camden County, NC","2016 unemployment 5.2%; gap vs county median 0.2 percentage points","BLS LAUS 2016 via Plotly public sample dataset"
"37031","Carteret County","NC","0.2","0.2","Carteret County, NC","2016 unemployment 5.2%; gap vs county median 0.2 percentage points","BLS LAUS 2016 via Plotly public sample dataset"
"37033","Caswell County","NC","0.4","0.4","Caswell County, NC","2016 unemployment 5.4%; gap vs county median 0.4 percentage points","BLS LAUS 2016 via Plotly public sample dataset"
"37035","Catawba County","NC","-0.3","0.3","Catawba County, NC","2016 unemployment 4.7%; gap vs county median -0.3 percentage points","BLS LAUS 2016 via Plotly public sample dataset"
"37037","Chatham County","NC","-0.8","0.8","Chatham County, NC","2016 unemployment 4.2%; gap vs county median -0.8 percentage points","BLS LAUS 2016 via Plotly public sample dataset"
"37039","Cherokee County","NC","0.6","0.6","Cherokee County, NC","2016 unemployment 5.6%; gap vs county median 0.6 percentage points","BLS LAUS 2016 via Plotly public sample dataset"
"37041","Chowan County","NC","1.4","1.4","Chowan County, NC","2016 unemployment 6.4%; gap vs county median 1.4 percentage points","BLS LAUS 2016 via Plotly public sample dataset"
"37043","Clay County","NC","0.4","0.4","Clay County, NC","2016 unemployment 5.4%; gap vs county median 0.4 percentage points","BLS LAUS 2016 via Plotly public sample dataset"
"37045","Cleveland County","NC","0.5","0.5","Cleveland County, NC","2016 unemployment 5.5%; gap vs county median 0.5 percentage points","BLS LAUS 2016 via Plotly public sample dataset"
"37047","Columbus County","NC","1.4","1.4","Columbus County, NC","2016 unemployment 6.4%; gap vs county median 1.4 percentage points","BLS LAUS 2016 via Plotly public sample dataset"
"37049","Craven County","NC","0.3","0.3","Craven County, NC","2016 unemployment 5.3%; gap vs county median 0.3 percentage points","BLS LAUS 2016 via Plotly public sample dataset"
"37051","Cumberland County","NC","1.3","1.3","Cumberland County, NC","2016 unemployment 6.3%; gap vs county median 1.3 percentage points","BLS LAUS 2016 via Plotly public sample dataset"
"37053","Currituck County","NC","0.2","0.2","Currituck County, NC","2016 unemployment 5.2%; gap vs county median 0.2 percentage points","BLS LAUS 2016 via Plotly public sample dataset"
"37055","Dare County","NC","1.7","1.7","Dare County, NC","2016 unemployment 6.7%; gap vs county median 1.7 percentage points","BLS LAUS 2016 via Plotly public sample dataset"
"37057","Davidson County","NC","-0.2","0.2","Davidson County, NC","2016 unemployment 4.8%; gap vs county median -0.2 percentage points","BLS LAUS 2016 via Plotly public sample dataset"
"37059","Davie County","NC","-0.5","0.5","Davie County, NC","2016 unemployment 4.5%; gap vs county median -0.5 percentage points","BLS LAUS 2016 via Plotly public sample dataset"
"37061","Duplin County","NC","0.4","0.4","Duplin County, NC","2016 unemployment 5.4%; gap vs county median 0.4 percentage points","BLS LAUS 2016 via Plotly public sample dataset"
"37063","Durham County","NC","-0.5","0.5","Durham County, NC","2016 unemployment 4.5%; gap vs county median -0.5 percentage points","BLS LAUS 2016 via Plotly public sample dataset"
"37065","Edgecombe County","NC","3.6","3.6","Edgecombe County, NC","2016 unemployment 8.6%; gap vs county median 3.6 percentage points","BLS LAUS 2016 via Plotly public sample dataset"
"37067","Forsyth County","NC","-0.1","0.1","Forsyth County, NC","2016 unemployment 4.9%; gap vs county median -0.1 percentage points","BLS LAUS 2016 via Plotly public sample dataset"
"37069","Franklin County","NC","0.1","0.1","Franklin County, NC","2016 unemployment 5.1%; gap vs county median 0.1 percentage points","BLS LAUS 2016 via Plotly public sample dataset"
"37071","Gaston County","NC","0.3","0.3","Gaston County, NC","2016 unemployment 5.3%; gap vs county median 0.3 percentage points","BLS LAUS 2016 via Plotly public sample dataset"
"37073","Gates County","NC","0.2","0.2","Gates County, NC","2016 unemployment 5.2%; gap vs county median 0.2 percentage points","BLS LAUS 2016 via Plotly public sample dataset"
"37075","Graham County","NC","3.8","3.8","Graham County, NC","2016 unemployment 8.8%; gap vs county median 3.8 percentage points","BLS LAUS 2016 via Plotly public sample dataset"
"37077","Granville County","NC","-0.7","0.7","Granville County, NC","2016 unemployment 4.3%; gap vs county median -0.7 percentage points","BLS LAUS 2016 via Plotly public sample dataset"
"37079","Greene County","NC","0.2","0.2","Greene County, NC","2016 unemployment 5.2%; gap vs county median 0.2 percentage points","BLS LAUS 2016 via Plotly public sample dataset"
"37081","Guilford County","NC","0.2","0.2","Guilford County, NC","2016 unemployment 5.2%; gap vs county median 0.2 percentage points","BLS LAUS 2016 via Plotly public sample dataset"
"37083","Halifax County","NC","3","3","Halifax County, NC","2016 unemployment 8%; gap vs county median 3 percentage points","BLS LAUS 2016 via Plotly public sample dataset"
"37085","Harnett County","NC","0.7","0.7","Harnett County, NC","2016 unemployment 5.7%; gap vs county median 0.7 percentage points","BLS LAUS 2016 via Plotly public sample dataset"
"37087","Haywood County","NC","-0.4","0.4","Haywood County, NC","2016 unemployment 4.6%; gap vs county median -0.4 percentage points","BLS LAUS 2016 via Plotly public sample dataset"
"37089","Henderson County","NC","-0.8","0.8","Henderson County, NC","2016 unemployment 4.2%; gap vs county median -0.8 percentage points","BLS LAUS 2016 via Plotly public sample dataset"
"37091","Hertford County","NC","1.5","1.5","Hertford County, NC","2016 unemployment 6.5%; gap vs county median 1.5 percentage points","BLS LAUS 2016 via Plotly public sample dataset"
"37093","Hoke County","NC","1.5","1.5","Hoke County, NC","2016 unemployment 6.5%; gap vs county median 1.5 percentage points","BLS LAUS 2016 via Plotly public sample dataset"
"37095","Hyde County","NC","4.4","4.4","Hyde County, NC","2016 unemployment 9.4%; gap vs county median 4.4 percentage points","BLS LAUS 2016 via Plotly public sample dataset"
"37097","Iredell County","NC","-0.2","0.2","Iredell County, NC","2016 unemployment 4.8%; gap vs county median -0.2 percentage points","BLS LAUS 2016 via Plotly public sample dataset"
"37099","Jackson County","NC","0.4","0.4","Jackson County, NC","2016 unemployment 5.4%; gap vs county median 0.4 percentage points","BLS LAUS 2016 via Plotly public sample dataset"
"37101","Johnston County","NC","-0.4","0.4","Johnston County, NC","2016 unemployment 4.6%; gap vs county median -0.4 percentage points","BLS LAUS 2016 via Plotly public sample dataset"
"37103","Jones County","NC","0.3","0.3","Jones County, NC","2016 unemployment 5.3%; gap vs county median 0.3 percentage points","BLS LAUS 2016 via Plotly public sample dataset"
"37105","Lee County","NC","0.9","0.9","Lee County, NC","2016 unemployment 5.9%; gap vs county median 0.9 percentage points","BLS LAUS 2016 via Plotly public sample dataset"
"37107","Lenoir County","NC","0.9","0.9","Lenoir County, NC","2016 unemployment 5.9%; gap vs county median 0.9 percentage points","BLS LAUS 2016 via Plotly public sample dataset"
"37109","Lincoln County","NC","-0.4","0.4","Lincoln County, NC","2016 unemployment 4.6%; gap vs county median -0.4 percentage points","BLS LAUS 2016 via Plotly public sample dataset"
"37111","McDowell County","NC","-0.2","0.2","McDowell County, NC","2016 unemployment 4.8%; gap vs county median -0.2 percentage points","BLS LAUS 2016 via Plotly public sample dataset"
"37113","Macon County","NC","0.4","0.4","Macon County, NC","2016 unemployment 5.4%; gap vs county median 0.4 percentage points","BLS LAUS 2016 via Plotly public sample dataset"
"37115","Madison County","NC","-0.1","0.1","Madison County, NC","2016 unemployment 4.9%; gap vs county median -0.1 percentage points","BLS LAUS 2016 via Plotly public sample dataset"
"37117","Martin County","NC","1.7","1.7","Martin County, NC","2016 unemployment 6.7%; gap vs county median 1.7 percentage points","BLS LAUS 2016 via Plotly public sample dataset"
"37119","Mecklenburg County","NC","-0.3","0.3","Mecklenburg County, NC","2016 unemployment 4.7%; gap vs county median -0.3 percentage points","BLS LAUS 2016 via Plotly public sample dataset"
"37121","Mitchell County","NC","1.1","1.1","Mitchell County, NC","2016 unemployment 6.1%; gap vs county median 1.1 percentage points","BLS LAUS 2016 via Plotly public sample dataset"
"37123","Montgomery County","NC","0.2","0.2","Montgomery County, NC","2016 unemployment 5.2%; gap vs county median 0.2 percentage points","BLS LAUS 2016 via Plotly public sample dataset"
"37125","Moore County","NC","0","0","Moore County, NC","2016 unemployment 5%; gap vs county median 0 percentage points","BLS LAUS 2016 via Plotly public sample dataset"
"37127","Nash County","NC","1.6","1.6","Nash County, NC","2016 unemployment 6.6%; gap vs county median 1.6 percentage points","BLS LAUS 2016 via Plotly public sample dataset"
"37129","New Hanover County","NC","-0.3","0.3","New Hanover County, NC","2016 unemployment 4.7%; gap vs county median -0.3 percentage points","BLS LAUS 2016 via Plotly public sample dataset"
"37131","Northampton County","NC","2.3","2.3","Northampton County, NC","2016 unemployment 7.3%; gap vs county median 2.3 percentage points","BLS LAUS 2016 via Plotly public sample dataset"
"37133","Onslow County","NC","0.5","0.5","Onslow County, NC","2016 unemployment 5.5%; gap vs county median 0.5 percentage points","BLS LAUS 2016 via Plotly public sample dataset"
"37135","Orange County","NC","-0.7","0.7","Orange County, NC","2016 unemployment 4.3%; gap vs county median -0.7 percentage points","BLS LAUS 2016 via Plotly public sample dataset"
"37137","Pamlico County","NC","0.3","0.3","Pamlico County, NC","2016 unemployment 5.3%; gap vs county median 0.3 percentage points","BLS LAUS 2016 via Plotly public sample dataset"
"37139","Pasquotank County","NC","1.3","1.3","Pasquotank County, NC","2016 unemployment 6.3%; gap vs county median 1.3 percentage points","BLS LAUS 2016 via Plotly public sample dataset"
"37141","Pender County","NC","0.3","0.3","Pender County, NC","2016 unemployment 5.3%; gap vs county median 0.3 percentage points","BLS LAUS 2016 via Plotly public sample dataset"
"37143","Perquimans County","NC","1.4","1.4","Perquimans County, NC","2016 unemployment 6.4%; gap vs county median 1.4 percentage points","BLS LAUS 2016 via Plotly public sample dataset"
"37145","Person County","NC","0.5","0.5","Person County, NC","2016 unemployment 5.5%; gap vs county median 0.5 percentage points","BLS LAUS 2016 via Plotly public sample dataset"
"37147","Pitt County","NC","0.5","0.5","Pitt County, NC","2016 unemployment 5.5%; gap vs county median 0.5 percentage points","BLS LAUS 2016 via Plotly public sample dataset"
"37149","Polk County","NC","-0.3","0.3","Polk County, NC","2016 unemployment 4.7%; gap vs county median -0.3 percentage points","BLS LAUS 2016 via Plotly public sample dataset"
"37151","Randolph County","NC","-0.1","0.1","Randolph County, NC","2016 unemployment 4.9%; gap vs county median -0.1 percentage points","BLS LAUS 2016 via Plotly public sample dataset"
"37153","Richmond County","NC","2","2","Richmond County, NC","2016 unemployment 7%; gap vs county median 2 percentage points","BLS LAUS 2016 via Plotly public sample dataset"
"37155","Robeson County","NC","2.9","2.9","Robeson County, NC","2016 unemployment 7.9%; gap vs county median 2.9 percentage points","BLS LAUS 2016 via Plotly public sample dataset"
"37157","Rockingham County","NC","0.6","0.6","Rockingham County, NC","2016 unemployment 5.6%; gap vs county median 0.6 percentage points","BLS LAUS 2016 via Plotly public sample dataset"
"37159","Rowan County","NC","0.5","0.5","Rowan County, NC","2016 unemployment 5.5%; gap vs county median 0.5 percentage points","BLS LAUS 2016 via Plotly public sample dataset"
"37161","Rutherford County","NC","1.7","1.7","Rutherford County, NC","2016 unemployment 6.7%; gap vs county median 1.7 percentage points","BLS LAUS 2016 via Plotly public sample dataset"
"37163","Sampson County","NC","0.4","0.4","Sampson County, NC","2016 unemployment 5.4%; gap vs county median 0.4 percentage points","BLS LAUS 2016 via Plotly public sample dataset"
"37165","Scotland County","NC","4.2","4.2","Scotland County, NC","2016 unemployment 9.2%; gap vs county median 4.2 percentage points","BLS LAUS 2016 via Plotly public sample dataset"
"37167","Stanly County","NC","-0.4","0.4","Stanly County, NC","2016 unemployment 4.6%; gap vs county median -0.4 percentage points","BLS LAUS 2016 via Plotly public sample dataset"
"37169","Stokes County","NC","-0.2","0.2","Stokes County, NC","2016 unemployment 4.8%; gap vs county median -0.2 percentage points","BLS LAUS 2016 via Plotly public sample dataset"
"37171","Surry County","NC","-0.2","0.2","Surry County, NC","2016 unemployment 4.8%; gap vs county median -0.2 percentage points","BLS LAUS 2016 via Plotly public sample dataset"
"37173","Swain County","NC","1.1","1.1","Swain County, NC","2016 unemployment 6.1%; gap vs county median 1.1 percentage points","BLS LAUS 2016 via Plotly public sample dataset"
"37175","Transylvania County","NC","-0.1","0.1","Transylvania County, NC","2016 unemployment 4.9%; gap vs county median -0.1 percentage points","BLS LAUS 2016 via Plotly public sample dataset"
"37177","Tyrrell County","NC","3.4","3.4","Tyrrell County, NC","2016 unemployment 8.4%; gap vs county median 3.4 percentage points","BLS LAUS 2016 via Plotly public sample dataset"
"37179","Union County","NC","-0.7","0.7","Union County, NC","2016 unemployment 4.3%; gap vs county median -0.7 percentage points","BLS LAUS 2016 via Plotly public sample dataset"
"37181","Vance County","NC","2.2","2.2","Vance County, NC","2016 unemployment 7.2%; gap vs county median 2.2 percentage points","BLS LAUS 2016 via Plotly public sample dataset"
"37183","Wake County","NC","-0.8","0.8","Wake County, NC","2016 unemployment 4.2%; gap vs county median -0.8 percentage points","BLS LAUS 2016 via Plotly public sample dataset"
"37185","Warren County","NC","2.3","2.3","Warren County, NC","2016 unemployment 7.3%; gap vs county median 2.3 percentage points","BLS LAUS 2016 via Plotly public sample dataset"
"37187","Washington County","NC","2.4","2.4","Washington County, NC","2016 unemployment 7.4%; gap vs county median 2.4 percentage points","BLS LAUS 2016 via Plotly public sample dataset"
"37189","Watauga County","NC","-0.5","0.5","Watauga County, NC","2016 unemployment 4.5%; gap vs county median -0.5 percentage points","BLS LAUS 2016 via Plotly public sample dataset"
"37191","Wayne County","NC","0.8","0.8","Wayne County, NC","2016 unemployment 5.8%; gap vs county median 0.8 percentage points","BLS LAUS 2016 via Plotly public sample dataset"
"37193","Wilkes County","NC","-0.2","0.2","Wilkes County, NC","2016 unemployment 4.8%; gap vs county median -0.2 percentage points","BLS LAUS 2016 via Plotly public sample dataset"
"37195","Wilson County","NC","3.1","3.1","Wilson County, NC","2016 unemployment 8.1%; gap vs county median 3.1 percentage points","BLS LAUS 2016 via Plotly public sample dataset"
"37197","Yadkin County","NC","-0.6","0.6","Yadkin County, NC","2016 unemployment 4.4%; gap vs county median -0.6 percentage points","BLS LAUS 2016 via Plotly public sample dataset"
"37199","Yancey County","NC","0.2","0.2","Yancey County, NC","2016 unemployment 5.2%; gap vs county median 0.2 percentage points","BLS LAUS 2016 via Plotly public sample dataset"
"38001","Adams County","ND","-2.3","2.3","Adams County, ND","2016 unemployment 2.7%; gap vs county median -2.3 percentage points","BLS LAUS 2016 via Plotly public sample dataset"
"38003","Barnes County","ND","-1.7","1.7","Barnes County, ND","2016 unemployment 3.3%; gap vs county median -1.7 percentage points","BLS LAUS 2016 via Plotly public sample dataset"
"38005","Benson County","ND","-0.9","0.9","Benson County, ND","2016 unemployment 4.1%; gap vs county median -0.9 percentage points","BLS LAUS 2016 via Plotly public sample dataset"
"38007","Billings County","ND","-1.8","1.8","Billings County, ND","2016 unemployment 3.2%; gap vs county median -1.8 percentage points","BLS LAUS 2016 via Plotly public sample dataset"
"38009","Bottineau County","ND","-0.2","0.2","Bottineau County, ND","2016 unemployment 4.8%; gap vs county median -0.2 percentage points","BLS LAUS 2016 via Plotly public sample dataset"
"38011","Bowman County","ND","-2.8","2.8","Bowman County, ND","2016 unemployment 2.2%; gap vs county median -2.8 percentage points","BLS LAUS 2016 via Plotly public sample dataset"
"38013","Burke County","ND","-0.1","0.1","Burke County, ND","2016 unemployment 4.9%; gap vs county median -0.1 percentage points","BLS LAUS 2016 via Plotly public sample dataset"
"38015","Burleigh County","ND","-2.4","2.4","Burleigh County, ND","2016 unemployment 2.6%; gap vs county median -2.4 percentage points","BLS LAUS 2016 via Plotly public sample dataset"
"38017","Cass County","ND","-2.7","2.7","Cass County, ND","2016 unemployment 2.3%; gap vs county median -2.7 percentage points","BLS LAUS 2016 via Plotly public sample dataset"
"38019","Cavalier County","ND","-2.3","2.3","Cavalier County, ND","2016 unemployment 2.7%; gap vs county median -2.3 percentage points","BLS LAUS 2016 via Plotly public sample dataset"
"38021","Dickey County","ND","-3","3","Dickey County, ND","2016 unemployment 2%; gap vs county median -3 percentage points","BLS LAUS 2016 via Plotly public sample dataset"
"38023","Divide County","ND","-2.3","2.3","Divide County, ND","2016 unemployment 2.7%; gap vs county median -2.3 percentage points","BLS LAUS 2016 via Plotly public sample dataset"
"38025","Dunn County","ND","-1.9","1.9","Dunn County, ND","2016 unemployment 3.1%; gap vs county median -1.9 percentage points","BLS LAUS 2016 via Plotly public sample dataset"
"38027","Eddy County","ND","-0.5","0.5","Eddy County, ND","2016 unemployment 4.5%; gap vs county median -0.5 percentage points","BLS LAUS 2016 via Plotly public sample dataset"
"38029","Emmons County","ND","-0.5","0.5","Emmons County, ND","2016 unemployment 4.5%; gap vs county median -0.5 percentage points","BLS LAUS 2016 via Plotly public sample dataset"
"38031","Foster County","ND","-1.9","1.9","Foster County, ND","2016 unemployment 3.1%; gap vs county median -1.9 percentage points","BLS LAUS 2016 via Plotly public sample dataset"
"38033","Golden Valley County","ND","-2.2","2.2","Golden Valley County, ND","2016 unemployment 2.8%; gap vs county median -2.2 percentage points","BLS LAUS 2016 via Plotly public sample dataset"
"38035","Grand Forks County","ND","-2.6","2.6","Grand Forks County, ND","2016 unemployment 2.4%; gap vs county median -2.6 percentage points","BLS LAUS 2016 via Plotly public sample dataset"
"38037","Grant County","ND","-1.8","1.8","Grant County, ND","2016 unemployment 3.2%; gap vs county median -1.8 percentage points","BLS LAUS 2016 via Plotly public sample dataset"
"38039","Griggs County","ND","-2","2","Griggs County, ND","2016 unemployment 3%; gap vs county median -2 percentage points","BLS LAUS 2016 via Plotly public sample dataset"
"38041","Hettinger County","ND","-1.9","1.9","Hettinger County, ND","2016 unemployment 3.1%; gap vs county median -1.9 percentage points","BLS LAUS 2016 via Plotly public sample dataset"
"38043","Kidder County","ND","-1.1","1.1","Kidder County, ND","2016 unemployment 3.9%; gap vs county median -1.1 percentage points","BLS LAUS 2016 via Plotly public sample dataset"
"38045","LaMoure County","ND","-2.5","2.5","LaMoure County, ND","2016 unemployment 2.5%; gap vs county median -2.5 percentage points","BLS LAUS 2016 via Plotly public sample dataset"
"38047","Logan County","ND","-1.5","1.5","Logan County, ND","2016 unemployment 3.5%; gap vs county median -1.5 percentage points","BLS LAUS 2016 via Plotly public sample dataset"
"38049","McHenry County","ND","0.1","0.1","McHenry County, ND","2016 unemployment 5.1%; gap vs county median 0.1 percentage points","BLS LAUS 2016 via Plotly public sample dataset"
"38051","McIntosh County","ND","-1.8","1.8","McIntosh County, ND","2016 unemployment 3.2%; gap vs county median -1.8 percentage points","BLS LAUS 2016 via Plotly public sample dataset"
"38053","McKenzie County","ND","-1.2","1.2","McKenzie County, ND","2016 unemployment 3.8%; gap vs county median -1.2 percentage points","BLS LAUS 2016 via Plotly public sample dataset"
"38055","McLean County","ND","-1.4","1.4","McLean County, ND","2016 unemployment 3.6%; gap vs county median -1.4 percentage points","BLS LAUS 2016 via Plotly public sample dataset"
"38057","Mercer County","ND","-0.4","0.4","Mercer County, ND","2016 unemployment 4.6%; gap vs county median -0.4 percentage points","BLS LAUS 2016 via Plotly public sample dataset"
"38059","Morton County","ND","-1.7","1.7","Morton County, ND","2016 unemployment 3.3%; gap vs county median -1.7 percentage points","BLS LAUS 2016 via Plotly public sample dataset"
"38061","Mountrail County","ND","-1.9","1.9","Mountrail County, ND","2016 unemployment 3.1%; gap vs county median -1.9 percentage points","BLS LAUS 2016 via Plotly public sample dataset"
"38063","Nelson County","ND","-1.5","1.5","Nelson County, ND","2016 unemployment 3.5%; gap vs county median -1.5 percentage points","BLS LAUS 2016 via Plotly public sample dataset"
"38065","Oliver County","ND","0.4","0.4","Oliver County, ND","2016 unemployment 5.4%; gap vs county median 0.4 percentage points","BLS LAUS 2016 via Plotly public sample dataset"
"38067","Pembina County","ND","0.1","0.1","Pembina County, ND","2016 unemployment 5.1%; gap vs county median 0.1 percentage points","BLS LAUS 2016 via Plotly public sample dataset"
"38069","Pierce County","ND","-0.9","0.9","Pierce County, ND","2016 unemployment 4.1%; gap vs county median -0.9 percentage points","BLS LAUS 2016 via Plotly public sample dataset"
"38071","Ramsey County","ND","-2.1","2.1","Ramsey County, ND","2016 unemployment 2.9%; gap vs county median -2.1 percentage points","BLS LAUS 2016 via Plotly public sample dataset"
"38073","Ransom County","ND","-2.7","2.7","Ransom County, ND","2016 unemployment 2.3%; gap vs county median -2.7 percentage points","BLS LAUS 2016 via Plotly public sample dataset"
"38075","Renville County","ND","-0.9","0.9","Renville County, ND","2016 unemployment 4.1%; gap vs county median -0.9 percentage points","BLS LAUS 2016 via Plotly public sample dataset"
"38077","Richland County","ND","-2.2","2.2","Richland County, ND","2016 unemployment 2.8%; gap vs county median -2.2 percentage points","BLS LAUS 2016 via Plotly public sample dataset"
"38079","Rolette County","ND","6","6","Rolette County, ND","2016 unemployment 11%; gap vs county median 6 percentage points","BLS LAUS 2016 via Plotly public sample dataset"
"38081","Sargent County","ND","-3","3","Sargent County, ND","2016 unemployment 2%; gap vs county median -3 percentage points","BLS LAUS 2016 via Plotly public sample dataset"
"38083","Sheridan County","ND","0.8","0.8","Sheridan County, ND","2016 unemployment 5.8%; gap vs county median 0.8 percentage points","BLS LAUS 2016 via Plotly public sample dataset"
"38085","Sioux County","ND","-0.6","0.6","Sioux County, ND","2016 unemployment 4.4%; gap vs county median -0.6 percentage points","BLS LAUS 2016 via Plotly public sample dataset"
"38087","Slope County","ND","-2.5","2.5","Slope County, ND","2016 unemployment 2.5%; gap vs county median -2.5 percentage points","BLS LAUS 2016 via Plotly public sample dataset"
"38089","Stark County","ND","-1","1","Stark County, ND","2016 unemployment 4%; gap vs county median -1 percentage points","BLS LAUS 2016 via Plotly public sample dataset"
"38091","Steele County","ND","-2.8","2.8","Steele County, ND","2016 unemployment 2.2%; gap vs county median -2.8 percentage points","BLS LAUS 2016 via Plotly public sample dataset"
"38093","Stutsman County","ND","-2.5","2.5","Stutsman County, ND","2016 unemployment 2.5%; gap vs county median -2.5 percentage points","BLS LAUS 2016 via Plotly public sample dataset"
"38095","Towner County","ND","-2.7","2.7","Towner County, ND","2016 unemployment 2.3%; gap vs county median -2.7 percentage points","BLS LAUS 2016 via Plotly public sample dataset"
"38097","Traill County","ND","-2.1","2.1","Traill County, ND","2016 unemployment 2.9%; gap vs county median -2.1 percentage points","BLS LAUS 2016 via Plotly public sample dataset"
"38099","Walsh County","ND","-1.1","1.1","Walsh County, ND","2016 unemployment 3.9%; gap vs county median -1.1 percentage points","BLS LAUS 2016 via Plotly public sample dataset"
"38101","Ward County","ND","-0.8","0.8","Ward County, ND","2016 unemployment 4.2%; gap vs county median -0.8 percentage points","BLS LAUS 2016 via Plotly public sample dataset"
"38103","Wells County","ND","-1","1","Wells County, ND","2016 unemployment 4%; gap vs county median -1 percentage points","BLS LAUS 2016 via Plotly public sample dataset"
"38105","Williams County","ND","-0.6","0.6","Williams County, ND","2016 unemployment 4.4%; gap vs county median -0.6 percentage points","BLS LAUS 2016 via Plotly public sample dataset"
"39001","Adams County","OH","2.5","2.5","Adams County, OH","2016 unemployment 7.5%; gap vs county median 2.5 percentage points","BLS LAUS 2016 via Plotly public sample dataset"
"39003","Allen County","OH","0","0","Allen County, OH","2016 unemployment 5%; gap vs county median 0 percentage points","BLS LAUS 2016 via Plotly public sample dataset"
"39005","Ashland County","OH","0","0","Ashland County, OH","2016 unemployment 5%; gap vs county median 0 percentage points","BLS LAUS 2016 via Plotly public sample dataset"
"39007","Ashtabula County","OH","1","1","Ashtabula County, OH","2016 unemployment 6%; gap vs county median 1 percentage points","BLS LAUS 2016 via Plotly public sample dataset"
"39009","Athens County","OH","1.2","1.2","Athens County, OH","2016 unemployment 6.2%; gap vs county median 1.2 percentage points","BLS LAUS 2016 via Plotly public sample dataset"
"39011","Auglaize County","OH","-1.3","1.3","Auglaize County, OH","2016 unemployment 3.7%; gap vs county median -1.3 percentage points","BLS LAUS 2016 via Plotly public sample dataset"
"39013","Belmont County","OH","2.4","2.4","Belmont County, OH","2016 unemployment 7.4%; gap vs county median 2.4 percentage points","BLS LAUS 2016 via Plotly public sample dataset"
"39015","Brown County","OH","0.7","0.7","Brown County, OH","2016 unemployment 5.7%; gap vs county median 0.7 percentage points","BLS LAUS 2016 via Plotly public sample dataset"
"39017","Butler County","OH","-0.6","0.6","Butler County, OH","2016 unemployment 4.4%; gap vs county median -0.6 percentage points","BLS LAUS 2016 via Plotly public sample dataset"
"39019","Carroll County","OH","1.8","1.8","Carroll County, OH","2016 unemployment 6.8%; gap vs county median 1.8 percentage points","BLS LAUS 2016 via Plotly public sample dataset"
"39021","Champaign County","OH","-0.5","0.5","Champaign County, OH","2016 unemployment 4.5%; gap vs county median -0.5 percentage points","BLS LAUS 2016 via Plotly public sample dataset"
"39023","Clark County","OH","0.2","0.2","Clark County, OH","2016 unemployment 5.2%; gap vs county median 0.2 percentage points","BLS LAUS 2016 via Plotly public sample dataset"
"39025","Clermont County","OH","-0.6","0.6","Clermont County, OH","2016 unemployment 4.4%; gap vs county median -0.6 percentage points","BLS LAUS 2016 via Plotly public sample dataset"
"39027","Clinton County","OH","0.8","0.8","Clinton County, OH","2016 unemployment 5.8%; gap vs county median 0.8 percentage points","BLS LAUS 2016 via Plotly public sample dataset"
"39029","Columbiana County","OH","1.6","1.6","Columbiana County, OH","2016 unemployment 6.6%; gap vs county median 1.6 percentage points","BLS LAUS 2016 via Plotly public sample dataset"
"39031","Coshocton County","OH","2","2","Coshocton County, OH","2016 unemployment 7%; gap vs county median 2 percentage points","BLS LAUS 2016 via Plotly public sample dataset"
"39033","Crawford County","OH","1","1","Crawford County, OH","2016 unemployment 6%; gap vs county median 1 percentage points","BLS LAUS 2016 via Plotly public sample dataset"
"39035","Cuyahoga County","OH","0.4","0.4","Cuyahoga County, OH","2016 unemployment 5.4%; gap vs county median 0.4 percentage points","BLS LAUS 2016 via Plotly public sample dataset"
"39037","Darke County","OH","-0.9","0.9","Darke County, OH","2016 unemployment 4.1%; gap vs county median -0.9 percentage points","BLS LAUS 2016 via Plotly public sample dataset"
"39039","Defiance County","OH","-0.2","0.2","Defiance County, OH","2016 unemployment 4.8%; gap vs county median -0.2 percentage points","BLS LAUS 2016 via Plotly public sample dataset"
"39041","Delaware County","OH","-1.5","1.5","Delaware County, OH","2016 unemployment 3.5%; gap vs county median -1.5 percentage points","BLS LAUS 2016 via Plotly public sample dataset"
"39043","Erie County","OH","0.5","0.5","Erie County, OH","2016 unemployment 5.5%; gap vs county median 0.5 percentage points","BLS LAUS 2016 via Plotly public sample dataset"
"39045","Fairfield County","OH","-0.8","0.8","Fairfield County, OH","2016 unemployment 4.2%; gap vs county median -0.8 percentage points","BLS LAUS 2016 via Plotly public sample dataset"
"39047","Fayette County","OH","-0.6","0.6","Fayette County, OH","2016 unemployment 4.4%; gap vs county median -0.6 percentage points","BLS LAUS 2016 via Plotly public sample dataset"
"39049","Franklin County","OH","-1","1","Franklin County, OH","2016 unemployment 4%; gap vs county median -1 percentage points","BLS LAUS 2016 via Plotly public sample dataset"
"39051","Fulton County","OH","-0.4","0.4","Fulton County, OH","2016 unemployment 4.6%; gap vs county median -0.4 percentage points","BLS LAUS 2016 via Plotly public sample dataset"
"39053","Gallia County","OH","1.7","1.7","Gallia County, OH","2016 unemployment 6.7%; gap vs county median 1.7 percentage points","BLS LAUS 2016 via Plotly public sample dataset"
"39055","Geauga County","OH","-0.6","0.6","Geauga County, OH","2016 unemployment 4.4%; gap vs county median -0.6 percentage points","BLS LAUS 2016 via Plotly public sample dataset"
"39057","Greene County","OH","-0.7","0.7","Greene County, OH","2016 unemployment 4.3%; gap vs county median -0.7 percentage points","BLS LAUS 2016 via Plotly public sample dataset"
"39059","Guernsey County","OH","2","2","Guernsey County, OH","2016 unemployment 7%; gap vs county median 2 percentage points","BLS LAUS 2016 via Plotly public sample dataset"
"39061","Hamilton County","OH","-0.7","0.7","Hamilton County, OH","2016 unemployment 4.3%; gap vs county median -0.7 percentage points","BLS LAUS 2016 via Plotly public sample dataset"
"39063","Hancock County","OH","-1.4","1.4","Hancock County, OH","2016 unemployment 3.6%; gap vs county median -1.4 percentage points","BLS LAUS 2016 via Plotly public sample dataset"
"39065","Hardin County","OH","0","0","Hardin County, OH","2016 unemployment 5%; gap vs county median 0 percentage points","BLS LAUS 2016 via Plotly public sample dataset"
"39067","Harrison County","OH","2.5","2.5","Harrison County, OH","2016 unemployment 7.5%; gap vs county median 2.5 percentage points","BLS LAUS 2016 via Plotly public sample dataset"
"39069","Henry County","OH","0.3","0.3","Henry County, OH","2016 unemployment 5.3%; gap vs county median 0.3 percentage points","BLS LAUS 2016 via Plotly public sample dataset"
"39071","Highland County","OH","1.3","1.3","Highland County, OH","2016 unemployment 6.3%; gap vs county median 1.3 percentage points","BLS LAUS 2016 via Plotly public sample dataset"
"39073","Hocking County","OH","0.4","0.4","Hocking County, OH","2016 unemployment 5.4%; gap vs county median 0.4 percentage points","BLS LAUS 2016 via Plotly public sample dataset"
"39075","Holmes County","OH","-1.5","1.5","Holmes County, OH","2016 unemployment 3.5%; gap vs county median -1.5 percentage points","BLS LAUS 2016 via Plotly public sample dataset"
"39077","Huron County","OH","1.5","1.5","Huron County, OH","2016 unemployment 6.5%; gap vs county median 1.5 percentage points","BLS LAUS 2016 via Plotly public sample dataset"
"39079","Jackson County","OH","2.8","2.8","Jackson County, OH","2016 unemployment 7.8%; gap vs county median 2.8 percentage points","BLS LAUS 2016 via Plotly public sample dataset"
"39081","Jefferson County","OH","3.3","3.3","Jefferson County, OH","2016 unemployment 8.3%; gap vs county median 3.3 percentage points","BLS LAUS 2016 via Plotly public sample dataset"
"39083","Knox County","OH","-0.5","0.5","Knox County, OH","2016 unemployment 4.5%; gap vs county median -0.5 percentage points","BLS LAUS 2016 via Plotly public sample dataset"
"39085","Lake County","OH","-0.2","0.2","Lake County, OH","2016 unemployment 4.8%; gap vs county median -0.2 percentage points","BLS LAUS 2016 via Plotly public sample dataset"
"39087","Lawrence County","OH","1.4","1.4","Lawrence County, OH","2016 unemployment 6.4%; gap vs county median 1.4 percentage points","BLS LAUS 2016 via Plotly public sample dataset"
"39089","Licking County","OH","-0.7","0.7","Licking County, OH","2016 unemployment 4.3%; gap vs county median -0.7 percentage points","BLS LAUS 2016 via Plotly public sample dataset"
"39091","Logan County","OH","-0.8","0.8","Logan County, OH","2016 unemployment 4.2%; gap vs county median -0.8 percentage points","BLS LAUS 2016 via Plotly public sample dataset"
"39093","Lorain County","OH","0.9","0.9","Lorain County, OH","2016 unemployment 5.9%; gap vs county median 0.9 percentage points","BLS LAUS 2016 via Plotly public sample dataset"
"39095","Lucas County","OH","0.1","0.1","Lucas County, OH","2016 unemployment 5.1%; gap vs county median 0.1 percentage points","BLS LAUS 2016 via Plotly public sample dataset"
"39097","Madison County","OH","-1.2","1.2","Madison County, OH","2016 unemployment 3.8%; gap vs county median -1.2 percentage points","BLS LAUS 2016 via Plotly public sample dataset"
"39099","Mahoning County","OH","1.3","1.3","Mahoning County, OH","2016 unemployment 6.3%; gap vs county median 1.3 percentage points","BLS LAUS 2016 via Plotly public sample dataset"
"39101","Marion County","OH","0","0","Marion County, OH","2016 unemployment 5%; gap vs county median 0 percentage points","BLS LAUS 2016 via Plotly public sample dataset"
"39103","Medina County","OH","-0.7","0.7","Medina County, OH","2016 unemployment 4.3%; gap vs county median -0.7 percentage points","BLS LAUS 2016 via Plotly public sample dataset"
"39105","Meigs County","OH","3.3","3.3","Meigs County, OH","2016 unemployment 8.3%; gap vs county median 3.3 percentage points","BLS LAUS 2016 via Plotly public sample dataset"
"39107","Mercer County","OH","-1.8","1.8","Mercer County, OH","2016 unemployment 3.2%; gap vs county median -1.8 percentage points","BLS LAUS 2016 via Plotly public sample dataset"
"39109","Miami County","OH","-0.7","0.7","Miami County, OH","2016 unemployment 4.3%; gap vs county median -0.7 percentage points","BLS LAUS 2016 via Plotly public sample dataset"
"39111","Monroe County","OH","6.1","6.1","Monroe County, OH","2016 unemployment 11.1%; gap vs county median 6.1 percentage points","BLS LAUS 2016 via Plotly public sample dataset"
"39113","Montgomery County","OH","-0.2","0.2","Montgomery County, OH","2016 unemployment 4.8%; gap vs county median -0.2 percentage points","BLS LAUS 2016 via Plotly public sample dataset"
"39115","Morgan County","OH","3.1","3.1","Morgan County, OH","2016 unemployment 8.1%; gap vs county median 3.1 percentage points","BLS LAUS 2016 via Plotly public sample dataset"
"39117","Morrow County","OH","-0.1","0.1","Morrow County, OH","2016 unemployment 4.9%; gap vs county median -0.1 percentage points","BLS LAUS 2016 via Plotly public sample dataset"
"39119","Muskingum County","OH","1","1","Muskingum County, OH","2016 unemployment 6%; gap vs county median 1 percentage points","BLS LAUS 2016 via Plotly public sample dataset"
"39121","Noble County","OH","3.6","3.6","Noble County, OH","2016 unemployment 8.6%; gap vs county median 3.6 percentage points","BLS LAUS 2016 via Plotly public sample dataset"
"39123","Ottawa County","OH","1.4","1.4","Ottawa County, OH","2016 unemployment 6.4%; gap vs county median 1.4 percentage points","BLS LAUS 2016 via Plotly public sample dataset"
"39125","Paulding County","OH","-0.4","0.4","Paulding County, OH","2016 unemployment 4.6%; gap vs county median -0.4 percentage points","BLS LAUS 2016 via Plotly public sample dataset"
"39127","Perry County","OH","1.2","1.2","Perry County, OH","2016 unemployment 6.2%; gap vs county median 1.2 percentage points","BLS LAUS 2016 via Plotly public sample dataset"
"39129","Pickaway County","OH","-0.3","0.3","Pickaway County, OH","2016 unemployment 4.7%; gap vs county median -0.3 percentage points","BLS LAUS 2016 via Plotly public sample dataset"
"39131","Pike County","OH","2.4","2.4","Pike County, OH","2016 unemployment 7.4%; gap vs county median 2.4 percentage points","BLS LAUS 2016 via Plotly public sample dataset"
"39133","Portage County","OH","0","0","Portage County, OH","2016 unemployment 5%; gap vs county median 0 percentage points","BLS LAUS 2016 via Plotly public sample dataset"
"39135","Preble County","OH","-0.3","0.3","Preble County, OH","2016 unemployment 4.7%; gap vs county median -0.3 percentage points","BLS LAUS 2016 via Plotly public sample dataset"
"39137","Putnam County","OH","-1.4","1.4","Putnam County, OH","2016 unemployment 3.6%; gap vs county median -1.4 percentage points","BLS LAUS 2016 via Plotly public sample dataset"
"39139","Richland County","OH","0.5","0.5","Richland County, OH","2016 unemployment 5.5%; gap vs county median 0.5 percentage points","BLS LAUS 2016 via Plotly public sample dataset"
"39141","Ross County","OH","0.5","0.5","Ross County, OH","2016 unemployment 5.5%; gap vs county median 0.5 percentage points","BLS LAUS 2016 via Plotly public sample dataset"
"39143","Sandusky County","OH","-0.3","0.3","Sandusky County, OH","2016 unemployment 4.7%; gap vs county median -0.3 percentage points","BLS LAUS 2016 via Plotly public sample dataset"
"39145","Scioto County","OH","2.6","2.6","Scioto County, OH","2016 unemployment 7.6%; gap vs county median 2.6 percentage points","BLS LAUS 2016 via Plotly public sample dataset"
"39147","Seneca County","OH","-0.2","0.2","Seneca County, OH","2016 unemployment 4.8%; gap vs county median -0.2 percentage points","BLS LAUS 2016 via Plotly public sample dataset"
"39149","Shelby County","OH","-0.9","0.9","Shelby County, OH","2016 unemployment 4.1%; gap vs county median -0.9 percentage points","BLS LAUS 2016 via Plotly public sample dataset"
"39151","Stark County","OH","0.4","0.4","Stark County, OH","2016 unemployment 5.4%; gap vs county median 0.4 percentage points","BLS LAUS 2016 via Plotly public sample dataset"
"39153","Summit County","OH","0","0","Summit County, OH","2016 unemployment 5%; gap vs county median 0 percentage points","BLS LAUS 2016 via Plotly public sample dataset"
"39155","Trumbull County","OH","1.7","1.7","Trumbull County, OH","2016 unemployment 6.7%; gap vs county median 1.7 percentage points","BLS LAUS 2016 via Plotly public sample dataset"
"39157","Tuscarawas County","OH","0.7","0.7","Tuscarawas County, OH","2016 unemployment 5.7%; gap vs county median 0.7 percentage points","BLS LAUS 2016 via Plotly public sample dataset"
"39159","Union County","OH","-1.2","1.2","Union County, OH","2016 unemployment 3.8%; gap vs county median -1.2 percentage points","BLS LAUS 2016 via Plotly public sample dataset"
"39161","Van Wert County","OH","-1","1","Van Wert County, OH","2016 unemployment 4%; gap vs county median -1 percentage points","BLS LAUS 2016 via Plotly public sample dataset"
"39163","Vinton County","OH","2","2","Vinton County, OH","2016 unemployment 7%; gap vs county median 2 percentage points","BLS LAUS 2016 via Plotly public sample dataset"
"39165","Warren County","OH","-0.9","0.9","Warren County, OH","2016 unemployment 4.1%; gap vs county median -0.9 percentage points","BLS LAUS 2016 via Plotly public sample dataset"
"39167","Washington County","OH","1.9","1.9","Washington County, OH","2016 unemployment 6.9%; gap vs county median 1.9 percentage points","BLS LAUS 2016 via Plotly public sample dataset"
"39169","Wayne County","OH","-1.1","1.1","Wayne County, OH","2016 unemployment 3.9%; gap vs county median -1.1 percentage points","BLS LAUS 2016 via Plotly public sample dataset"
"39171","Williams County","OH","-0.6","0.6","Williams County, OH","2016 unemployment 4.4%; gap vs county median -0.6 percentage points","BLS LAUS 2016 via Plotly public sample dataset"
"39173","Wood County","OH","-0.9","0.9","Wood County, OH","2016 unemployment 4.1%; gap vs county median -0.9 percentage points","BLS LAUS 2016 via Plotly public sample dataset"
"39175","Wyandot County","OH","-1.3","1.3","Wyandot County, OH","2016 unemployment 3.7%; gap vs county median -1.3 percentage points","BLS LAUS 2016 via Plotly public sample dataset"
"40001","Adair County","OK","1","1","Adair County, OK","2016 unemployment 6%; gap vs county median 1 percentage points","BLS LAUS 2016 via Plotly public sample dataset"
"40003","Alfalfa County","OK","-1.6","1.6","Alfalfa County, OK","2016 unemployment 3.4%; gap vs county median -1.6 percentage points","BLS LAUS 2016 via Plotly public sample dataset"
"40005","Atoka County","OK","1.7","1.7","Atoka County, OK","2016 unemployment 6.7%; gap vs county median 1.7 percentage points","BLS LAUS 2016 via Plotly public sample dataset"
"40007","Beaver County","OK","-1.8","1.8","Beaver County, OK","2016 unemployment 3.2%; gap vs county median -1.8 percentage points","BLS LAUS 2016 via Plotly public sample dataset"
"40009","Beckham County","OK","2.5","2.5","Beckham County, OK","2016 unemployment 7.5%; gap vs county median 2.5 percentage points","BLS LAUS 2016 via Plotly public sample dataset"
"40011","Blaine County","OK","-1.2","1.2","Blaine County, OK","2016 unemployment 3.8%; gap vs county median -1.2 percentage points","BLS LAUS 2016 via Plotly public sample dataset"
"40013","Bryan County","OK","-0.6","0.6","Bryan County, OK","2016 unemployment 4.4%; gap vs county median -0.6 percentage points","BLS LAUS 2016 via Plotly public sample dataset"
"40015","Caddo County","OK","0.4","0.4","Caddo County, OK","2016 unemployment 5.4%; gap vs county median 0.4 percentage points","BLS LAUS 2016 via Plotly public sample dataset"
"40017","Canadian County","OK","-1","1","Canadian County, OK","2016 unemployment 4%; gap vs county median -1 percentage points","BLS LAUS 2016 via Plotly public sample dataset"
"40019","Carter County","OK","0.2","0.2","Carter County, OK","2016 unemployment 5.2%; gap vs county median 0.2 percentage points","BLS LAUS 2016 via Plotly public sample dataset"
"40021","Cherokee County","OK","0.6","0.6","Cherokee County, OK","2016 unemployment 5.6%; gap vs county median 0.6 percentage points","BLS LAUS 2016 via Plotly public sample dataset"
"40023","Choctaw County","OK","2.8","2.8","Choctaw County, OK","2016 unemployment 7.8%; gap vs county median 2.8 percentage points","BLS LAUS 2016 via Plotly public sample dataset"
"40025","Cimarron County","OK","-2.5","2.5","Cimarron County, OK","2016 unemployment 2.5%; gap vs county median -2.5 percentage points","BLS LAUS 2016 via Plotly public sample dataset"
"40027","Cleveland County","OK","-1.1","1.1","Cleveland County, OK","2016 unemployment 3.9%; gap vs county median -1.1 percentage points","BLS LAUS 2016 via Plotly public sample dataset"
"40029","Coal County","OK","2.5","2.5","Coal County, OK","2016 unemployment 7.5%; gap vs county median 2.5 percentage points","BLS LAUS 2016 via Plotly public sample dataset"
"40031","Comanche County","OK","-0.3","0.3","Comanche County, OK","2016 unemployment 4.7%; gap vs county median -0.3 percentage points","BLS LAUS 2016 via Plotly public sample dataset"
"40033","Cotton County","OK","-0.1","0.1","Cotton County, OK","2016 unemployment 4.9%; gap vs county median -0.1 percentage points","BLS LAUS 2016 via Plotly public sample dataset"
"40035","Craig County","OK","-0.1","0.1","Craig County, OK","2016 unemployment 4.9%; gap vs county median -0.1 percentage points","BLS LAUS 2016 via Plotly public sample dataset"
"40037","Creek County","OK","0.9","0.9","Creek County, OK","2016 unemployment 5.9%; gap vs county median 0.9 percentage points","BLS LAUS 2016 via Plotly public sample dataset"
"40039","Custer County","OK","-0.3","0.3","Custer County, OK","2016 unemployment 4.7%; gap vs county median -0.3 percentage points","BLS LAUS 2016 via Plotly public sample dataset"
"40041","Delaware County","OK","0","0","Delaware County, OK","2016 unemployment 5%; gap vs county median 0 percentage points","BLS LAUS 2016 via Plotly public sample dataset"
"40043","Dewey County","OK","-0.9","0.9","Dewey County, OK","2016 unemployment 4.1%; gap vs county median -0.9 percentage points","BLS LAUS 2016 via Plotly public sample dataset"
"40045","Ellis County","OK","-1.1","1.1","Ellis County, OK","2016 unemployment 3.9%; gap vs county median -1.1 percentage points","BLS LAUS 2016 via Plotly public sample dataset"
"40047","Garfield County","OK","-0.7","0.7","Garfield County, OK","2016 unemployment 4.3%; gap vs county median -0.7 percentage points","BLS LAUS 2016 via Plotly public sample dataset"
"40049","Garvin County","OK","0.4","0.4","Garvin County, OK","2016 unemployment 5.4%; gap vs county median 0.4 percentage points","BLS LAUS 2016 via Plotly public sample dataset"
"40051","Grady County","OK","0","0","Grady County, OK","2016 unemployment 5%; gap vs county median 0 percentage points","BLS LAUS 2016 via Plotly public sample dataset"
"40053","Grant County","OK","-1.7","1.7","Grant County, OK","2016 unemployment 3.3%; gap vs county median -1.7 percentage points","BLS LAUS 2016 via Plotly public sample dataset"
"40055","Greer County","OK","2.5","2.5","Greer County, OK","2016 unemployment 7.5%; gap vs county median 2.5 percentage points","BLS LAUS 2016 via Plotly public sample dataset"
"40057","Harmon County","OK","-1.1","1.1","Harmon County, OK","2016 unemployment 3.9%; gap vs county median -1.1 percentage points","BLS LAUS 2016 via Plotly public sample dataset"
"40059","Harper County","OK","-1.1","1.1","Harper County, OK","2016 unemployment 3.9%; gap vs county median -1.1 percentage points","BLS LAUS 2016 via Plotly public sample dataset"
"40061","Haskell County","OK","3.4","3.4","Haskell County, OK","2016 unemployment 8.4%; gap vs county median 3.4 percentage points","BLS LAUS 2016 via Plotly public sample dataset"
"40063","Hughes County","OK","2.5","2.5","Hughes County, OK","2016 unemployment 7.5%; gap vs county median 2.5 percentage points","BLS LAUS 2016 via Plotly public sample dataset"
"40065","Jackson County","OK","-0.5","0.5","Jackson County, OK","2016 unemployment 4.5%; gap vs county median -0.5 percentage points","BLS LAUS 2016 via Plotly public sample dataset"
"40067","Jefferson County","OK","2.2","2.2","Jefferson County, OK","2016 unemployment 7.2%; gap vs county median 2.2 percentage points","BLS LAUS 2016 via Plotly public sample dataset"
"40069","Johnston County","OK","0.9","0.9","Johnston County, OK","2016 unemployment 5.9%; gap vs county median 0.9 percentage points","BLS LAUS 2016 via Plotly public sample dataset"
"40071","Kay County","OK","1.4","1.4","Kay County, OK","2016 unemployment 6.4%; gap vs county median 1.4 percentage points","BLS LAUS 2016 via Plotly public sample dataset"
"40073","Kingfisher County","OK","-1.6","1.6","Kingfisher County, OK","2016 unemployment 3.4%; gap vs county median -1.6 percentage points","BLS LAUS 2016 via Plotly public sample dataset"
"40075","Kiowa County","OK","0.4","0.4","Kiowa County, OK","2016 unemployment 5.4%; gap vs county median 0.4 percentage points","BLS LAUS 2016 via Plotly public sample dataset"
"40077","Latimer County","OK","3.8","3.8","Latimer County, OK","2016 unemployment 8.8%; gap vs county median 3.8 percentage points","BLS LAUS 2016 via Plotly public sample dataset"
"40079","Le Flore County","OK","2","2","Le Flore County, OK","2016 unemployment 7%; gap vs county median 2 percentage points","BLS LAUS 2016 via Plotly public sample dataset"
"40081","Lincoln County","OK","0.3","0.3","Lincoln County, OK","2016 unemployment 5.3%; gap vs county median 0.3 percentage points","BLS LAUS 2016 via Plotly public sample dataset"
"40083","Logan County","OK","-0.9","0.9","Logan County, OK","2016 unemployment 4.1%; gap vs county median -0.9 percentage points","BLS LAUS 2016 via Plotly public sample dataset"
"40085","Love County","OK","-1.8","1.8","Love County, OK","2016 unemployment 3.2%; gap vs county median -1.8 percentage points","BLS LAUS 2016 via Plotly public sample dataset"
"40087","McClain County","OK","-0.8","0.8","McClain County, OK","2016 unemployment 4.2%; gap vs county median -0.8 percentage points","BLS LAUS 2016 via Plotly public sample dataset"
"40089","McCurtain County","OK","2.2","2.2","McCurtain County, OK","2016 unemployment 7.2%; gap vs county median 2.2 percentage points","BLS LAUS 2016 via Plotly public sample dataset"
"40091","McIntosh County","OK","4","4","McIntosh County, OK","2016 unemployment 9%; gap vs county median 4 percentage points","BLS LAUS 2016 via Plotly public sample dataset"
"40093","Major County","OK","-0.8","0.8","Major County, OK","2016 unemployment 4.2%; gap vs county median -0.8 percentage points","BLS LAUS 2016 via Plotly public sample dataset"
"40095","Marshall County","OK","0.1","0.1","Marshall County, OK","2016 unemployment 5.1%; gap vs county median 0.1 percentage points","BLS LAUS 2016 via Plotly public sample dataset"
"40097","Mayes County","OK","0.2","0.2","Mayes County, OK","2016 unemployment 5.2%; gap vs county median 0.2 percentage points","BLS LAUS 2016 via Plotly public sample dataset"
"40099","Murray County","OK","-0.5","0.5","Murray County, OK","2016 unemployment 4.5%; gap vs county median -0.5 percentage points","BLS LAUS 2016 via Plotly public sample dataset"
"40101","Muskogee County","OK","0.5","0.5","Muskogee County, OK","2016 unemployment 5.5%; gap vs county median 0.5 percentage points","BLS LAUS 2016 via Plotly public sample dataset"
"40103","Noble County","OK","-1.3","1.3","Noble County, OK","2016 unemployment 3.7%; gap vs county median -1.3 percentage points","BLS LAUS 2016 via Plotly public sample dataset"
"40105","Nowata County","OK","1.2","1.2","Nowata County, OK","2016 unemployment 6.2%; gap vs county median 1.2 percentage points","BLS LAUS 2016 via Plotly public sample dataset"
"40107","Okfuskee County","OK","1.2","1.2","Okfuskee County, OK","2016 unemployment 6.2%; gap vs county median 1.2 percentage points","BLS LAUS 2016 via Plotly public sample dataset"
"40109","Oklahoma County","OK","-0.7","0.7","Oklahoma County, OK","2016 unemployment 4.3%; gap vs county median -0.7 percentage points","BLS LAUS 2016 via Plotly public sample dataset"
"40111","Okmulgee County","OK","2.2","2.2","Okmulgee County, OK","2016 unemployment 7.2%; gap vs county median 2.2 percentage points","BLS LAUS 2016 via Plotly public sample dataset"
"40113","Osage County","OK","0.8","0.8","Osage County, OK","2016 unemployment 5.8%; gap vs county median 0.8 percentage points","BLS LAUS 2016 via Plotly public sample dataset"
"40115","Ottawa County","OK","0.1","0.1","Ottawa County, OK","2016 unemployment 5.1%; gap vs county median 0.1 percentage points","BLS LAUS 2016 via Plotly public sample dataset"
"40117","Pawnee County","OK","1.7","1.7","Pawnee County, OK","2016 unemployment 6.7%; gap vs county median 1.7 percentage points","BLS LAUS 2016 via Plotly public sample dataset"
"40119","Payne County","OK","-1.2","1.2","Payne County, OK","2016 unemployment 3.8%; gap vs county median -1.2 percentage points","BLS LAUS 2016 via Plotly public sample dataset"
"40121","Pittsburg County","OK","1.3","1.3","Pittsburg County, OK","2016 unemployment 6.3%; gap vs county median 1.3 percentage points","BLS LAUS 2016 via Plotly public sample dataset"
"40123","Pontotoc County","OK","-0.9","0.9","Pontotoc County, OK","2016 unemployment 4.1%; gap vs county median -0.9 percentage points","BLS LAUS 2016 via Plotly public sample dataset"
"40125","Pottawatomie County","OK","-0.3","0.3","Pottawatomie County, OK","2016 unemployment 4.7%; gap vs county median -0.3 percentage points","BLS LAUS 2016 via Plotly public sample dataset"
"40127","Pushmataha County","OK","2.6","2.6","Pushmataha County, OK","2016 unemployment 7.6%; gap vs county median 2.6 percentage points","BLS LAUS 2016 via Plotly public sample dataset"
"40129","Roger Mills County","OK","0.2","0.2","Roger Mills County, OK","2016 unemployment 5.2%; gap vs county median 0.2 percentage points","BLS LAUS 2016 via Plotly public sample dataset"
"40131","Rogers County","OK","0.1","0.1","Rogers County, OK","2016 unemployment 5.1%; gap vs county median 0.1 percentage points","BLS LAUS 2016 via Plotly public sample dataset"
"40133","Seminole County","OK","2.1","2.1","Seminole County, OK","2016 unemployment 7.1%; gap vs county median 2.1 percentage points","BLS LAUS 2016 via Plotly public sample dataset"
"40135","Sequoyah County","OK","1.3","1.3","Sequoyah County, OK","2016 unemployment 6.3%; gap vs county median 1.3 percentage points","BLS LAUS 2016 via Plotly public sample dataset"
"40137","Stephens County","OK","4.7","4.7","Stephens County, OK","2016 unemployment 9.7%; gap vs county median 4.7 percentage points","BLS LAUS 2016 via Plotly public sample dataset"
"40139","Texas County","OK","-1.5","1.5","Texas County, OK","2016 unemployment 3.5%; gap vs county median -1.5 percentage points","BLS LAUS 2016 via Plotly public sample dataset"
"40141","Tillman County","OK","-0.5","0.5","Tillman County, OK","2016 unemployment 4.5%; gap vs county median -0.5 percentage points","BLS LAUS 2016 via Plotly public sample dataset"
"40143","Tulsa County","OK","-0.3","0.3","Tulsa County, OK","2016 unemployment 4.7%; gap vs county median -0.3 percentage points","BLS LAUS 2016 via Plotly public sample dataset"
"40145","Wagoner County","OK","-0.2","0.2","Wagoner County, OK","2016 unemployment 4.8%; gap vs county median -0.2 percentage points","BLS LAUS 2016 via Plotly public sample dataset"
"40147","Washington County","OK","-0.1","0.1","Washington County, OK","2016 unemployment 4.9%; gap vs county median -0.1 percentage points","BLS LAUS 2016 via Plotly public sample dataset"
"40149","Washita County","OK","2.2","2.2","Washita County, OK","2016 unemployment 7.2%; gap vs county median 2.2 percentage points","BLS LAUS 2016 via Plotly public sample dataset"
"40151","Woods County","OK","-1.7","1.7","Woods County, OK","2016 unemployment 3.3%; gap vs county median -1.7 percentage points","BLS LAUS 2016 via Plotly public sample dataset"
"40153","Woodward County","OK","1.3","1.3","Woodward County, OK","2016 unemployment 6.3%; gap vs county median 1.3 percentage points","BLS LAUS 2016 via Plotly public sample dataset"
"41001","Baker County","OR","1.4","1.4","Baker County, OR","2016 unemployment 6.4%; gap vs county median 1.4 percentage points","BLS LAUS 2016 via Plotly public sample dataset"
"41003","Benton County","OR","-1.1","1.1","Benton County, OR","2016 unemployment 3.9%; gap vs county median -1.1 percentage points","BLS LAUS 2016 via Plotly public sample dataset"
"41005","Clackamas County","OR","-0.6","0.6","Clackamas County, OR","2016 unemployment 4.4%; gap vs county median -0.6 percentage points","BLS LAUS 2016 via Plotly public sample dataset"
"41007","Clatsop County","OR","-0.2","0.2","Clatsop County, OR","2016 unemployment 4.8%; gap vs county median -0.2 percentage points","BLS LAUS 2016 via Plotly public sample dataset"
"41009","Columbia County","OR","1.2","1.2","Columbia County, OR","2016 unemployment 6.2%; gap vs county median 1.2 percentage points","BLS LAUS 2016 via Plotly public sample dataset"
"41011","Coos County","OR","1.5","1.5","Coos County, OR","2016 unemployment 6.5%; gap vs county median 1.5 percentage points","BLS LAUS 2016 via Plotly public sample dataset"
"41013","Crook County","OR","2","2","Crook County, OR","2016 unemployment 7%; gap vs county median 2 percentage points","BLS LAUS 2016 via Plotly public sample dataset"
"41015","Curry County","OR","1.9","1.9","Curry County, OR","2016 unemployment 6.9%; gap vs county median 1.9 percentage points","BLS LAUS 2016 via Plotly public sample dataset"
"41017","Deschutes County","OR","-0.1","0.1","Deschutes County, OR","2016 unemployment 4.9%; gap vs county median -0.1 percentage points","BLS LAUS 2016 via Plotly public sample dataset"
"41019","Douglas County","OR","1.4","1.4","Douglas County, OR","2016 unemployment 6.4%; gap vs county median 1.4 percentage points","BLS LAUS 2016 via Plotly public sample dataset"
"41021","Gilliam County","OR","0.9","0.9","Gilliam County, OR","2016 unemployment 5.9%; gap vs county median 0.9 percentage points","BLS LAUS 2016 via Plotly public sample dataset"
"41023","Grant County","OR","2.8","2.8","Grant County, OR","2016 unemployment 7.8%; gap vs county median 2.8 percentage points","BLS LAUS 2016 via Plotly public sample dataset"
"41025","Harney County","OR","1.3","1.3","Harney County, OR","2016 unemployment 6.3%; gap vs county median 1.3 percentage points","BLS LAUS 2016 via Plotly public sample dataset"
"41027","Hood River County","OR","-0.8","0.8","Hood River County, OR","2016 unemployment 4.2%; gap vs county median -0.8 percentage points","BLS LAUS 2016 via Plotly public sample dataset"
"41029","Jackson County","OR","0.8","0.8","Jackson County, OR","2016 unemployment 5.8%; gap vs county median 0.8 percentage points","BLS LAUS 2016 via Plotly public sample dataset"
"41031","Jefferson County","OR","1.7","1.7","Jefferson County, OR","2016 unemployment 6.7%; gap vs county median 1.7 percentage points","BLS LAUS 2016 via Plotly public sample dataset"
"41033","Josephine County","OR","1.6","1.6","Josephine County, OR","2016 unemployment 6.6%; gap vs county median 1.6 percentage points","BLS LAUS 2016 via Plotly public sample dataset"
"41035","Klamath County","OR","1.9","1.9","Klamath County, OR","2016 unemployment 6.9%; gap vs county median 1.9 percentage points","BLS LAUS 2016 via Plotly public sample dataset"
"41037","Lake County","OR","1.4","1.4","Lake County, OR","2016 unemployment 6.4%; gap vs county median 1.4 percentage points","BLS LAUS 2016 via Plotly public sample dataset"
"41039","Lane County","OR","0.1","0.1","Lane County, OR","2016 unemployment 5.1%; gap vs county median 0.1 percentage points","BLS LAUS 2016 via Plotly public sample dataset"
"41041","Lincoln County","OR","0.7","0.7","Lincoln County, OR","2016 unemployment 5.7%; gap vs county median 0.7 percentage points","BLS LAUS 2016 via Plotly public sample dataset"
"41043","Linn County","OR","0.8","0.8","Linn County, OR","2016 unemployment 5.8%; gap vs county median 0.8 percentage points","BLS LAUS 2016 via Plotly public sample dataset"
"41045","Malheur County","OR","0.6","0.6","Malheur County, OR","2016 unemployment 5.6%; gap vs county median 0.6 percentage points","BLS LAUS 2016 via Plotly public sample dataset"
"41047","Marion County","OR","0.1","0.1","Marion County, OR","2016 unemployment 5.1%; gap vs county median 0.1 percentage points","BLS LAUS 2016 via Plotly public sample dataset"
"41049","Morrow County","OR","0","0","Morrow County, OR","2016 unemployment 5%; gap vs county median 0 percentage points","BLS LAUS 2016 via Plotly public sample dataset"
"41051","Multnomah County","OR","-0.7","0.7","Multnomah County, OR","2016 unemployment 4.3%; gap vs county median -0.7 percentage points","BLS LAUS 2016 via Plotly public sample dataset"
"41053","Polk County","OR","0.1","0.1","Polk County, OR","2016 unemployment 5.1%; gap vs county median 0.1 percentage points","BLS LAUS 2016 via Plotly public sample dataset"
"41055","Sherman County","OR","-0.4","0.4","Sherman County, OR","2016 unemployment 4.6%; gap vs county median -0.4 percentage points","BLS LAUS 2016 via Plotly public sample dataset"
"41057","Tillamook County","OR","0","0","Tillamook County, OR","2016 unemployment 5%; gap vs county median 0 percentage points","BLS LAUS 2016 via Plotly public sample dataset"
"41059","Umatilla County","OR","0.4","0.4","Umatilla County, OR","2016 unemployment 5.4%; gap vs county median 0.4 percentage points","BLS LAUS 2016 via Plotly public sample dataset"
"41061","Union County","OR","0.9","0.9","Union County, OR","2016 unemployment 5.9%; gap vs county median 0.9 percentage points","BLS LAUS 2016 via Plotly public sample dataset"
"41063","Wallowa County","OR","1.7","1.7","Wallowa County, OR","2016 unemployment 6.7%; gap vs county median 1.7 percentage points","BLS LAUS 2016 via Plotly public sample dataset"
"41065","Wasco County","OR","-0.1","0.1","Wasco County, OR","2016 unemployment 4.9%; gap vs county median -0.1 percentage points","BLS LAUS 2016 via Plotly public sample dataset"
"41067","Washington County","OR","-0.8","0.8","Washington County, OR","2016 unemployment 4.2%; gap vs county median -0.8 percentage points","BLS LAUS 2016 via Plotly public sample dataset"
"41069","Wheeler County","OR","-0.7","0.7","Wheeler County, OR","2016 unemployment 4.3%; gap vs county median -0.7 percentage points","BLS LAUS 2016 via Plotly public sample dataset"
"41071","Yamhill County","OR","-0.3","0.3","Yamhill County, OR","2016 unemployment 4.7%; gap vs county median -0.3 percentage points","BLS LAUS 2016 via Plotly public sample dataset"
"42001","Adams County","PA","-1","1","Adams County, PA","2016 unemployment 4%; gap vs county median -1 percentage points","BLS LAUS 2016 via Plotly public sample dataset"
"42003","Allegheny County","PA","0.2","0.2","Allegheny County, PA","2016 unemployment 5.2%; gap vs county median 0.2 percentage points","BLS LAUS 2016 via Plotly public sample dataset"
"42005","Armstrong County","PA","2.6","2.6","Armstrong County, PA","2016 unemployment 7.6%; gap vs county median 2.6 percentage points","BLS LAUS 2016 via Plotly public sample dataset"
"42007","Beaver County","PA","1.3","1.3","Beaver County, PA","2016 unemployment 6.3%; gap vs county median 1.3 percentage points","BLS LAUS 2016 via Plotly public sample dataset"
"42009","Bedford County","PA","0.9","0.9","Bedford County, PA","2016 unemployment 5.9%; gap vs county median 0.9 percentage points","BLS LAUS 2016 via Plotly public sample dataset"
"42011","Berks County","PA","0","0","Berks County, PA","2016 unemployment 5%; gap vs county median 0 percentage points","BLS LAUS 2016 via Plotly public sample dataset"
"42013","Blair County","PA","0.3","0.3","Blair County, PA","2016 unemployment 5.3%; gap vs county median 0.3 percentage points","BLS LAUS 2016 via Plotly public sample dataset"
"42015","Bradford County","PA","1.6","1.6","Bradford County, PA","2016 unemployment 6.6%; gap vs county median 1.6 percentage points","BLS LAUS 2016 via Plotly public sample dataset"
"42017","Bucks County","PA","-0.4","0.4","Bucks County, PA","2016 unemployment 4.6%; gap vs county median -0.4 percentage points","BLS LAUS 2016 via Plotly public sample dataset"
"42019","Butler County","PA","0.1","0.1","Butler County, PA","2016 unemployment 5.1%; gap vs county median 0.1 percentage points","BLS LAUS 2016 via Plotly public sample dataset"
"42021","Cambria County","PA","1.9","1.9","Cambria County, PA","2016 unemployment 6.9%; gap vs county median 1.9 percentage points","BLS LAUS 2016 via Plotly public sample dataset"
"42023","Cameron County","PA","2.5","2.5","Cameron County, PA","2016 unemployment 7.5%; gap vs county median 2.5 percentage points","BLS LAUS 2016 via Plotly public sample dataset"
"42025","Carbon County","PA","1","1","Carbon County, PA","2016 unemployment 6%; gap vs county median 1 percentage points","BLS LAUS 2016 via Plotly public sample dataset"
"42027","Centre County","PA","-0.8","0.8","Centre County, PA","2016 unemployment 4.2%; gap vs county median -0.8 percentage points","BLS LAUS 2016 via Plotly public sample dataset"
"42029","Chester County","PA","-1.1","1.1","Chester County, PA","2016 unemployment 3.9%; gap vs county median -1.1 percentage points","BLS LAUS 2016 via Plotly public sample dataset"
"42031","Clarion County","PA","1.4","1.4","Clarion County, PA","2016 unemployment 6.4%; gap vs county median 1.4 percentage points","BLS LAUS 2016 via Plotly public sample dataset"
"42033","Clearfield County","PA","2.4","2.4","Clearfield County, PA","2016 unemployment 7.4%; gap vs county median 2.4 percentage points","BLS LAUS 2016 via Plotly public sample dataset"
"42035","Clinton County","PA","2.1","2.1","Clinton County, PA","2016 unemployment 7.1%; gap vs county median 2.1 percentage points","BLS LAUS 2016 via Plotly public sample dataset"
"42037","Columbia County","PA","0.6","0.6","Columbia County, PA","2016 unemployment 5.6%; gap vs county median 0.6 percentage points","BLS LAUS 2016 via Plotly public sample dataset"
"42039","Crawford County","PA","1","1","Crawford County, PA","2016 unemployment 6%; gap vs county median 1 percentage points","BLS LAUS 2016 via Plotly public sample dataset"
"42041","Cumberland County","PA","-0.9","0.9","Cumberland County, PA","2016 unemployment 4.1%; gap vs county median -0.9 percentage points","BLS LAUS 2016 via Plotly public sample dataset"
"42043","Dauphin County","PA","-0.2","0.2","Dauphin County, PA","2016 unemployment 4.8%; gap vs county median -0.2 percentage points","BLS LAUS 2016 via Plotly public sample dataset"
"42045","Delaware County","PA","-0.1","0.1","Delaware County, PA","2016 unemployment 4.9%; gap vs county median -0.1 percentage points","BLS LAUS 2016 via Plotly public sample dataset"
"42047","Elk County","PA","0.6","0.6","Elk County, PA","2016 unemployment 5.6%; gap vs county median 0.6 percentage points","BLS LAUS 2016 via Plotly public sample dataset"
"42049","Erie County","PA","1.6","1.6","Erie County, PA","2016 unemployment 6.6%; gap vs county median 1.6 percentage points","BLS LAUS 2016 via Plotly public sample dataset"
"42051","Fayette County","PA","3.2","3.2","Fayette County, PA","2016 unemployment 8.2%; gap vs county median 3.2 percentage points","BLS LAUS 2016 via Plotly public sample dataset"
"42053","Forest County","PA","3","3","Forest County, PA","2016 unemployment 8%; gap vs county median 3 percentage points","BLS LAUS 2016 via Plotly public sample dataset"
"42055","Franklin County","PA","0.2","0.2","Franklin County, PA","2016 unemployment 5.2%; gap vs county median 0.2 percentage points","BLS LAUS 2016 via Plotly public sample dataset"
"42057","Fulton County","PA","1.4","1.4","Fulton County, PA","2016 unemployment 6.4%; gap vs county median 1.4 percentage points","BLS LAUS 2016 via Plotly public sample dataset"
"42059","Greene County","PA","2.8","2.8","Greene County, PA","2016 unemployment 7.8%; gap vs county median 2.8 percentage points","BLS LAUS 2016 via Plotly public sample dataset"
"42061","Huntingdon County","PA","2.1","2.1","Huntingdon County, PA","2016 unemployment 7.1%; gap vs county median 2.1 percentage points","BLS LAUS 2016 via Plotly public sample dataset"
"42063","Indiana County","PA","2.3","2.3","Indiana County, PA","2016 unemployment 7.3%; gap vs county median 2.3 percentage points","BLS LAUS 2016 via Plotly public sample dataset"
"42065","Jefferson County","PA","1.9","1.9","Jefferson County, PA","2016 unemployment 6.9%; gap vs county median 1.9 percentage points","BLS LAUS 2016 via Plotly public sample dataset"
"42067","Juniata County","PA","0.4","0.4","Juniata County, PA","2016 unemployment 5.4%; gap vs county median 0.4 percentage points","BLS LAUS 2016 via Plotly public sample dataset"
"42069","Lackawanna County","PA","0.7","0.7","Lackawanna County, PA","2016 unemployment 5.7%; gap vs county median 0.7 percentage points","BLS LAUS 2016 via Plotly public sample dataset"
"42071","Lancaster County","PA","-0.8","0.8","Lancaster County, PA","2016 unemployment 4.2%; gap vs county median -0.8 percentage points","BLS LAUS 2016 via Plotly public sample dataset"
"42073","Lawrence County","PA","1.8","1.8","Lawrence County, PA","2016 unemployment 6.8%; gap vs county median 1.8 percentage points","BLS LAUS 2016 via Plotly public sample dataset"
"42075","Lebanon County","PA","-0.5","0.5","Lebanon County, PA","2016 unemployment 4.5%; gap vs county median -0.5 percentage points","BLS LAUS 2016 via Plotly public sample dataset"
"42077","Lehigh County","PA","0.4","0.4","Lehigh County, PA","2016 unemployment 5.4%; gap vs county median 0.4 percentage points","BLS LAUS 2016 via Plotly public sample dataset"
"42079","Luzerne County","PA","1.4","1.4","Luzerne County, PA","2016 unemployment 6.4%; gap vs county median 1.4 percentage points","BLS LAUS 2016 via Plotly public sample dataset"
"42081","Lycoming County","PA","1.7","1.7","Lycoming County, PA","2016 unemployment 6.7%; gap vs county median 1.7 percentage points","BLS LAUS 2016 via Plotly public sample dataset"
"42083","McKean County","PA","1.7","1.7","McKean County, PA","2016 unemployment 6.7%; gap vs county median 1.7 percentage points","BLS LAUS 2016 via Plotly public sample dataset"
"42085","Mercer County","PA","1","1","Mercer County, PA","2016 unemployment 6%; gap vs county median 1 percentage points","BLS LAUS 2016 via Plotly public sample dataset"
"42087","Mifflin County","PA","0.8","0.8","Mifflin County, PA","2016 unemployment 5.8%; gap vs county median 0.8 percentage points","BLS LAUS 2016 via Plotly public sample dataset"
"42089","Monroe County","PA","1.3","1.3","Monroe County, PA","2016 unemployment 6.3%; gap vs county median 1.3 percentage points","BLS LAUS 2016 via Plotly public sample dataset"
"42091","Montgomery County","PA","-0.8","0.8","Montgomery County, PA","2016 unemployment 4.2%; gap vs county median -0.8 percentage points","BLS LAUS 2016 via Plotly public sample dataset"
"42093","Montour County","PA","-0.7","0.7","Montour County, PA","2016 unemployment 4.3%; gap vs county median -0.7 percentage points","BLS LAUS 2016 via Plotly public sample dataset"
"42095","Northampton County","PA","0.2","0.2","Northampton County, PA","2016 unemployment 5.2%; gap vs county median 0.2 percentage points","BLS LAUS 2016 via Plotly public sample dataset"
"42097","Northumberland County","PA","1.3","1.3","Northumberland County, PA","2016 unemployment 6.3%; gap vs county median 1.3 percentage points","BLS LAUS 2016 via Plotly public sample dataset"
"42099","Perry County","PA","-0.3","0.3","Perry County, PA","2016 unemployment 4.7%; gap vs county median -0.3 percentage points","BLS LAUS 2016 via Plotly public sample dataset"
"42101","Philadelphia County/city","PA","1.8","1.8","Philadelphia County/city, PA","2016 unemployment 6.8%; gap vs county median 1.8 percentage points","BLS LAUS 2016 via Plotly public sample dataset"
"42103","Pike County","PA","1.4","1.4","Pike County, PA","2016 unemployment 6.4%; gap vs county median 1.4 percentage points","BLS LAUS 2016 via Plotly public sample dataset"
"42105","Potter County","PA","2.9","2.9","Potter County, PA","2016 unemployment 7.9%; gap vs county median 2.9 percentage points","BLS LAUS 2016 via Plotly public sample dataset"
"42107","Schuylkill County","PA","1.2","1.2","Schuylkill County, PA","2016 unemployment 6.2%; gap vs county median 1.2 percentage points","BLS LAUS 2016 via Plotly public sample dataset"
"42109","Snyder County","PA","-0.3","0.3","Snyder County, PA","2016 unemployment 4.7%; gap vs county median -0.3 percentage points","BLS LAUS 2016 via Plotly public sample dataset"
"42111","Somerset County","PA","2.3","2.3","Somerset County, PA","2016 unemployment 7.3%; gap vs county median 2.3 percentage points","BLS LAUS 2016 via Plotly public sample dataset"
"42113","Sullivan County","PA","2.2","2.2","Sullivan County, PA","2016 unemployment 7.2%; gap vs county median 2.2 percentage points","BLS LAUS 2016 via Plotly public sample dataset"
"42115","Susquehanna County","PA","0.7","0.7","Susquehanna County, PA","2016 unemployment 5.7%; gap vs county median 0.7 percentage points","BLS LAUS 2016 via Plotly public sample dataset"
"42117","Tioga County","PA","2.2","2.2","Tioga County, PA","2016 unemployment 7.2%; gap vs county median 2.2 percentage points","BLS LAUS 2016 via Plotly public sample dataset"
"42119","Union County","PA","-0.2","0.2","Union County, PA","2016 unemployment 4.8%; gap vs county median -0.2 percentage points","BLS LAUS 2016 via Plotly public sample dataset"
"42121","Venango County","PA","2.3","2.3","Venango County, PA","2016 unemployment 7.3%; gap vs county median 2.3 percentage points","BLS LAUS 2016 via Plotly public sample dataset"
"42123","Warren County","PA","0.5","0.5","Warren County, PA","2016 unemployment 5.5%; gap vs county median 0.5 percentage points","BLS LAUS 2016 via Plotly public sample dataset"
"42125","Washington County","PA","1.2","1.2","Washington County, PA","2016 unemployment 6.2%; gap vs county median 1.2 percentage points","BLS LAUS 2016 via Plotly public sample dataset"
"42127","Wayne County","PA","0.9","0.9","Wayne County, PA","2016 unemployment 5.9%; gap vs county median 0.9 percentage points","BLS LAUS 2016 via Plotly public sample dataset"
"42129","Westmoreland County","PA","0.9","0.9","Westmoreland County, PA","2016 unemployment 5.9%; gap vs county median 0.9 percentage points","BLS LAUS 2016 via Plotly public sample dataset"
"42131","Wyoming County","PA","1.2","1.2","Wyoming County, PA","2016 unemployment 6.2%; gap vs county median 1.2 percentage points","BLS LAUS 2016 via Plotly public sample dataset"
"42133","York County","PA","-0.3","0.3","York County, PA","2016 unemployment 4.7%; gap vs county median -0.3 percentage points","BLS LAUS 2016 via Plotly public sample dataset"
"44001","Bristol County","RI","-0.4","0.4","Bristol County, RI","2016 unemployment 4.6%; gap vs county median -0.4 percentage points","BLS LAUS 2016 via Plotly public sample dataset"
"44003","Kent County","RI","-0.2","0.2","Kent County, RI","2016 unemployment 4.8%; gap vs county median -0.2 percentage points","BLS LAUS 2016 via Plotly public sample dataset"
"44005","Newport County","RI","-0.3","0.3","Newport County, RI","2016 unemployment 4.7%; gap vs county median -0.3 percentage points","BLS LAUS 2016 via Plotly public sample dataset"
"44007","Providence County","RI","0.7","0.7","Providence County, RI","2016 unemployment 5.7%; gap vs county median 0.7 percentage points","BLS LAUS 2016 via Plotly public sample dataset"
"44009","Washington County","RI","-0.2","0.2","Washington County, RI","2016 unemployment 4.8%; gap vs county median -0.2 percentage points","BLS LAUS 2016 via Plotly public sample dataset"
"45001","Abbeville County","SC","0.3","0.3","Abbeville County, SC","2016 unemployment 5.3%; gap vs county median 0.3 percentage points","BLS LAUS 2016 via Plotly public sample dataset"
"45003","Aiken County","SC","-0.2","0.2","Aiken County, SC","2016 unemployment 4.8%; gap vs county median -0.2 percentage points","BLS LAUS 2016 via Plotly public sample dataset"
"45005","Allendale County","SC","3.5","3.5","Allendale County, SC","2016 unemployment 8.5%; gap vs county median 3.5 percentage points","BLS LAUS 2016 via Plotly public sample dataset"
"45007","Anderson County","SC","-0.6","0.6","Anderson County, SC","2016 unemployment 4.4%; gap vs county median -0.6 percentage points","BLS LAUS 2016 via Plotly public sample dataset"
"45009","Bamberg County","SC","4","4","Bamberg County, SC","2016 unemployment 9%; gap vs county median 4 percentage points","BLS LAUS 2016 via Plotly public sample dataset"
"45011","Barnwell County","SC","2","2","Barnwell County, SC","2016 unemployment 7%; gap vs county median 2 percentage points","BLS LAUS 2016 via Plotly public sample dataset"
"45013","Beaufort County","SC","-0.4","0.4","Beaufort County, SC","2016 unemployment 4.6%; gap vs county median -0.4 percentage points","BLS LAUS 2016 via Plotly public sample dataset"
"45015","Berkeley County","SC","-0.6","0.6","Berkeley County, SC","2016 unemployment 4.4%; gap vs county median -0.6 percentage points","BLS LAUS 2016 via Plotly public sample dataset"
"45017","Calhoun County","SC","1","1","Calhoun County, SC","2016 unemployment 6%; gap vs county median 1 percentage points","BLS LAUS 2016 via Plotly public sample dataset"
"45019","Charleston County","SC","-1.1","1.1","Charleston County, SC","2016 unemployment 3.9%; gap vs county median -1.1 percentage points","BLS LAUS 2016 via Plotly public sample dataset"
"45021","Cherokee County","SC","0.7","0.7","Cherokee County, SC","2016 unemployment 5.7%; gap vs county median 0.7 percentage points","BLS LAUS 2016 via Plotly public sample dataset"
"45023","Chester County","SC","1.9","1.9","Chester County, SC","2016 unemployment 6.9%; gap vs county median 1.9 percentage points","BLS LAUS 2016 via Plotly public sample dataset"
"45025","Chesterfield County","SC","-0.2","0.2","Chesterfield County, SC","2016 unemployment 4.8%; gap vs county median -0.2 percentage points","BLS LAUS 2016 via Plotly public sample dataset"
"45027","Clarendon County","SC","1.3","1.3","Clarendon County, SC","2016 unemployment 6.3%; gap vs county median 1.3 percentage points","BLS LAUS 2016 via Plotly public sample dataset"
"45029","Colleton County","SC","0.4","0.4","Colleton County, SC","2016 unemployment 5.4%; gap vs county median 0.4 percentage points","BLS LAUS 2016 via Plotly public sample dataset"
"45031","Darlington County","SC","1","1","Darlington County, SC","2016 unemployment 6%; gap vs county median 1 percentage points","BLS LAUS 2016 via Plotly public sample dataset"
"45033","Dillon County","SC","1.6","1.6","Dillon County, SC","2016 unemployment 6.6%; gap vs county median 1.6 percentage points","BLS LAUS 2016 via Plotly public sample dataset"
"45035","Dorchester County","SC","-0.6","0.6","Dorchester County, SC","2016 unemployment 4.4%; gap vs county median -0.6 percentage points","BLS LAUS 2016 via Plotly public sample dataset"
"45037","Edgefield County","SC","0.5","0.5","Edgefield County, SC","2016 unemployment 5.5%; gap vs county median 0.5 percentage points","BLS LAUS 2016 via Plotly public sample dataset"
"45039","Fairfield County","SC","2","2","Fairfield County, SC","2016 unemployment 7%; gap vs county median 2 percentage points","BLS LAUS 2016 via Plotly public sample dataset"
"45041","Florence County","SC","0.1","0.1","Florence County, SC","2016 unemployment 5.1%; gap vs county median 0.1 percentage points","BLS LAUS 2016 via Plotly public sample dataset"
"45043","Georgetown County","SC","1.5","1.5","Georgetown County, SC","2016 unemployment 6.5%; gap vs county median 1.5 percentage points","BLS LAUS 2016 via Plotly public sample dataset"
"45045","Greenville County","SC","-0.9","0.9","Greenville County, SC","2016 unemployment 4.1%; gap vs county median -0.9 percentage points","BLS LAUS 2016 via Plotly public sample dataset"
"45047","Greenwood County","SC","0","0","Greenwood County, SC","2016 unemployment 5%; gap vs county median 0 percentage points","BLS LAUS 2016 via Plotly public sample dataset"
"45049","Hampton County","SC","0.7","0.7","Hampton County, SC","2016 unemployment 5.7%; gap vs county median 0.7 percentage points","BLS LAUS 2016 via Plotly public sample dataset"
"45051","Horry County","SC","0.6","0.6","Horry County, SC","2016 unemployment 5.6%; gap vs county median 0.6 percentage points","BLS LAUS 2016 via Plotly public sample dataset"
"45053","Jasper County","SC","-0.8","0.8","Jasper County, SC","2016 unemployment 4.2%; gap vs county median -0.8 percentage points","BLS LAUS 2016 via Plotly public sample dataset"
"45055","Kershaw County","SC","0.1","0.1","Kershaw County, SC","2016 unemployment 5.1%; gap vs county median 0.1 percentage points","BLS LAUS 2016 via Plotly public sample dataset"
"45057","Lancaster County","SC","0.2","0.2","Lancaster County, SC","2016 unemployment 5.2%; gap vs county median 0.2 percentage points","BLS LAUS 2016 via Plotly public sample dataset"
"45059","Laurens County","SC","0","0","Laurens County, SC","2016 unemployment 5%; gap vs county median 0 percentage points","BLS LAUS 2016 via Plotly public sample dataset"
"45061","Lee County","SC","1.9","1.9","Lee County, SC","2016 unemployment 6.9%; gap vs county median 1.9 percentage points","BLS LAUS 2016 via Plotly public sample dataset"
"45063","Lexington County","SC","-1","1","Lexington County, SC","2016 unemployment 4%; gap vs county median -1 percentage points","BLS LAUS 2016 via Plotly public sample dataset"
"45065","McCormick County","SC","0.5","0.5","McCormick County, SC","2016 unemployment 5.5%; gap vs county median 0.5 percentage points","BLS LAUS 2016 via Plotly public sample dataset"
"45067","Marion County","SC","3.4","3.4","Marion County, SC","2016 unemployment 8.4%; gap vs county median 3.4 percentage points","BLS LAUS 2016 via Plotly public sample dataset"
"45069","Marlboro County","SC","3.2","3.2","Marlboro County, SC","2016 unemployment 8.2%; gap vs county median 3.2 percentage points","BLS LAUS 2016 via Plotly public sample dataset"
"45071","Newberry County","SC","-0.6","0.6","Newberry County, SC","2016 unemployment 4.4%; gap vs county median -0.6 percentage points","BLS LAUS 2016 via Plotly public sample dataset"
"45073","Oconee County","SC","0","0","Oconee County, SC","2016 unemployment 5%; gap vs county median 0 percentage points","BLS LAUS 2016 via Plotly public sample dataset"
"45075","Orangeburg County","SC","3.6","3.6","Orangeburg County, SC","2016 unemployment 8.6%; gap vs county median 3.6 percentage points","BLS LAUS 2016 via Plotly public sample dataset"
"45077","Pickens County","SC","-0.2","0.2","Pickens County, SC","2016 unemployment 4.8%; gap vs county median -0.2 percentage points","BLS LAUS 2016 via Plotly public sample dataset"
"45079","Richland County","SC","-0.3","0.3","Richland County, SC","2016 unemployment 4.7%; gap vs county median -0.3 percentage points","BLS LAUS 2016 via Plotly public sample dataset"
"45081","Saluda County","SC","-0.6","0.6","Saluda County, SC","2016 unemployment 4.4%; gap vs county median -0.6 percentage points","BLS LAUS 2016 via Plotly public sample dataset"
"45083","Spartanburg County","SC","-0.4","0.4","Spartanburg County, SC","2016 unemployment 4.6%; gap vs county median -0.4 percentage points","BLS LAUS 2016 via Plotly public sample dataset"
"45085","Sumter County","SC","0.7","0.7","Sumter County, SC","2016 unemployment 5.7%; gap vs county median 0.7 percentage points","BLS LAUS 2016 via Plotly public sample dataset"
"45087","Union County","SC","1","1","Union County, SC","2016 unemployment 6%; gap vs county median 1 percentage points","BLS LAUS 2016 via Plotly public sample dataset"
"45089","Williamsburg County","SC","2.5","2.5","Williamsburg County, SC","2016 unemployment 7.5%; gap vs county median 2.5 percentage points","BLS LAUS 2016 via Plotly public sample dataset"
"45091","York County","SC","-0.5","0.5","York County, SC","2016 unemployment 4.5%; gap vs county median -0.5 percentage points","BLS LAUS 2016 via Plotly public sample dataset"
"46003","Aurora County","SD","-2.9","2.9","Aurora County, SD","2016 unemployment 2.1%; gap vs county median -2.9 percentage points","BLS LAUS 2016 via Plotly public sample dataset"
"46005","Beadle County","SD","-2.5","2.5","Beadle County, SD","2016 unemployment 2.5%; gap vs county median -2.5 percentage points","BLS LAUS 2016 via Plotly public sample dataset"
"46007","Bennett County","SD","-1.3","1.3","Bennett County, SD","2016 unemployment 3.7%; gap vs county median -1.3 percentage points","BLS LAUS 2016 via Plotly public sample dataset"
"46009","Bon Homme County","SD","-2.4","2.4","Bon Homme County, SD","2016 unemployment 2.6%; gap vs county median -2.4 percentage points","BLS LAUS 2016 via Plotly public sample dataset"
"46011","Brookings County","SD","-2.4","2.4","Brookings County, SD","2016 unemployment 2.6%; gap vs county median -2.4 percentage points","BLS LAUS 2016 via Plotly public sample dataset"
"46013","Brown County","SD","-2.5","2.5","Brown County, SD","2016 unemployment 2.5%; gap vs county median -2.5 percentage points","BLS LAUS 2016 via Plotly public sample dataset"
"46015","Brule County","SD","-2.6","2.6","Brule County, SD","2016 unemployment 2.4%; gap vs county median -2.6 percentage points","BLS LAUS 2016 via Plotly public sample dataset"
"46017","Buffalo County","SD","2.9","2.9","Buffalo County, SD","2016 unemployment 7.9%; gap vs county median 2.9 percentage points","BLS LAUS 2016 via Plotly public sample dataset"
"46019","Butte County","SD","-1.8","1.8","Butte County, SD","2016 unemployment 3.2%; gap vs county median -1.8 percentage points","BLS LAUS 2016 via Plotly public sample dataset"
"46021","Campbell County","SD","-2.2","2.2","Campbell County, SD","2016 unemployment 2.8%; gap vs county median -2.2 percentage points","BLS LAUS 2016 via Plotly public sample dataset"
"46023","Charles Mix County","SD","-2","2","Charles Mix County, SD","2016 unemployment 3%; gap vs county median -2 percentage points","BLS LAUS 2016 via Plotly public sample dataset"
"46025","Clark County","SD","-1.3","1.3","Clark County, SD","2016 unemployment 3.7%; gap vs county median -1.3 percentage points","BLS LAUS 2016 via Plotly public sample dataset"
"46027","Clay County","SD","-2.2","2.2","Clay County, SD","2016 unemployment 2.8%; gap vs county median -2.2 percentage points","BLS LAUS 2016 via Plotly public sample dataset"
"46029","Codington County","SD","-2.1","2.1","Codington County, SD","2016 unemployment 2.9%; gap vs county median -2.1 percentage points","BLS LAUS 2016 via Plotly public sample dataset"
"46031","Corson County","SD","-0.8","0.8","Corson County, SD","2016 unemployment 4.2%; gap vs county median -0.8 percentage points","BLS LAUS 2016 via Plotly public sample dataset"
"46033","Custer County","SD","-1.2","1.2","Custer County, SD","2016 unemployment 3.8%; gap vs county median -1.2 percentage points","BLS LAUS 2016 via Plotly public sample dataset"
"46035","Davison County","SD","-2.7","2.7","Davison County, SD","2016 unemployment 2.3%; gap vs county median -2.7 percentage points","BLS LAUS 2016 via Plotly public sample dataset"
"46037","Day County","SD","-0.9","0.9","Day County, SD","2016 unemployment 4.1%; gap vs county median -0.9 percentage points","BLS LAUS 2016 via Plotly public sample dataset"
"46039","Deuel County","SD","-0.4","0.4","Deuel County, SD","2016 unemployment 4.6%; gap vs county median -0.4 percentage points","BLS LAUS 2016 via Plotly public sample dataset"
"46041","Dewey County","SD","3.5","3.5","Dewey County, SD","2016 unemployment 8.5%; gap vs county median 3.5 percentage points","BLS LAUS 2016 via Plotly public sample dataset"
"46043","Douglas County","SD","-2.6","2.6","Douglas County, SD","2016 unemployment 2.4%; gap vs county median -2.6 percentage points","BLS LAUS 2016 via Plotly public sample dataset"
"46045","Edmunds County","SD","-2.8","2.8","Edmunds County, SD","2016 unemployment 2.2%; gap vs county median -2.8 percentage points","BLS LAUS 2016 via Plotly public sample dataset"
"46047","Fall River County","SD","-0.8","0.8","Fall River County, SD","2016 unemployment 4.2%; gap vs county median -0.8 percentage points","BLS LAUS 2016 via Plotly public sample dataset"
"46049","Faulk County","SD","-2.5","2.5","Faulk County, SD","2016 unemployment 2.5%; gap vs county median -2.5 percentage points","BLS LAUS 2016 via Plotly public sample dataset"
"46051","Grant County","SD","-1.9","1.9","Grant County, SD","2016 unemployment 3.1%; gap vs county median -1.9 percentage points","BLS LAUS 2016 via Plotly public sample dataset"
"46053","Gregory County","SD","-2.1","2.1","Gregory County, SD","2016 unemployment 2.9%; gap vs county median -2.1 percentage points","BLS LAUS 2016 via Plotly public sample dataset"
"46055","Haakon County","SD","-2.7","2.7","Haakon County, SD","2016 unemployment 2.3%; gap vs county median -2.7 percentage points","BLS LAUS 2016 via Plotly public sample dataset"
"46057","Hamlin County","SD","-1.8","1.8","Hamlin County, SD","2016 unemployment 3.2%; gap vs county median -1.8 percentage points","BLS LAUS 2016 via Plotly public sample dataset"
"46059","Hand County","SD","-3","3","Hand County, SD","2016 unemployment 2%; gap vs county median -3 percentage points","BLS LAUS 2016 via Plotly public sample dataset"
"46061","Hanson County","SD","-1.8","1.8","Hanson County, SD","2016 unemployment 3.2%; gap vs county median -1.8 percentage points","BLS LAUS 2016 via Plotly public sample dataset"
"46063","Harding County","SD","-2.3","2.3","Harding County, SD","2016 unemployment 2.7%; gap vs county median -2.3 percentage points","BLS LAUS 2016 via Plotly public sample dataset"
"46065","Hughes County","SD","-2.8","2.8","Hughes County, SD","2016 unemployment 2.2%; gap vs county median -2.8 percentage points","BLS LAUS 2016 via Plotly public sample dataset"
"46067","Hutchinson County","SD","-2.6","2.6","Hutchinson County, SD","2016 unemployment 2.4%; gap vs county median -2.6 percentage points","BLS LAUS 2016 via Plotly public sample dataset"
"46069","Hyde County","SD","-2.5","2.5","Hyde County, SD","2016 unemployment 2.5%; gap vs county median -2.5 percentage points","BLS LAUS 2016 via Plotly public sample dataset"
"46071","Jackson County","SD","-1.1","1.1","Jackson County, SD","2016 unemployment 3.9%; gap vs county median -1.1 percentage points","BLS LAUS 2016 via Plotly public sample dataset"
"46073","Jerauld County","SD","-2.8","2.8","Jerauld County, SD","2016 unemployment 2.2%; gap vs county median -2.8 percentage points","BLS LAUS 2016 via Plotly public sample dataset"
"46075","Jones County","SD","-2.7","2.7","Jones County, SD","2016 unemployment 2.3%; gap vs county median -2.7 percentage points","BLS LAUS 2016 via Plotly public sample dataset"
"46077","Kingsbury County","SD","-2.5","2.5","Kingsbury County, SD","2016 unemployment 2.5%; gap vs county median -2.5 percentage points","BLS LAUS 2016 via Plotly public sample dataset"
"46079","Lake County","SD","-1.8","1.8","Lake County, SD","2016 unemployment 3.2%; gap vs county median -1.8 percentage points","BLS LAUS 2016 via Plotly public sample dataset"
"46081","Lawrence County","SD","-1.9","1.9","Lawrence County, SD","2016 unemployment 3.1%; gap vs county median -1.9 percentage points","BLS LAUS 2016 via Plotly public sample dataset"
"46083","Lincoln County","SD","-3","3","Lincoln County, SD","2016 unemployment 2%; gap vs county median -3 percentage points","BLS LAUS 2016 via Plotly public sample dataset"
"46085","Lyman County","SD","-0.5","0.5","Lyman County, SD","2016 unemployment 4.5%; gap vs county median -0.5 percentage points","BLS LAUS 2016 via Plotly public sample dataset"
"46087","McCook County","SD","-2.7","2.7","McCook County, SD","2016 unemployment 2.3%; gap vs county median -2.7 percentage points","BLS LAUS 2016 via Plotly public sample dataset"
"46089","McPherson County","SD","-1.7","1.7","McPherson County, SD","2016 unemployment 3.3%; gap vs county median -1.7 percentage points","BLS LAUS 2016 via Plotly public sample dataset"
"46091","Marshall County","SD","-1.4","1.4","Marshall County, SD","2016 unemployment 3.6%; gap vs county median -1.4 percentage points","BLS LAUS 2016 via Plotly public sample dataset"
"46093","Meade County","SD","-2","2","Meade County, SD","2016 unemployment 3%; gap vs county median -2 percentage points","BLS LAUS 2016 via Plotly public sample dataset"
"46095","Mellette County","SD","-1.1","1.1","Mellette County, SD","2016 unemployment 3.9%; gap vs county median -1.1 percentage points","BLS LAUS 2016 via Plotly public sample dataset"
"46097","Miner County","SD","-2.5","2.5","Miner County, SD","2016 unemployment 2.5%; gap vs county median -2.5 percentage points","BLS LAUS 2016 via Plotly public sample dataset"
"46099","Minnehaha County","SD","-2.6","2.6","Minnehaha County, SD","2016 unemployment 2.4%; gap vs county median -2.6 percentage points","BLS LAUS 2016 via Plotly public sample dataset"
"46101","Moody County","SD","-1.6","1.6","Moody County, SD","2016 unemployment 3.4%; gap vs county median -1.6 percentage points","BLS LAUS 2016 via Plotly public sample dataset"
"46102","Oglala Lakota County","SD","5","5","Oglala Lakota County, SD","2016 unemployment 10%; gap vs county median 5 percentage points","BLS LAUS 2016 via Plotly public sample dataset"
"46103","Pennington County","SD","-2.1","2.1","Pennington County, SD","2016 unemployment 2.9%; gap vs county median -2.1 percentage points","BLS LAUS 2016 via Plotly public sample dataset"
"46105","Perkins County","SD","-2.2","2.2","Perkins County, SD","2016 unemployment 2.8%; gap vs county median -2.2 percentage points","BLS LAUS 2016 via Plotly public sample dataset"
"46107","Potter County","SD","-2.4","2.4","Potter County, SD","2016 unemployment 2.6%; gap vs county median -2.4 percentage points","BLS LAUS 2016 via Plotly public sample dataset"
"46109","Roberts County","SD","-1.1","1.1","Roberts County, SD","2016 unemployment 3.9%; gap vs county median -1.1 percentage points","BLS LAUS 2016 via Plotly public sample dataset"
"46111","Sanborn County","SD","-2.2","2.2","Sanborn County, SD","2016 unemployment 2.8%; gap vs county median -2.2 percentage points","BLS LAUS 2016 via Plotly public sample dataset"
"46115","Spink County","SD","-2.1","2.1","Spink County, SD","2016 unemployment 2.9%; gap vs county median -2.1 percentage points","BLS LAUS 2016 via Plotly public sample dataset"
"46117","Stanley County","SD","-2.8","2.8","Stanley County, SD","2016 unemployment 2.2%; gap vs county median -2.8 percentage points","BLS LAUS 2016 via Plotly public sample dataset"
"46119","Sully County","SD","-2.8","2.8","Sully County, SD","2016 unemployment 2.2%; gap vs county median -2.8 percentage points","BLS LAUS 2016 via Plotly public sample dataset"
"46121","Todd County","SD","1.1","1.1","Todd County, SD","2016 unemployment 6.1%; gap vs county median 1.1 percentage points","BLS LAUS 2016 via Plotly public sample dataset"
"46123","Tripp County","SD","-2.9","2.9","Tripp County, SD","2016 unemployment 2.1%; gap vs county median -2.9 percentage points","BLS LAUS 2016 via Plotly public sample dataset"
"46125","Turner County","SD","-2.3","2.3","Turner County, SD","2016 unemployment 2.7%; gap vs county median -2.3 percentage points","BLS LAUS 2016 via Plotly public sample dataset"
"46127","Union County","SD","-2.1","2.1","Union County, SD","2016 unemployment 2.9%; gap vs county median -2.1 percentage points","BLS LAUS 2016 via Plotly public sample dataset"
"46129","Walworth County","SD","-0.2","0.2","Walworth County, SD","2016 unemployment 4.8%; gap vs county median -0.2 percentage points","BLS LAUS 2016 via Plotly public sample dataset"
"46135","Yankton County","SD","-2.6","2.6","Yankton County, SD","2016 unemployment 2.4%; gap vs county median -2.6 percentage points","BLS LAUS 2016 via Plotly public sample dataset"
"46137","Ziebach County","SD","-0.8","0.8","Ziebach County, SD","2016 unemployment 4.2%; gap vs county median -0.8 percentage points","BLS LAUS 2016 via Plotly public sample dataset"
"47001","Anderson County","TN","0","0","Anderson County, TN","2016 unemployment 5%; gap vs county median 0 percentage points","BLS LAUS 2016 via Plotly public sample dataset"
"47003","Bedford County","TN","0.1","0.1","Bedford County, TN","2016 unemployment 5.1%; gap vs county median 0.1 percentage points","BLS LAUS 2016 via Plotly public sample dataset"
"47005","Benton County","TN","2.3","2.3","Benton County, TN","2016 unemployment 7.3%; gap vs county median 2.3 percentage points","BLS LAUS 2016 via Plotly public sample dataset"
"47007","Bledsoe County","TN","2.1","2.1","Bledsoe County, TN","2016 unemployment 7.1%; gap vs county median 2.1 percentage points","BLS LAUS 2016 via Plotly public sample dataset"
"47009","Blount County","TN","-0.5","0.5","Blount County, TN","2016 unemployment 4.5%; gap vs county median -0.5 percentage points","BLS LAUS 2016 via Plotly public sample dataset"
"47011","Bradley County","TN","-0.5","0.5","Bradley County, TN","2016 unemployment 4.5%; gap vs county median -0.5 percentage points","BLS LAUS 2016 via Plotly public sample dataset"
"47013","Campbell County","TN","2","2","Campbell County, TN","2016 unemployment 7%; gap vs county median 2 percentage points","BLS LAUS 2016 via Plotly public sample dataset"
"47015","Cannon County","TN","-0.3","0.3","Cannon County, TN","2016 unemployment 4.7%; gap vs county median -0.3 percentage points","BLS LAUS 2016 via Plotly public sample dataset"
"47017","Carroll County","TN","1.8","1.8","Carroll County, TN","2016 unemployment 6.8%; gap vs county median 1.8 percentage points","BLS LAUS 2016 via Plotly public sample dataset"
"47019","Carter County","TN","0.7","0.7","Carter County, TN","2016 unemployment 5.7%; gap vs county median 0.7 percentage points","BLS LAUS 2016 via Plotly public sample dataset"
"47021","Cheatham County","TN","-1","1","Cheatham County, TN","2016 unemployment 4%; gap vs county median -1 percentage points","BLS LAUS 2016 via Plotly public sample dataset"
"47023","Chester County","TN","0.1","0.1","Chester County, TN","2016 unemployment 5.1%; gap vs county median 0.1 percentage points","BLS LAUS 2016 via Plotly public sample dataset"
"47025","Claiborne County","TN","1.3","1.3","Claiborne County, TN","2016 unemployment 6.3%; gap vs county median 1.3 percentage points","BLS LAUS 2016 via Plotly public sample dataset"
"47027","Clay County","TN","1.7","1.7","Clay County, TN","2016 unemployment 6.7%; gap vs county median 1.7 percentage points","BLS LAUS 2016 via Plotly public sample dataset"
"47029","Cocke County","TN","1.5","1.5","Cocke County, TN","2016 unemployment 6.5%; gap vs county median 1.5 percentage points","BLS LAUS 2016 via Plotly public sample dataset"
"47031","Coffee County","TN","-0.2","0.2","Coffee County, TN","2016 unemployment 4.8%; gap vs county median -0.2 percentage points","BLS LAUS 2016 via Plotly public sample dataset"
"47033","Crockett County","TN","0.3","0.3","Crockett County, TN","2016 unemployment 5.3%; gap vs county median 0.3 percentage points","BLS LAUS 2016 via Plotly public sample dataset"
"47035","Cumberland County","TN","1","1","Cumberland County, TN","2016 unemployment 6%; gap vs county median 1 percentage points","BLS LAUS 2016 via Plotly public sample dataset"
"47037","Davidson County","TN","-1.4","1.4","Davidson County, TN","2016 unemployment 3.6%; gap vs county median -1.4 percentage points","BLS LAUS 2016 via Plotly public sample dataset"
"47039","Decatur County","TN","2","2","Decatur County, TN","2016 unemployment 7%; gap vs county median 2 percentage points","BLS LAUS 2016 via Plotly public sample dataset"
"47041","DeKalb County","TN","0.7","0.7","DeKalb County, TN","2016 unemployment 5.7%; gap vs county median 0.7 percentage points","BLS LAUS 2016 via Plotly public sample dataset"
"47043","Dickson County","TN","-0.6","0.6","Dickson County, TN","2016 unemployment 4.4%; gap vs county median -0.6 percentage points","BLS LAUS 2016 via Plotly public sample dataset"
"47045","Dyer County","TN","1.3","1.3","Dyer County, TN","2016 unemployment 6.3%; gap vs county median 1.3 percentage points","BLS LAUS 2016 via Plotly public sample dataset"
"47047","Fayette County","TN","0.2","0.2","Fayette County, TN","2016 unemployment 5.2%; gap vs county median 0.2 percentage points","BLS LAUS 2016 via Plotly public sample dataset"
"47049","Fentress County","TN","1.3","1.3","Fentress County, TN","2016 unemployment 6.3%; gap vs county median 1.3 percentage points","BLS LAUS 2016 via Plotly public sample dataset"
"47051","Franklin County","TN","0","0","Franklin County, TN","2016 unemployment 5%; gap vs county median 0 percentage points","BLS LAUS 2016 via Plotly public sample dataset"
"47053","Gibson County","TN","1","1","Gibson County, TN","2016 unemployment 6%; gap vs county median 1 percentage points","BLS LAUS 2016 via Plotly public sample dataset"
"47055","Giles County","TN","-0.9","0.9","Giles County, TN","2016 unemployment 4.1%; gap vs county median -0.9 percentage points","BLS LAUS 2016 via Plotly public sample dataset"
"47057","Grainger County","TN","0.5","0.5","Grainger County, TN","2016 unemployment 5.5%; gap vs county median 0.5 percentage points","BLS LAUS 2016 via Plotly public sample dataset"
"47059","Greene County","TN","0.5","0.5","Greene County, TN","2016 unemployment 5.5%; gap vs county median 0.5 percentage points","BLS LAUS 2016 via Plotly public sample dataset"
"47061","Grundy County","TN","1.7","1.7","Grundy County, TN","2016 unemployment 6.7%; gap vs county median 1.7 percentage points","BLS LAUS 2016 via Plotly public sample dataset"
"47063","Hamblen County","TN","0.2","0.2","Hamblen County, TN","2016 unemployment 5.2%; gap vs county median 0.2 percentage points","BLS LAUS 2016 via Plotly public sample dataset"
"47065","Hamilton County","TN","-0.3","0.3","Hamilton County, TN","2016 unemployment 4.7%; gap vs county median -0.3 percentage points","BLS LAUS 2016 via Plotly public sample dataset"
"47067","Hancock County","TN","3","3","Hancock County, TN","2016 unemployment 8%; gap vs county median 3 percentage points","BLS LAUS 2016 via Plotly public sample dataset"
"47069","Hardeman County","TN","1.3","1.3","Hardeman County, TN","2016 unemployment 6.3%; gap vs county median 1.3 percentage points","BLS LAUS 2016 via Plotly public sample dataset"
"47071","Hardin County","TN","1.1","1.1","Hardin County, TN","2016 unemployment 6.1%; gap vs county median 1.1 percentage points","BLS LAUS 2016 via Plotly public sample dataset"
"47073","Hawkins County","TN","0.5","0.5","Hawkins County, TN","2016 unemployment 5.5%; gap vs county median 0.5 percentage points","BLS LAUS 2016 via Plotly public sample dataset"
"47075","Haywood County","TN","1.6","1.6","Haywood County, TN","2016 unemployment 6.6%; gap vs county median 1.6 percentage points","BLS LAUS 2016 via Plotly public sample dataset"
"47077","Henderson County","TN","2","2","Henderson County, TN","2016 unemployment 7%; gap vs county median 2 percentage points","BLS LAUS 2016 via Plotly public sample dataset"
"47079","Henry County","TN","0.9","0.9","Henry County, TN","2016 unemployment 5.9%; gap vs county median 0.9 percentage points","BLS LAUS 2016 via Plotly public sample dataset"
"47081","Hickman County","TN","-0.4","0.4","Hickman County, TN","2016 unemployment 4.6%; gap vs county median -0.4 percentage points","BLS LAUS 2016 via Plotly public sample dataset"
"47083","Houston County","TN","2.7","2.7","Houston County, TN","2016 unemployment 7.7%; gap vs county median 2.7 percentage points","BLS LAUS 2016 via Plotly public sample dataset"
"47085","Humphreys County","TN","1.1","1.1","Humphreys County, TN","2016 unemployment 6.1%; gap vs county median 1.1 percentage points","BLS LAUS 2016 via Plotly public sample dataset"
"47087","Jackson County","TN","2.2","2.2","Jackson County, TN","2016 unemployment 7.2%; gap vs county median 2.2 percentage points","BLS LAUS 2016 via Plotly public sample dataset"
"47089","Jefferson County","TN","0.4","0.4","Jefferson County, TN","2016 unemployment 5.4%; gap vs county median 0.4 percentage points","BLS LAUS 2016 via Plotly public sample dataset"
"47091","Johnson County","TN","-0.1","0.1","Johnson County, TN","2016 unemployment 4.9%; gap vs county median -0.1 percentage points","BLS LAUS 2016 via Plotly public sample dataset"
"47093","Knox County","TN","-0.9","0.9","Knox County, TN","2016 unemployment 4.1%; gap vs county median -0.9 percentage points","BLS LAUS 2016 via Plotly public sample dataset"
"47095","Lake County","TN","2.9","2.9","Lake County, TN","2016 unemployment 7.9%; gap vs county median 2.9 percentage points","BLS LAUS 2016 via Plotly public sample dataset"
"47097","Lauderdale County","TN","2.8","2.8","Lauderdale County, TN","2016 unemployment 7.8%; gap vs county median 2.8 percentage points","BLS LAUS 2016 via Plotly public sample dataset"
"47099","Lawrence County","TN","0.8","0.8","Lawrence County, TN","2016 unemployment 5.8%; gap vs county median 0.8 percentage points","BLS LAUS 2016 via Plotly public sample dataset"
"47101","Lewis County","TN","1.1","1.1","Lewis County, TN","2016 unemployment 6.1%; gap vs county median 1.1 percentage points","BLS LAUS 2016 via Plotly public sample dataset"
"47103","Lincoln County","TN","-0.8","0.8","Lincoln County, TN","2016 unemployment 4.2%; gap vs county median -0.8 percentage points","BLS LAUS 2016 via Plotly public sample dataset"
"47105","Loudon County","TN","-0.2","0.2","Loudon County, TN","2016 unemployment 4.8%; gap vs county median -0.2 percentage points","BLS LAUS 2016 via Plotly public sample dataset"
"47107","McMinn County","TN","0.5","0.5","McMinn County, TN","2016 unemployment 5.5%; gap vs county median 0.5 percentage points","BLS LAUS 2016 via Plotly public sample dataset"
"47109","McNairy County","TN","2.1","2.1","McNairy County, TN","2016 unemployment 7.1%; gap vs county median 2.1 percentage points","BLS LAUS 2016 via Plotly public sample dataset"
"47111","Macon County","TN","-0.6","0.6","Macon County, TN","2016 unemployment 4.4%; gap vs county median -0.6 percentage points","BLS LAUS 2016 via Plotly public sample dataset"
"47113","Madison County","TN","0","0","Madison County, TN","2016 unemployment 5%; gap vs county median 0 percentage points","BLS LAUS 2016 via Plotly public sample dataset"
"47115","Marion County","TN","1.4","1.4","Marion County, TN","2016 unemployment 6.4%; gap vs county median 1.4 percentage points","BLS LAUS 2016 via Plotly public sample dataset"
"47117","Marshall County","TN","-0.4","0.4","Marshall County, TN","2016 unemployment 4.6%; gap vs county median -0.4 percentage points","BLS LAUS 2016 via Plotly public sample dataset"
"47119","Maury County","TN","-0.9","0.9","Maury County, TN","2016 unemployment 4.1%; gap vs county median -0.9 percentage points","BLS LAUS 2016 via Plotly public sample dataset"
"47121","Meigs County","TN","1.9","1.9","Meigs County, TN","2016 unemployment 6.9%; gap vs county median 1.9 percentage points","BLS LAUS 2016 via Plotly public sample dataset"
"47123","Monroe County","TN","0.4","0.4","Monroe County, TN","2016 unemployment 5.4%; gap vs county median 0.4 percentage points","BLS LAUS 2016 via Plotly public sample dataset"
"47125","Montgomery County","TN","0.2","0.2","Montgomery County, TN","2016 unemployment 5.2%; gap vs county median 0.2 percentage points","BLS LAUS 2016 via Plotly public sample dataset"
"47127","Moore County","TN","-1.1","1.1","Moore County, TN","2016 unemployment 3.9%; gap vs county median -1.1 percentage points","BLS LAUS 2016 via Plotly public sample dataset"
"47129","Morgan County","TN","1.6","1.6","Morgan County, TN","2016 unemployment 6.6%; gap vs county median 1.6 percentage points","BLS LAUS 2016 via Plotly public sample dataset"
"47131","Obion County","TN","2.2","2.2","Obion County, TN","2016 unemployment 7.2%; gap vs county median 2.2 percentage points","BLS LAUS 2016 via Plotly public sample dataset"
"47133","Overton County","TN","0.5","0.5","Overton County, TN","2016 unemployment 5.5%; gap vs county median 0.5 percentage points","BLS LAUS 2016 via Plotly public sample dataset"
"47135","Perry County","TN","1.5","1.5","Perry County, TN","2016 unemployment 6.5%; gap vs county median 1.5 percentage points","BLS LAUS 2016 via Plotly public sample dataset"
"47137","Pickett County","TN","1.7","1.7","Pickett County, TN","2016 unemployment 6.7%; gap vs county median 1.7 percentage points","BLS LAUS 2016 via Plotly public sample dataset"
"47139","Polk County","TN","0.8","0.8","Polk County, TN","2016 unemployment 5.8%; gap vs county median 0.8 percentage points","BLS LAUS 2016 via Plotly public sample dataset"
"47141","Putnam County","TN","0","0","Putnam County, TN","2016 unemployment 5%; gap vs county median 0 percentage points","BLS LAUS 2016 via Plotly public sample dataset"
"47143","Rhea County","TN","2.4","2.4","Rhea County, TN","2016 unemployment 7.4%; gap vs county median 2.4 percentage points","BLS LAUS 2016 via Plotly public sample dataset"
"47145","Roane County","TN","0.6","0.6","Roane County, TN","2016 unemployment 5.6%; gap vs county median 0.6 percentage points","BLS LAUS 2016 via Plotly public sample dataset"
"47147","Robertson County","TN","-0.8","0.8","Robertson County, TN","2016 unemployment 4.2%; gap vs county median -0.8 percentage points","BLS LAUS 2016 via Plotly public sample dataset"
"47149","Rutherford County","TN","-1.2","1.2","Rutherford County, TN","2016 unemployment 3.8%; gap vs county median -1.2 percentage points","BLS LAUS 2016 via Plotly public sample dataset"
"47151","Scott County","TN","2.6","2.6","Scott County, TN","2016 unemployment 7.6%; gap vs county median 2.6 percentage points","BLS LAUS 2016 via Plotly public sample dataset"
"47153","Sequatchie County","TN","0.9","0.9","Sequatchie County, TN","2016 unemployment 5.9%; gap vs county median 0.9 percentage points","BLS LAUS 2016 via Plotly public sample dataset"
"47155","Sevier County","TN","0","0","Sevier County, TN","2016 unemployment 5%; gap vs county median 0 percentage points","BLS LAUS 2016 via Plotly public sample dataset"
"47157","Shelby County","TN","0.5","0.5","Shelby County, TN","2016 unemployment 5.5%; gap vs county median 0.5 percentage points","BLS LAUS 2016 via Plotly public sample dataset"
"47159","Smith County","TN","-0.4","0.4","Smith County, TN","2016 unemployment 4.6%; gap vs county median -0.4 percentage points","BLS LAUS 2016 via Plotly public sample dataset"
"47161","Stewart County","TN","2","2","Stewart County, TN","2016 unemployment 7%; gap vs county median 2 percentage points","BLS LAUS 2016 via Plotly public sample dataset"
"47163","Sullivan County","TN","0.3","0.3","Sullivan County, TN","2016 unemployment 5.3%; gap vs county median 0.3 percentage points","BLS LAUS 2016 via Plotly public sample dataset"
"47165","Sumner County","TN","-1.1","1.1","Sumner County, TN","2016 unemployment 3.9%; gap vs county median -1.1 percentage points","BLS LAUS 2016 via Plotly public sample dataset"
"47167","Tipton County","TN","0.8","0.8","Tipton County, TN","2016 unemployment 5.8%; gap vs county median 0.8 percentage points","BLS LAUS 2016 via Plotly public sample dataset"
"47169","Trousdale County","TN","-0.1","0.1","Trousdale County, TN","2016 unemployment 4.9%; gap vs county median -0.1 percentage points","BLS LAUS 2016 via Plotly public sample dataset"
"47171","Unicoi County","TN","2.2","2.2","Unicoi County, TN","2016 unemployment 7.2%; gap vs county median 2.2 percentage points","BLS LAUS 2016 via Plotly public sample dataset"
"47173","Union County","TN","0.8","0.8","Union County, TN","2016 unemployment 5.8%; gap vs county median 0.8 percentage points","BLS LAUS 2016 via Plotly public sample dataset"
"47175","Van Buren County","TN","1.3","1.3","Van Buren County, TN","2016 unemployment 6.3%; gap vs county median 1.3 percentage points","BLS LAUS 2016 via Plotly public sample dataset"
"47177","Warren County","TN","-0.1","0.1","Warren County, TN","2016 unemployment 4.9%; gap vs county median -0.1 percentage points","BLS LAUS 2016 via Plotly public sample dataset"
"47179","Washington County","TN","-0.1","0.1","Washington County, TN","2016 unemployment 4.9%; gap vs county median -0.1 percentage points","BLS LAUS 2016 via Plotly public sample dataset"
"47181","Wayne County","TN","1.7","1.7","Wayne County, TN","2016 unemployment 6.7%; gap vs county median 1.7 percentage points","BLS LAUS 2016 via Plotly public sample dataset"
"47183","Weakley County","TN","1.1","1.1","Weakley County, TN","2016 unemployment 6.1%; gap vs county median 1.1 percentage points","BLS LAUS 2016 via Plotly public sample dataset"
"47185","White County","TN","0.1","0.1","White County, TN","2016 unemployment 5.1%; gap vs county median 0.1 percentage points","BLS LAUS 2016 via Plotly public sample dataset"
"47187","Williamson County","TN","-1.5","1.5","Williamson County, TN","2016 unemployment 3.5%; gap vs county median -1.5 percentage points","BLS LAUS 2016 via Plotly public sample dataset"
"47189","Wilson County","TN","-1.1","1.1","Wilson County, TN","2016 unemployment 3.9%; gap vs county median -1.1 percentage points","BLS LAUS 2016 via Plotly public sample dataset"
"48001","Anderson County","TX","-0.7","0.7","Anderson County, TX","2016 unemployment 4.3%; gap vs county median -0.7 percentage points","BLS LAUS 2016 via Plotly public sample dataset"
"48003","Andrews County","TX","-0.2","0.2","Andrews County, TX","2016 unemployment 4.8%; gap vs county median -0.2 percentage points","BLS LAUS 2016 via Plotly public sample dataset"
"48005","Angelina County","TX","1","1","Angelina County, TX","2016 unemployment 6%; gap vs county median 1 percentage points","BLS LAUS 2016 via Plotly public sample dataset"
"48007","Aransas County","TX","0.7","0.7","Aransas County, TX","2016 unemployment 5.7%; gap vs county median 0.7 percentage points","BLS LAUS 2016 via Plotly public sample dataset"
"48009","Archer County","TX","-0.6","0.6","Archer County, TX","2016 unemployment 4.4%; gap vs county median -0.6 percentage points","BLS LAUS 2016 via Plotly public sample dataset"
"48011","Armstrong County","TX","-2.2","2.2","Armstrong County, TX","2016 unemployment 2.8%; gap vs county median -2.2 percentage points","BLS LAUS 2016 via Plotly public sample dataset"
"48013","Atascosa County","TX","0.3","0.3","Atascosa County, TX","2016 unemployment 5.3%; gap vs county median 0.3 percentage points","BLS LAUS 2016 via Plotly public sample dataset"
"48015","Austin County","TX","0.3","0.3","Austin County, TX","2016 unemployment 5.3%; gap vs county median 0.3 percentage points","BLS LAUS 2016 via Plotly public sample dataset"
"48017","Bailey County","TX","-0.6","0.6","Bailey County, TX","2016 unemployment 4.4%; gap vs county median -0.6 percentage points","BLS LAUS 2016 via Plotly public sample dataset"
"48019","Bandera County","TX","-0.9","0.9","Bandera County, TX","2016 unemployment 4.1%; gap vs county median -0.9 percentage points","BLS LAUS 2016 via Plotly public sample dataset"
"48021","Bastrop County","TX","-1.3","1.3","Bastrop County, TX","2016 unemployment 3.7%; gap vs county median -1.3 percentage points","BLS LAUS 2016 via Plotly public sample dataset"
"48023","Baylor County","TX","-1.4","1.4","Baylor County, TX","2016 unemployment 3.6%; gap vs county median -1.4 percentage points","BLS LAUS 2016 via Plotly public sample dataset"
"48025","Bee County","TX","2.7","2.7","Bee County, TX","2016 unemployment 7.7%; gap vs county median 2.7 percentage points","BLS LAUS 2016 via Plotly public sample dataset"
"48027","Bell County","TX","-0.6","0.6","Bell County, TX","2016 unemployment 4.4%; gap vs county median -0.6 percentage points","BLS LAUS 2016 via Plotly public sample dataset"
"48029","Bexar County","TX","-1.3","1.3","Bexar County, TX","2016 unemployment 3.7%; gap vs county median -1.3 percentage points","BLS LAUS 2016 via Plotly public sample dataset"
"48031","Blanco County","TX","-1.9","1.9","Blanco County, TX","2016 unemployment 3.1%; gap vs county median -1.9 percentage points","BLS LAUS 2016 via Plotly public sample dataset"
"48033","Borden County","TX","-1.4","1.4","Borden County, TX","2016 unemployment 3.6%; gap vs county median -1.4 percentage points","BLS LAUS 2016 via Plotly public sample dataset"
"48035","Bosque County","TX","-0.7","0.7","Bosque County, TX","2016 unemployment 4.3%; gap vs county median -0.7 percentage points","BLS LAUS 2016 via Plotly public sample dataset"
"48037","Bowie County","TX","-0.3","0.3","Bowie County, TX","2016 unemployment 4.7%; gap vs county median -0.3 percentage points","BLS LAUS 2016 via Plotly public sample dataset"
"48039","Brazoria County","TX","0.2","0.2","Brazoria County, TX","2016 unemployment 5.2%; gap vs county median 0.2 percentage points","BLS LAUS 2016 via Plotly public sample dataset"
"48041","Brazos County","TX","-1.6","1.6","Brazos County, TX","2016 unemployment 3.4%; gap vs county median -1.6 percentage points","BLS LAUS 2016 via Plotly public sample dataset"
"48043","Brewster County","TX","-1.2","1.2","Brewster County, TX","2016 unemployment 3.8%; gap vs county median -1.2 percentage points","BLS LAUS 2016 via Plotly public sample dataset"
"48045","Briscoe County","TX","-0.6","0.6","Briscoe County, TX","2016 unemployment 4.4%; gap vs county median -0.6 percentage points","BLS LAUS 2016 via Plotly public sample dataset"
"48047","Brooks County","TX","6.9","6.9","Brooks County, TX","2016 unemployment 11.9%; gap vs county median 6.9 percentage points","BLS LAUS 2016 via Plotly public sample dataset"
"48049","Brown County","TX","-0.6","0.6","Brown County, TX","2016 unemployment 4.4%; gap vs county median -0.6 percentage points","BLS LAUS 2016 via Plotly public sample dataset"
"48051","Burleson County","TX","-0.3","0.3","Burleson County, TX","2016 unemployment 4.7%; gap vs county median -0.3 percentage points","BLS LAUS 2016 via Plotly public sample dataset"
"48053","Burnet County","TX","-1.5","1.5","Burnet County, TX","2016 unemployment 3.5%; gap vs county median -1.5 percentage points","BLS LAUS 2016 via Plotly public sample dataset"
"48055","Caldwell County","TX","-0.7","0.7","Caldwell County, TX","2016 unemployment 4.3%; gap vs county median -0.7 percentage points","BLS LAUS 2016 via Plotly public sample dataset"
"48057","Calhoun County","TX","0.6","0.6","Calhoun County, TX","2016 unemployment 5.6%; gap vs county median 0.6 percentage points","BLS LAUS 2016 via Plotly public sample dataset"
"48059","Callahan County","TX","-0.7","0.7","Callahan County, TX","2016 unemployment 4.3%; gap vs county median -0.7 percentage points","BLS LAUS 2016 via Plotly public sample dataset"
"48061","Cameron County","TX","2.2","2.2","Cameron County, TX","2016 unemployment 7.2%; gap vs county median 2.2 percentage points","BLS LAUS 2016 via Plotly public sample dataset"
"48063","Camp County","TX","1.8","1.8","Camp County, TX","2016 unemployment 6.8%; gap vs county median 1.8 percentage points","BLS LAUS 2016 via Plotly public sample dataset"
"48065","Carson County","TX","-1.6","1.6","Carson County, TX","2016 unemployment 3.4%; gap vs county median -1.6 percentage points","BLS LAUS 2016 via Plotly public sample dataset"
"48067","Cass County","TX","2.3","2.3","Cass County, TX","2016 unemployment 7.3%; gap vs county median 2.3 percentage points","BLS LAUS 2016 via Plotly public sample dataset"
"48069","Castro County","TX","-1.9","1.9","Castro County, TX","2016 unemployment 3.1%; gap vs county median -1.9 percentage points","BLS LAUS 2016 via Plotly public sample dataset"
"48071","Chambers County","TX","1.1","1.1","Chambers County, TX","2016 unemployment 6.1%; gap vs county median 1.1 percentage points","BLS LAUS 2016 via Plotly public sample dataset"
"48073","Cherokee County","TX","0.2","0.2","Cherokee County, TX","2016 unemployment 5.2%; gap vs county median 0.2 percentage points","BLS LAUS 2016 via Plotly public sample dataset"
"48075","Childress County","TX","-1.9","1.9","Childress County, TX","2016 unemployment 3.1%; gap vs county median -1.9 percentage points","BLS LAUS 2016 via Plotly public sample dataset"
"48077","Clay County","TX","-0.5","0.5","Clay County, TX","2016 unemployment 4.5%; gap vs county median -0.5 percentage points","BLS LAUS 2016 via Plotly public sample dataset"
"48079","Cochran County","TX","0.6","0.6","Cochran County, TX","2016 unemployment 5.6%; gap vs county median 0.6 percentage points","BLS LAUS 2016 via Plotly public sample dataset"
"48081","Coke County","TX","-0.9","0.9","Coke County, TX","2016 unemployment 4.1%; gap vs county median -0.9 percentage points","BLS LAUS 2016 via Plotly public sample dataset"
"48083","Coleman County","TX","0.9","0.9","Coleman County, TX","2016 unemployment 5.9%; gap vs county median 0.9 percentage points","BLS LAUS 2016 via Plotly public sample dataset"
"48085","Collin County","TX","-1.5","1.5","Collin County, TX","2016 unemployment 3.5%; gap vs county median -1.5 percentage points","BLS LAUS 2016 via Plotly public sample dataset"
"48087","Collingsworth County","TX","-1.5","1.5","Collingsworth County, TX","2016 unemployment 3.5%; gap vs county median -1.5 percentage points","BLS LAUS 2016 via Plotly public sample dataset"
"48089","Colorado County","TX","-0.2","0.2","Colorado County, TX","2016 unemployment 4.8%; gap vs county median -0.2 percentage points","BLS LAUS 2016 via Plotly public sample dataset"
"48091","Comal County","TX","-1.4","1.4","Comal County, TX","2016 unemployment 3.6%; gap vs county median -1.4 percentage points","BLS LAUS 2016 via Plotly public sample dataset"
"48093","Comanche County","TX","-0.7","0.7","Comanche County, TX","2016 unemployment 4.3%; gap vs county median -0.7 percentage points","BLS LAUS 2016 via Plotly public sample dataset"
"48095","Concho County","TX","-1.4","1.4","Concho County, TX","2016 unemployment 3.6%; gap vs county median -1.4 percentage points","BLS LAUS 2016 via Plotly public sample dataset"
"48097","Cooke County","TX","-1","1","Cooke County, TX","2016 unemployment 4%; gap vs county median -1 percentage points","BLS LAUS 2016 via Plotly public sample dataset"
"48099","Coryell County","TX","-0.5","0.5","Coryell County, TX","2016 unemployment 4.5%; gap vs county median -0.5 percentage points","BLS LAUS 2016 via Plotly public sample dataset"
"48101","Cottle County","TX","0.4","0.4","Cottle County, TX","2016 unemployment 5.4%; gap vs county median 0.4 percentage points","BLS LAUS 2016 via Plotly public sample dataset"
"48103","Crane County","TX","3.5","3.5","Crane County, TX","2016 unemployment 8.5%; gap vs county median 3.5 percentage points","BLS LAUS 2016 via Plotly public sample dataset"
"48105","Crockett County","TX","2.6","2.6","Crockett County, TX","2016 unemployment 7.6%; gap vs county median 2.6 percentage points","BLS LAUS 2016 via Plotly public sample dataset"
"48107","Crosby County","TX","-0.6","0.6","Crosby County, TX","2016 unemployment 4.4%; gap vs county median -0.6 percentage points","BLS LAUS 2016 via Plotly public sample dataset"
"48109","Culberson County","TX","-1.2","1.2","Culberson County, TX","2016 unemployment 3.8%; gap vs county median -1.2 percentage points","BLS LAUS 2016 via Plotly public sample dataset"
"48111","Dallam County","TX","-2.7","2.7","Dallam County, TX","2016 unemployment 2.3%; gap vs county median -2.7 percentage points","BLS LAUS 2016 via Plotly public sample dataset"
"48113","Dallas County","TX","-1","1","Dallas County, TX","2016 unemployment 4%; gap vs county median -1 percentage points","BLS LAUS 2016 via Plotly public sample dataset"
"48115","Dawson County","TX","0.1","0.1","Dawson County, TX","2016 unemployment 5.1%; gap vs county median 0.1 percentage points","BLS LAUS 2016 via Plotly public sample dataset"
"48117","Deaf Smith County","TX","-1.9","1.9","Deaf Smith County, TX","2016 unemployment 3.1%; gap vs county median -1.9 percentage points","BLS LAUS 2016 via Plotly public sample dataset"
"48119","Delta County","TX","-1","1","Delta County, TX","2016 unemployment 4%; gap vs county median -1 percentage points","BLS LAUS 2016 via Plotly public sample dataset"
"48121","Denton County","TX","-1.6","1.6","Denton County, TX","2016 unemployment 3.4%; gap vs county median -1.6 percentage points","BLS LAUS 2016 via Plotly public sample dataset"
"48123","DeWitt County","TX","0.6","0.6","DeWitt County, TX","2016 unemployment 5.6%; gap vs county median 0.6 percentage points","BLS LAUS 2016 via Plotly public sample dataset"
"48125","Dickens County","TX","0.1","0.1","Dickens County, TX","2016 unemployment 5.1%; gap vs county median 0.1 percentage points","BLS LAUS 2016 via Plotly public sample dataset"
"48127","Dimmit County","TX","2.2","2.2","Dimmit County, TX","2016 unemployment 7.2%; gap vs county median 2.2 percentage points","BLS LAUS 2016 via Plotly public sample dataset"
"48129","Donley County","TX","-0.7","0.7","Donley County, TX","2016 unemployment 4.3%; gap vs county median -0.7 percentage points","BLS LAUS 2016 via Plotly public sample dataset"
"48131","Duval County","TX","6.1","6.1","Duval County, TX","2016 unemployment 11.1%; gap vs county median 6.1 percentage points","BLS LAUS 2016 via Plotly public sample dataset"
"48133","Eastland County","TX","0.5","0.5","Eastland County, TX","2016 unemployment 5.5%; gap vs county median 0.5 percentage points","BLS LAUS 2016 via Plotly public sample dataset"
"48135","Ector County","TX","1.4","1.4","Ector County, TX","2016 unemployment 6.4%; gap vs county median 1.4 percentage points","BLS LAUS 2016 via Plotly public sample dataset"
"48137","Edwards County","TX","-0.1","0.1","Edwards County, TX","2016 unemployment 4.9%; gap vs county median -0.1 percentage points","BLS LAUS 2016 via Plotly public sample dataset"
"48139","Ellis County","TX","-1.2","1.2","Ellis County, TX","2016 unemployment 3.8%; gap vs county median -1.2 percentage points","BLS LAUS 2016 via Plotly public sample dataset"
"48141","El Paso County","TX","-0.1","0.1","El Paso County, TX","2016 unemployment 4.9%; gap vs county median -0.1 percentage points","BLS LAUS 2016 via Plotly public sample dataset"
"48143","Erath County","TX","-0.9","0.9","Erath County, TX","2016 unemployment 4.1%; gap vs county median -0.9 percentage points","BLS LAUS 2016 via Plotly public sample dataset"
"48145","Falls County","TX","-0.5","0.5","Falls County, TX","2016 unemployment 4.5%; gap vs county median -0.5 percentage points","BLS LAUS 2016 via Plotly public sample dataset"
"48147","Fannin County","TX","-1.2","1.2","Fannin County, TX","2016 unemployment 3.8%; gap vs county median -1.2 percentage points","BLS LAUS 2016 via Plotly public sample dataset"
"48149","Fayette County","TX","-1.3","1.3","Fayette County, TX","2016 unemployment 3.7%; gap vs county median -1.3 percentage points","BLS LAUS 2016 via Plotly public sample dataset"
"48151","Fisher County","TX","-0.6","0.6","Fisher County, TX","2016 unemployment 4.4%; gap vs county median -0.6 percentage points","BLS LAUS 2016 via Plotly public sample dataset"
"48153","Floyd County","TX","0.2","0.2","Floyd County, TX","2016 unemployment 5.2%; gap vs county median 0.2 percentage points","BLS LAUS 2016 via Plotly public sample dataset"
"48155","Foard County","TX","-1.1","1.1","Foard County, TX","2016 unemployment 3.9%; gap vs county median -1.1 percentage points","BLS LAUS 2016 via Plotly public sample dataset"
"48157","Fort Bend County","TX","0","0","Fort Bend County, TX","2016 unemployment 5%; gap vs county median 0 percentage points","BLS LAUS 2016 via Plotly public sample dataset"
"48159","Franklin County","TX","0","0","Franklin County, TX","2016 unemployment 5%; gap vs county median 0 percentage points","BLS LAUS 2016 via Plotly public sample dataset"
"48161","Freestone County","TX","1.9","1.9","Freestone County, TX","2016 unemployment 6.9%; gap vs county median 1.9 percentage points","BLS LAUS 2016 via Plotly public sample dataset"
"48163","Frio County","TX","0","0","Frio County, TX","2016 unemployment 5%; gap vs county median 0 percentage points","BLS LAUS 2016 via Plotly public sample dataset"
"48165","Gaines County","TX","-1.3","1.3","Gaines County, TX","2016 unemployment 3.7%; gap vs county median -1.3 percentage points","BLS LAUS 2016 via Plotly public sample dataset"
"48167","Galveston County","TX","0.3","0.3","Galveston County, TX","2016 unemployment 5.3%; gap vs county median 0.3 percentage points","BLS LAUS 2016 via Plotly public sample dataset"
"48169","Garza County","TX","-1.1","1.1","Garza County, TX","2016 unemployment 3.9%; gap vs county median -1.1 percentage points","BLS LAUS 2016 via Plotly public sample dataset"
"48171","Gillespie County","TX","-2.2","2.2","Gillespie County, TX","2016 unemployment 2.8%; gap vs county median -2.2 percentage points","BLS LAUS 2016 via Plotly public sample dataset"
"48173","Glasscock County","TX","-1.2","1.2","Glasscock County, TX","2016 unemployment 3.8%; gap vs county median -1.2 percentage points","BLS LAUS 2016 via Plotly public sample dataset"
"48175","Goliad County","TX","0.8","0.8","Goliad County, TX","2016 unemployment 5.8%; gap vs county median 0.8 percentage points","BLS LAUS 2016 via Plotly public sample dataset"
"48177","Gonzales County","TX","-0.7","0.7","Gonzales County, TX","2016 unemployment 4.3%; gap vs county median -0.7 percentage points","BLS LAUS 2016 via Plotly public sample dataset"
"48179","Gray County","TX","2","2","Gray County, TX","2016 unemployment 7%; gap vs county median 2 percentage points","BLS LAUS 2016 via Plotly public sample dataset"
"48181","Grayson County","TX","-1.2","1.2","Grayson County, TX","2016 unemployment 3.8%; gap vs county median -1.2 percentage points","BLS LAUS 2016 via Plotly public sample dataset"
"48183","Gregg County","TX","1.1","1.1","Gregg County, TX","2016 unemployment 6.1%; gap vs county median 1.1 percentage points","BLS LAUS 2016 via Plotly public sample dataset"
"48185","Grimes County","TX","1.7","1.7","Grimes County, TX","2016 unemployment 6.7%; gap vs county median 1.7 percentage points","BLS LAUS 2016 via Plotly public sample dataset"
"48187","Guadalupe County","TX","-1.4","1.4","Guadalupe County, TX","2016 unemployment 3.6%; gap vs county median -1.4 percentage points","BLS LAUS 2016 via Plotly public sample dataset"
"48189","Hale County","TX","0.7","0.7","Hale County, TX","2016 unemployment 5.7%; gap vs county median 0.7 percentage points","BLS LAUS 2016 via Plotly public sample dataset"
"48191","Hall County","TX","2.1","2.1","Hall County, TX","2016 unemployment 7.1%; gap vs county median 2.1 percentage points","BLS LAUS 2016 via Plotly public sample dataset"
"48193","Hamilton County","TX","-0.1","0.1","Hamilton County, TX","2016 unemployment 4.9%; gap vs county median -0.1 percentage points","BLS LAUS 2016 via Plotly public sample dataset"
"48195","Hansford County","TX","-1.9","1.9","Hansford County, TX","2016 unemployment 3.1%; gap vs county median -1.9 percentage points","BLS LAUS 2016 via Plotly public sample dataset"
"48197","Hardeman County","TX","-1.1","1.1","Hardeman County, TX","2016 unemployment 3.9%; gap vs county median -1.1 percentage points","BLS LAUS 2016 via Plotly public sample dataset"
"48199","Hardin County","TX","1.1","1.1","Hardin County, TX","2016 unemployment 6.1%; gap vs county median 1.1 percentage points","BLS LAUS 2016 via Plotly public sample dataset"
"48201","Harris County","TX","0.3","0.3","Harris County, TX","2016 unemployment 5.3%; gap vs county median 0.3 percentage points","BLS LAUS 2016 via Plotly public sample dataset"
"48203","Harrison County","TX","1.1","1.1","Harrison County, TX","2016 unemployment 6.1%; gap vs county median 1.1 percentage points","BLS LAUS 2016 via Plotly public sample dataset"
"48205","Hartley County","TX","-2.8","2.8","Hartley County, TX","2016 unemployment 2.2%; gap vs county median -2.8 percentage points","BLS LAUS 2016 via Plotly public sample dataset"
"48207","Haskell County","TX","-0.6","0.6","Haskell County, TX","2016 unemployment 4.4%; gap vs county median -0.6 percentage points","BLS LAUS 2016 via Plotly public sample dataset"
"48209","Hays County","TX","-1.7","1.7","Hays County, TX","2016 unemployment 3.3%; gap vs county median -1.7 percentage points","BLS LAUS 2016 via Plotly public sample dataset"
"48211","Hemphill County","TX","-1.2","1.2","Hemphill County, TX","2016 unemployment 3.8%; gap vs county median -1.2 percentage points","BLS LAUS 2016 via Plotly public sample dataset"
"48213","Henderson County","TX","-0.3","0.3","Henderson County, TX","2016 unemployment 4.7%; gap vs county median -0.3 percentage points","BLS LAUS 2016 via Plotly public sample dataset"
"48215","Hidalgo County","TX","2.8","2.8","Hidalgo County, TX","2016 unemployment 7.8%; gap vs county median 2.8 percentage points","BLS LAUS 2016 via Plotly public sample dataset"
"48217","Hill County","TX","-0.5","0.5","Hill County, TX","2016 unemployment 4.5%; gap vs county median -0.5 percentage points","BLS LAUS 2016 via Plotly public sample dataset"
"48219","Hockley County","TX","-0.3","0.3","Hockley County, TX","2016 unemployment 4.7%; gap vs county median -0.3 percentage points","BLS LAUS 2016 via Plotly public sample dataset"
"48221","Hood County","TX","-0.3","0.3","Hood County, TX","2016 unemployment 4.7%; gap vs county median -0.3 percentage points","BLS LAUS 2016 via Plotly public sample dataset"
"48223","Hopkins County","TX","-1","1","Hopkins County, TX","2016 unemployment 4%; gap vs county median -1 percentage points","BLS LAUS 2016 via Plotly public sample dataset"
"48225","Houston County","TX","-0.5","0.5","Houston County, TX","2016 unemployment 4.5%; gap vs county median -0.5 percentage points","BLS LAUS 2016 via Plotly public sample dataset"
"48227","Howard County","TX","0.6","0.6","Howard County, TX","2016 unemployment 5.6%; gap vs county median 0.6 percentage points","BLS LAUS 2016 via Plotly public sample dataset"
"48229","Hudspeth County","TX","1.7","1.7","Hudspeth County, TX","2016 unemployment 6.7%; gap vs county median 1.7 percentage points","BLS LAUS 2016 via Plotly public sample dataset"
"48231","Hunt County","TX","-0.7","0.7","Hunt County, TX","2016 unemployment 4.3%; gap vs county median -0.7 percentage points","BLS LAUS 2016 via Plotly public sample dataset"
"48233","Hutchinson County","TX","0.6","0.6","Hutchinson County, TX","2016 unemployment 5.6%; gap vs county median 0.6 percentage points","BLS LAUS 2016 via Plotly public sample dataset"
"48235","Irion County","TX","-1.8","1.8","Irion County, TX","2016 unemployment 3.2%; gap vs county median -1.8 percentage points","BLS LAUS 2016 via Plotly public sample dataset"
"48237","Jack County","TX","-0.1","0.1","Jack County, TX","2016 unemployment 4.9%; gap vs county median -0.1 percentage points","BLS LAUS 2016 via Plotly public sample dataset"
"48239","Jackson County","TX","-0.2","0.2","Jackson County, TX","2016 unemployment 4.8%; gap vs county median -0.2 percentage points","BLS LAUS 2016 via Plotly public sample dataset"
"48241","Jasper County","TX","2.8","2.8","Jasper County, TX","2016 unemployment 7.8%; gap vs county median 2.8 percentage points","BLS LAUS 2016 via Plotly public sample dataset"
"48243","Jeff Davis County","TX","-2.1","2.1","Jeff Davis County, TX","2016 unemployment 2.9%; gap vs county median -2.1 percentage points","BLS LAUS 2016 via Plotly public sample dataset"
"48245","Jefferson County","TX","2","2","Jefferson County, TX","2016 unemployment 7%; gap vs county median 2 percentage points","BLS LAUS 2016 via Plotly public sample dataset"
"48247","Jim Hogg County","TX","4.6","4.6","Jim Hogg County, TX","2016 unemployment 9.6%; gap vs county median 4.6 percentage points","BLS LAUS 2016 via Plotly public sample dataset"
"48249","Jim Wells County","TX","5.7","5.7","Jim Wells County, TX","2016 unemployment 10.7%; gap vs county median 5.7 percentage points","BLS LAUS 2016 via Plotly public sample dataset"
"48251","Johnson County","TX","-0.7","0.7","Johnson County, TX","2016 unemployment 4.3%; gap vs county median -0.7 percentage points","BLS LAUS 2016 via Plotly public sample dataset"
"48253","Jones County","TX","0.9","0.9","Jones County, TX","2016 unemployment 5.9%; gap vs county median 0.9 percentage points","BLS LAUS 2016 via Plotly public sample dataset"
"48255","Karnes County","TX","-0.1","0.1","Karnes County, TX","2016 unemployment 4.9%; gap vs county median -0.1 percentage points","BLS LAUS 2016 via Plotly public sample dataset"
"48257","Kaufman County","TX","-1.2","1.2","Kaufman County, TX","2016 unemployment 3.8%; gap vs county median -1.2 percentage points","BLS LAUS 2016 via Plotly public sample dataset"
"48259","Kendall County","TX","-1.8","1.8","Kendall County, TX","2016 unemployment 3.2%; gap vs county median -1.8 percentage points","BLS LAUS 2016 via Plotly public sample dataset"
"48261","Kenedy County","TX","0.2","0.2","Kenedy County, TX","2016 unemployment 5.2%; gap vs county median 0.2 percentage points","BLS LAUS 2016 via Plotly public sample dataset"
"48263","Kent County","TX","-2","2","Kent County, TX","2016 unemployment 3%; gap vs county median -2 percentage points","BLS LAUS 2016 via Plotly public sample dataset"
"48265","Kerr County","TX","-1.4","1.4","Kerr County, TX","2016 unemployment 3.6%; gap vs county median -1.4 percentage points","BLS LAUS 2016 via Plotly public sample dataset"
"48267","Kimble County","TX","-1.1","1.1","Kimble County, TX","2016 unemployment 3.9%; gap vs county median -1.1 percentage points","BLS LAUS 2016 via Plotly public sample dataset"
"48269","King County","TX","-1","1","King County, TX","2016 unemployment 4%; gap vs county median -1 percentage points","BLS LAUS 2016 via Plotly public sample dataset"
"48271","Kinney County","TX","1","1","Kinney County, TX","2016 unemployment 6%; gap vs county median 1 percentage points","BLS LAUS 2016 via Plotly public sample dataset"
"48273","Kleberg County","TX","1.9","1.9","Kleberg County, TX","2016 unemployment 6.9%; gap vs county median 1.9 percentage points","BLS LAUS 2016 via Plotly public sample dataset"
"48275","Knox County","TX","-0.6","0.6","Knox County, TX","2016 unemployment 4.4%; gap vs county median -0.6 percentage points","BLS LAUS 2016 via Plotly public sample dataset"
"48277","Lamar County","TX","-0.4","0.4","Lamar County, TX","2016 unemployment 4.6%; gap vs county median -0.4 percentage points","BLS LAUS 2016 via Plotly public sample dataset"
"48279","Lamb County","TX","1.6","1.6","Lamb County, TX","2016 unemployment 6.6%; gap vs county median 1.6 percentage points","BLS LAUS 2016 via Plotly public sample dataset"
"48281","Lampasas County","TX","-0.9","0.9","Lampasas County, TX","2016 unemployment 4.1%; gap vs county median -0.9 percentage points","BLS LAUS 2016 via Plotly public sample dataset"
"48283","La Salle County","TX","0.2","0.2","La Salle County, TX","2016 unemployment 5.2%; gap vs county median 0.2 percentage points","BLS LAUS 2016 via Plotly public sample dataset"
"48285","Lavaca County","TX","-0.7","0.7","Lavaca County, TX","2016 unemployment 4.3%; gap vs county median -0.7 percentage points","BLS LAUS 2016 via Plotly public sample dataset"
"48287","Lee County","TX","-1.2","1.2","Lee County, TX","2016 unemployment 3.8%; gap vs county median -1.2 percentage points","BLS LAUS 2016 via Plotly public sample dataset"
"48289","Leon County","TX","1.6","1.6","Leon County, TX","2016 unemployment 6.6%; gap vs county median 1.6 percentage points","BLS LAUS 2016 via Plotly public sample dataset"
"48291","Liberty County","TX","2.6","2.6","Liberty County, TX","2016 unemployment 7.6%; gap vs county median 2.6 percentage points","BLS LAUS 2016 via Plotly public sample dataset"
"48293","Limestone County","TX","0.7","0.7","Limestone County, TX","2016 unemployment 5.7%; gap vs county median 0.7 percentage points","BLS LAUS 2016 via Plotly public sample dataset"
"48295","Lipscomb County","TX","-0.4","0.4","Lipscomb County, TX","2016 unemployment 4.6%; gap vs county median -0.4 percentage points","BLS LAUS 2016 via Plotly public sample dataset"
"48297","Live Oak County","TX","1","1","Live Oak County, TX","2016 unemployment 6%; gap vs county median 1 percentage points","BLS LAUS 2016 via Plotly public sample dataset"
"48299","Llano County","TX","-0.9","0.9","Llano County, TX","2016 unemployment 4.1%; gap vs county median -0.9 percentage points","BLS LAUS 2016 via Plotly public sample dataset"
"48301","Loving County","TX","-0.7","0.7","Loving County, TX","2016 unemployment 4.3%; gap vs county median -0.7 percentage points","BLS LAUS 2016 via Plotly public sample dataset"
"48303","Lubbock County","TX","-1.6","1.6","Lubbock County, TX","2016 unemployment 3.4%; gap vs county median -1.6 percentage points","BLS LAUS 2016 via Plotly public sample dataset"
"48305","Lynn County","TX","-1","1","Lynn County, TX","2016 unemployment 4%; gap vs county median -1 percentage points","BLS LAUS 2016 via Plotly public sample dataset"
"48307","McCulloch County","TX","-0.4","0.4","McCulloch County, TX","2016 unemployment 4.6%; gap vs county median -0.4 percentage points","BLS LAUS 2016 via Plotly public sample dataset"
"48309","McLennan County","TX","-1","1","McLennan County, TX","2016 unemployment 4%; gap vs county median -1 percentage points","BLS LAUS 2016 via Plotly public sample dataset"
"48311","McMullen County","TX","-2.8","2.8","McMullen County, TX","2016 unemployment 2.2%; gap vs county median -2.8 percentage points","BLS LAUS 2016 via Plotly public sample dataset"
"48313","Madison County","TX","0.1","0.1","Madison County, TX","2016 unemployment 5.1%; gap vs county median 0.1 percentage points","BLS LAUS 2016 via Plotly public sample dataset"
"48315","Marion County","TX","2.1","2.1","Marion County, TX","2016 unemployment 7.1%; gap vs county median 2.1 percentage points","BLS LAUS 2016 via Plotly public sample dataset"
"48317","Martin County","TX","-0.6","0.6","Martin County, TX","2016 unemployment 4.4%; gap vs county median -0.6 percentage points","BLS LAUS 2016 via Plotly public sample dataset"
"48319","Mason County","TX","-1.3","1.3","Mason County, TX","2016 unemployment 3.7%; gap vs county median -1.3 percentage points","BLS LAUS 2016 via Plotly public sample dataset"
"48321","Matagorda County","TX","2.4","2.4","Matagorda County, TX","2016 unemployment 7.4%; gap vs county median 2.4 percentage points","BLS LAUS 2016 via Plotly public sample dataset"
"48323","Maverick County","TX","6.3","6.3","Maverick County, TX","2016 unemployment 11.3%; gap vs county median 6.3 percentage points","BLS LAUS 2016 via Plotly public sample dataset"
"48325","Medina County","TX","-0.6","0.6","Medina County, TX","2016 unemployment 4.4%; gap vs county median -0.6 percentage points","BLS LAUS 2016 via Plotly public sample dataset"
"48327","Menard County","TX","-0.4","0.4","Menard County, TX","2016 unemployment 4.6%; gap vs county median -0.4 percentage points","BLS LAUS 2016 via Plotly public sample dataset"
"48329","Midland County","TX","-0.6","0.6","Midland County, TX","2016 unemployment 4.4%; gap vs county median -0.6 percentage points","BLS LAUS 2016 via Plotly public sample dataset"
"48331","Milam County","TX","0.2","0.2","Milam County, TX","2016 unemployment 5.2%; gap vs county median 0.2 percentage points","BLS LAUS 2016 via Plotly public sample dataset"
"48333","Mills County","TX","-0.8","0.8","Mills County, TX","2016 unemployment 4.2%; gap vs county median -0.8 percentage points","BLS LAUS 2016 via Plotly public sample dataset"
"48335","Mitchell County","TX","2.2","2.2","Mitchell County, TX","2016 unemployment 7.2%; gap vs county median 2.2 percentage points","BLS LAUS 2016 via Plotly public sample dataset"
"48337","Montague County","TX","0","0","Montague County, TX","2016 unemployment 5%; gap vs county median 0 percentage points","BLS LAUS 2016 via Plotly public sample dataset"
"48339","Montgomery County","TX","-0.1","0.1","Montgomery County, TX","2016 unemployment 4.9%; gap vs county median -0.1 percentage points","BLS LAUS 2016 via Plotly public sample dataset"
"48341","Moore County","TX","-2","2","Moore County, TX","2016 unemployment 3%; gap vs county median -2 percentage points","BLS LAUS 2016 via Plotly public sample dataset"
"48343","Morris County","TX","6","6","Morris County, TX","2016 unemployment 11%; gap vs county median 6 percentage points","BLS LAUS 2016 via Plotly public sample dataset"
"48345","Motley County","TX","-1.3","1.3","Motley County, TX","2016 unemployment 3.7%; gap vs county median -1.3 percentage points","BLS LAUS 2016 via Plotly public sample dataset"
"48347","Nacogdoches County","TX","-0.3","0.3","Nacogdoches County, TX","2016 unemployment 4.7%; gap vs county median -0.3 percentage points","BLS LAUS 2016 via Plotly public sample dataset"
"48349","Navarro County","TX","-0.8","0.8","Navarro County, TX","2016 unemployment 4.2%; gap vs county median -0.8 percentage points","BLS LAUS 2016 via Plotly public sample dataset"
"48351","Newton County","TX","3.1","3.1","Newton County, TX","2016 unemployment 8.1%; gap vs county median 3.1 percentage points","BLS LAUS 2016 via Plotly public sample dataset"
"48353","Nolan County","TX","-0.1","0.1","Nolan County, TX","2016 unemployment 4.9%; gap vs county median -0.1 percentage points","BLS LAUS 2016 via Plotly public sample dataset"
"48355","Nueces County","TX","0.7","0.7","Nueces County, TX","2016 unemployment 5.7%; gap vs county median 0.7 percentage points","BLS LAUS 2016 via Plotly public sample dataset"
"48357","Ochiltree County","TX","0.4","0.4","Ochiltree County, TX","2016 unemployment 5.4%; gap vs county median 0.4 percentage points","BLS LAUS 2016 via Plotly public sample dataset"
"48359","Oldham County","TX","-2","2","Oldham County, TX","2016 unemployment 3%; gap vs county median -2 percentage points","BLS LAUS 2016 via Plotly public sample dataset"
"48361","Orange County","TX","1.8","1.8","Orange County, TX","2016 unemployment 6.8%; gap vs county median 1.8 percentage points","BLS LAUS 2016 via Plotly public sample dataset"
"48363","Palo Pinto County","TX","0.6","0.6","Palo Pinto County, TX","2016 unemployment 5.6%; gap vs county median 0.6 percentage points","BLS LAUS 2016 via Plotly public sample dataset"
"48365","Panola County","TX","2.4","2.4","Panola County, TX","2016 unemployment 7.4%; gap vs county median 2.4 percentage points","BLS LAUS 2016 via Plotly public sample dataset"
"48367","Parker County","TX","-0.9","0.9","Parker County, TX","2016 unemployment 4.1%; gap vs county median -0.9 percentage points","BLS LAUS 2016 via Plotly public sample dataset"
"48369","Parmer County","TX","-2.5","2.5","Parmer County, TX","2016 unemployment 2.5%; gap vs county median -2.5 percentage points","BLS LAUS 2016 via Plotly public sample dataset"
"48371","Pecos County","TX","0.9","0.9","Pecos County, TX","2016 unemployment 5.9%; gap vs county median 0.9 percentage points","BLS LAUS 2016 via Plotly public sample dataset"
"48373","Polk County","TX","1.3","1.3","Polk County, TX","2016 unemployment 6.3%; gap vs county median 1.3 percentage points","BLS LAUS 2016 via Plotly public sample dataset"
"48375","Potter County","TX","-1.7","1.7","Potter County, TX","2016 unemployment 3.3%; gap vs county median -1.7 percentage points","BLS LAUS 2016 via Plotly public sample dataset"
"48377","Presidio County","TX","5.7","5.7","Presidio County, TX","2016 unemployment 10.7%; gap vs county median 5.7 percentage points","BLS LAUS 2016 via Plotly public sample dataset"
"48379","Rains County","TX","-1","1","Rains County, TX","2016 unemployment 4%; gap vs county median -1 percentage points","BLS LAUS 2016 via Plotly public sample dataset"
"48381","Randall County","TX","-2","2","Randall County, TX","2016 unemployment 3%; gap vs county median -2 percentage points","BLS LAUS 2016 via Plotly public sample dataset"
"48383","Reagan County","TX","1.6","1.6","Reagan County, TX","2016 unemployment 6.6%; gap vs county median 1.6 percentage points","BLS LAUS 2016 via Plotly public sample dataset"
"48385","Real County","TX","0.7","0.7","Real County, TX","2016 unemployment 5.7%; gap vs county median 0.7 percentage points","BLS LAUS 2016 via Plotly public sample dataset"
"48387","Red River County","TX","0.9","0.9","Red River County, TX","2016 unemployment 5.9%; gap vs county median 0.9 percentage points","BLS LAUS 2016 via Plotly public sample dataset"
"48389","Reeves County","TX","0.6","0.6","Reeves County, TX","2016 unemployment 5.6%; gap vs county median 0.6 percentage points","BLS LAUS 2016 via Plotly public sample dataset"
"48391","Refugio County","TX","1.8","1.8","Refugio County, TX","2016 unemployment 6.8%; gap vs county median 1.8 percentage points","BLS LAUS 2016 via Plotly public sample dataset"
"48393","Roberts County","TX","-0.3","0.3","Roberts County, TX","2016 unemployment 4.7%; gap vs county median -0.3 percentage points","BLS LAUS 2016 via Plotly public sample dataset"
"48395","Robertson County","TX","0","0","Robertson County, TX","2016 unemployment 5%; gap vs county median 0 percentage points","BLS LAUS 2016 via Plotly public sample dataset"
"48397","Rockwall County","TX","-1.5","1.5","Rockwall County, TX","2016 unemployment 3.5%; gap vs county median -1.5 percentage points","BLS LAUS 2016 via Plotly public sample dataset"
"48399","Runnels County","TX","-0.9","0.9","Runnels County, TX","2016 unemployment 4.1%; gap vs county median -0.9 percentage points","BLS LAUS 2016 via Plotly public sample dataset"
"48401","Rusk County","TX","0.8","0.8","Rusk County, TX","2016 unemployment 5.8%; gap vs county median 0.8 percentage points","BLS LAUS 2016 via Plotly public sample dataset"
"48403","Sabine County","TX","4.6","4.6","Sabine County, TX","2016 unemployment 9.6%; gap vs county median 4.6 percentage points","BLS LAUS 2016 via Plotly public sample dataset"
"48405","San Augustine County","TX","4.1","4.1","San Augustine County, TX","2016 unemployment 9.1%; gap vs county median 4.1 percentage points","BLS LAUS 2016 via Plotly public sample dataset"
"48407","San Jacinto County","TX","1.3","1.3","San Jacinto County, TX","2016 unemployment 6.3%; gap vs county median 1.3 percentage points","BLS LAUS 2016 via Plotly public sample dataset"
"48409","San Patricio County","TX","2.6","2.6","San Patricio County, TX","2016 unemployment 7.6%; gap vs county median 2.6 percentage points","BLS LAUS 2016 via Plotly public sample dataset"
"48411","San Saba County","TX","-1.6","1.6","San Saba County, TX","2016 unemployment 3.4%; gap vs county median -1.6 percentage points","BLS LAUS 2016 via Plotly public sample dataset"
"48413","Schleicher County","TX","0.7","0.7","Schleicher County, TX","2016 unemployment 5.7%; gap vs county median 0.7 percentage points","BLS LAUS 2016 via Plotly public sample dataset"
"48415","Scurry County","TX","0.9","0.9","Scurry County, TX","2016 unemployment 5.9%; gap vs county median 0.9 percentage points","BLS LAUS 2016 via Plotly public sample dataset"
"48417","Shackelford County","TX","-1.1","1.1","Shackelford County, TX","2016 unemployment 3.9%; gap vs county median -1.1 percentage points","BLS LAUS 2016 via Plotly public sample dataset"
"48419","Shelby County","TX","1","1","Shelby County, TX","2016 unemployment 6%; gap vs county median 1 percentage points","BLS LAUS 2016 via Plotly public sample dataset"
"48421","Sherman County","TX","-2.1","2.1","Sherman County, TX","2016 unemployment 2.9%; gap vs county median -2.1 percentage points","BLS LAUS 2016 via Plotly public sample dataset"
"48423","Smith County","TX","-0.5","0.5","Smith County, TX","2016 unemployment 4.5%; gap vs county median -0.5 percentage points","BLS LAUS 2016 via Plotly public sample dataset"
"48425","Somervell County","TX","-0.3","0.3","Somervell County, TX","2016 unemployment 4.7%; gap vs county median -0.3 percentage points","BLS LAUS 2016 via Plotly public sample dataset"
"48427","Starr County","TX","8.6","8.6","Starr County, TX","2016 unemployment 13.6%; gap vs county median 8.6 percentage points","BLS LAUS 2016 via Plotly public sample dataset"
"48429","Stephens County","TX","0.3","0.3","Stephens County, TX","2016 unemployment 5.3%; gap vs county median 0.3 percentage points","BLS LAUS 2016 via Plotly public sample dataset"
"48431","Sterling County","TX","-0.8","0.8","Sterling County, TX","2016 unemployment 4.2%; gap vs county median -0.8 percentage points","BLS LAUS 2016 via Plotly public sample dataset"
"48433","Stonewall County","TX","-0.4","0.4","Stonewall County, TX","2016 unemployment 4.6%; gap vs county median -0.4 percentage points","BLS LAUS 2016 via Plotly public sample dataset"
"48435","Sutton County","TX","3","3","Sutton County, TX","2016 unemployment 8%; gap vs county median 3 percentage points","BLS LAUS 2016 via Plotly public sample dataset"
"48437","Swisher County","TX","-0.7","0.7","Swisher County, TX","2016 unemployment 4.3%; gap vs county median -0.7 percentage points","BLS LAUS 2016 via Plotly public sample dataset"
"48439","Tarrant County","TX","-1.1","1.1","Tarrant County, TX","2016 unemployment 3.9%; gap vs county median -1.1 percentage points","BLS LAUS 2016 via Plotly public sample dataset"
"48441","Taylor County","TX","-1.3","1.3","Taylor County, TX","2016 unemployment 3.7%; gap vs county median -1.3 percentage points","BLS LAUS 2016 via Plotly public sample dataset"
"48443","Terrell County","TX","-0.9","0.9","Terrell County, TX","2016 unemployment 4.1%; gap vs county median -0.9 percentage points","BLS LAUS 2016 via Plotly public sample dataset"
"48445","Terry County","TX","-0.1","0.1","Terry County, TX","2016 unemployment 4.9%; gap vs county median -0.1 percentage points","BLS LAUS 2016 via Plotly public sample dataset"
"48447","Throckmorton County","TX","-1.3","1.3","Throckmorton County, TX","2016 unemployment 3.7%; gap vs county median -1.3 percentage points","BLS LAUS 2016 via Plotly public sample dataset"
"48449","Titus County","TX","1.2","1.2","Titus County, TX","2016 unemployment 6.2%; gap vs county median 1.2 percentage points","BLS LAUS 2016 via Plotly public sample dataset"
"48451","Tom Green County","TX","-0.5","0.5","Tom Green County, TX","2016 unemployment 4.5%; gap vs county median -0.5 percentage points","BLS LAUS 2016 via Plotly public sample dataset"
"48453","Travis County","TX","-1.9","1.9","Travis County, TX","2016 unemployment 3.1%; gap vs county median -1.9 percentage points","BLS LAUS 2016 via Plotly public sample dataset"
"48455","Trinity County","TX","1.3","1.3","Trinity County, TX","2016 unemployment 6.3%; gap vs county median 1.3 percentage points","BLS LAUS 2016 via Plotly public sample dataset"
"48457","Tyler County","TX","2.6","2.6","Tyler County, TX","2016 unemployment 7.6%; gap vs county median 2.6 percentage points","BLS LAUS 2016 via Plotly public sample dataset"
"48459","Upshur County","TX","1.5","1.5","Upshur County, TX","2016 unemployment 6.5%; gap vs county median 1.5 percentage points","BLS LAUS 2016 via Plotly public sample dataset"
"48461","Upton County","TX","0.4","0.4","Upton County, TX","2016 unemployment 5.4%; gap vs county median 0.4 percentage points","BLS LAUS 2016 via Plotly public sample dataset"
"48463","Uvalde County","TX","0.3","0.3","Uvalde County, TX","2016 unemployment 5.3%; gap vs county median 0.3 percentage points","BLS LAUS 2016 via Plotly public sample dataset"
"48465","Val Verde County","TX","1.3","1.3","Val Verde County, TX","2016 unemployment 6.3%; gap vs county median 1.3 percentage points","BLS LAUS 2016 via Plotly public sample dataset"
"48467","Van Zandt County","TX","-0.7","0.7","Van Zandt County, TX","2016 unemployment 4.3%; gap vs county median -0.7 percentage points","BLS LAUS 2016 via Plotly public sample dataset"
"48469","Victoria County","TX","0.4","0.4","Victoria County, TX","2016 unemployment 5.4%; gap vs county median 0.4 percentage points","BLS LAUS 2016 via Plotly public sample dataset"
"48471","Walker County","TX","0.3","0.3","Walker County, TX","2016 unemployment 5.3%; gap vs county median 0.3 percentage points","BLS LAUS 2016 via Plotly public sample dataset"
"48473","Waller County","TX","0.7","0.7","Waller County, TX","2016 unemployment 5.7%; gap vs county median 0.7 percentage points","BLS LAUS 2016 via Plotly public sample dataset"
"48475","Ward County","TX","0.8","0.8","Ward County, TX","2016 unemployment 5.8%; gap vs county median 0.8 percentage points","BLS LAUS 2016 via Plotly public sample dataset"
"48477","Washington County","TX","0.1","0.1","Washington County, TX","2016 unemployment 5.1%; gap vs county median 0.1 percentage points","BLS LAUS 2016 via Plotly public sample dataset"
"48479","Webb County","TX","-0.1","0.1","Webb County, TX","2016 unemployment 4.9%; gap vs county median -0.1 percentage points","BLS LAUS 2016 via Plotly public sample dataset"
"48481","Wharton County","TX","0","0","Wharton County, TX","2016 unemployment 5%; gap vs county median 0 percentage points","BLS LAUS 2016 via Plotly public sample dataset"
"48483","Wheeler County","TX","0","0","Wheeler County, TX","2016 unemployment 5%; gap vs county median 0 percentage points","BLS LAUS 2016 via Plotly public sample dataset"
"48485","Wichita County","TX","-0.6","0.6","Wichita County, TX","2016 unemployment 4.4%; gap vs county median -0.6 percentage points","BLS LAUS 2016 via Plotly public sample dataset"
"48487","Wilbarger County","TX","-0.2","0.2","Wilbarger County, TX","2016 unemployment 4.8%; gap vs county median -0.2 percentage points","BLS LAUS 2016 via Plotly public sample dataset"
"48489","Willacy County","TX","7.4","7.4","Willacy County, TX","2016 unemployment 12.4%; gap vs county median 7.4 percentage points","BLS LAUS 2016 via Plotly public sample dataset"
"48491","Williamson County","TX","-1.7","1.7","Williamson County, TX","2016 unemployment 3.3%; gap vs county median -1.7 percentage points","BLS LAUS 2016 via Plotly public sample dataset"
"48493","Wilson County","TX","-1.1","1.1","Wilson County, TX","2016 unemployment 3.9%; gap vs county median -1.1 percentage points","BLS LAUS 2016 via Plotly public sample dataset"
"48495","Winkler County","TX","2.9","2.9","Winkler County, TX","2016 unemployment 7.9%; gap vs county median 2.9 percentage points","BLS LAUS 2016 via Plotly public sample dataset"
"48497","Wise County","TX","-0.2","0.2","Wise County, TX","2016 unemployment 4.8%; gap vs county median -0.2 percentage points","BLS LAUS 2016 via Plotly public sample dataset"
"48499","Wood County","TX","0.3","0.3","Wood County, TX","2016 unemployment 5.3%; gap vs county median 0.3 percentage points","BLS LAUS 2016 via Plotly public sample dataset"
"48501","Yoakum County","TX","-0.3","0.3","Yoakum County, TX","2016 unemployment 4.7%; gap vs county median -0.3 percentage points","BLS LAUS 2016 via Plotly public sample dataset"
"48503","Young County","TX","-0.6","0.6","Young County, TX","2016 unemployment 4.4%; gap vs county median -0.6 percentage points","BLS LAUS 2016 via Plotly public sample dataset"
"48505","Zapata County","TX","6","6","Zapata County, TX","2016 unemployment 11%; gap vs county median 6 percentage points","BLS LAUS 2016 via Plotly public sample dataset"
"48507","Zavala County","TX","9.1","9.1","Zavala County, TX","2016 unemployment 14.1%; gap vs county median 9.1 percentage points","BLS LAUS 2016 via Plotly public sample dataset"
"49001","Beaver County","UT","0","0","Beaver County, UT","2016 unemployment 5%; gap vs county median 0 percentage points","BLS LAUS 2016 via Plotly public sample dataset"
"49003","Box Elder County","UT","-1.5","1.5","Box Elder County, UT","2016 unemployment 3.5%; gap vs county median -1.5 percentage points","BLS LAUS 2016 via Plotly public sample dataset"
"49005","Cache County","UT","-1.9","1.9","Cache County, UT","2016 unemployment 3.1%; gap vs county median -1.9 percentage points","BLS LAUS 2016 via Plotly public sample dataset"
"49007","Carbon County","UT","0.9","0.9","Carbon County, UT","2016 unemployment 5.9%; gap vs county median 0.9 percentage points","BLS LAUS 2016 via Plotly public sample dataset"
"49009","Daggett County","UT","-0.1","0.1","Daggett County, UT","2016 unemployment 4.9%; gap vs county median -0.1 percentage points","BLS LAUS 2016 via Plotly public sample dataset"
"49011","Davis County","UT","-1.9","1.9","Davis County, UT","2016 unemployment 3.1%; gap vs county median -1.9 percentage points","BLS LAUS 2016 via Plotly public sample dataset"
"49013","Duchesne County","UT","3.9","3.9","Duchesne County, UT","2016 unemployment 8.9%; gap vs county median 3.9 percentage points","BLS LAUS 2016 via Plotly public sample dataset"
"49015","Emery County","UT","1.3","1.3","Emery County, UT","2016 unemployment 6.3%; gap vs county median 1.3 percentage points","BLS LAUS 2016 via Plotly public sample dataset"
"49017","Garfield County","UT","3.4","3.4","Garfield County, UT","2016 unemployment 8.4%; gap vs county median 3.4 percentage points","BLS LAUS 2016 via Plotly public sample dataset"
"49019","Grand County","UT","0.8","0.8","Grand County, UT","2016 unemployment 5.8%; gap vs county median 0.8 percentage points","BLS LAUS 2016 via Plotly public sample dataset"
"49021","Iron County","UT","-0.7","0.7","Iron County, UT","2016 unemployment 4.3%; gap vs county median -0.7 percentage points","BLS LAUS 2016 via Plotly public sample dataset"
"49023","Juab County","UT","-1.4","1.4","Juab County, UT","2016 unemployment 3.6%; gap vs county median -1.4 percentage points","BLS LAUS 2016 via Plotly public sample dataset"
"49025","Kane County","UT","-1.2","1.2","Kane County, UT","2016 unemployment 3.8%; gap vs county median -1.2 percentage points","BLS LAUS 2016 via Plotly public sample dataset"
"49027","Millard County","UT","-1.7","1.7","Millard County, UT","2016 unemployment 3.3%; gap vs county median -1.7 percentage points","BLS LAUS 2016 via Plotly public sample dataset"
"49029","Morgan County","UT","-2","2","Morgan County, UT","2016 unemployment 3%; gap vs county median -2 percentage points","BLS LAUS 2016 via Plotly public sample dataset"
"49031","Piute County","UT","1","1","Piute County, UT","2016 unemployment 6%; gap vs county median 1 percentage points","BLS LAUS 2016 via Plotly public sample dataset"
"49033","Rich County","UT","-1.8","1.8","Rich County, UT","2016 unemployment 3.2%; gap vs county median -1.8 percentage points","BLS LAUS 2016 via Plotly public sample dataset"
"49035","Salt Lake County","UT","-1.8","1.8","Salt Lake County, UT","2016 unemployment 3.2%; gap vs county median -1.8 percentage points","BLS LAUS 2016 via Plotly public sample dataset"
"49037","San Juan County","UT","3","3","San Juan County, UT","2016 unemployment 8%; gap vs county median 3 percentage points","BLS LAUS 2016 via Plotly public sample dataset"
"49039","Sanpete County","UT","-1.1","1.1","Sanpete County, UT","2016 unemployment 3.9%; gap vs county median -1.1 percentage points","BLS LAUS 2016 via Plotly public sample dataset"
"49041","Sevier County","UT","-0.6","0.6","Sevier County, UT","2016 unemployment 4.4%; gap vs county median -0.6 percentage points","BLS LAUS 2016 via Plotly public sample dataset"
"49043","Summit County","UT","-1.9","1.9","Summit County, UT","2016 unemployment 3.1%; gap vs county median -1.9 percentage points","BLS LAUS 2016 via Plotly public sample dataset"
"49045","Tooele County","UT","-1.2","1.2","Tooele County, UT","2016 unemployment 3.8%; gap vs county median -1.2 percentage points","BLS LAUS 2016 via Plotly public sample dataset"
"49047","Uintah County","UT","4.3","4.3","Uintah County, UT","2016 unemployment 9.3%; gap vs county median 4.3 percentage points","BLS LAUS 2016 via Plotly public sample dataset"
"49049","Utah County","UT","-2","2","Utah County, UT","2016 unemployment 3%; gap vs county median -2 percentage points","BLS LAUS 2016 via Plotly public sample dataset"
"49051","Wasatch County","UT","-1.7","1.7","Wasatch County, UT","2016 unemployment 3.3%; gap vs county median -1.7 percentage points","BLS LAUS 2016 via Plotly public sample dataset"
"49053","Washington County","UT","-1.3","1.3","Washington County, UT","2016 unemployment 3.7%; gap vs county median -1.3 percentage points","BLS LAUS 2016 via Plotly public sample dataset"
"49055","Wayne County","UT","2.7","2.7","Wayne County, UT","2016 unemployment 7.7%; gap vs county median 2.7 percentage points","BLS LAUS 2016 via Plotly public sample dataset"
"49057","Weber County","UT","-1.2","1.2","Weber County, UT","2016 unemployment 3.8%; gap vs county median -1.2 percentage points","BLS LAUS 2016 via Plotly public sample dataset"
"50001","Addison County","VT","-1.9","1.9","Addison County, VT","2016 unemployment 3.1%; gap vs county median -1.9 percentage points","BLS LAUS 2016 via Plotly public sample dataset"
"50003","Bennington County","VT","-1.2","1.2","Bennington County, VT","2016 unemployment 3.8%; gap vs county median -1.2 percentage points","BLS LAUS 2016 via Plotly public sample dataset"
"50005","Caledonia County","VT","-0.9","0.9","Caledonia County, VT","2016 unemployment 4.1%; gap vs county median -0.9 percentage points","BLS LAUS 2016 via Plotly public sample dataset"
"50007","Chittenden County","VT","-2.5","2.5","Chittenden County, VT","2016 unemployment 2.5%; gap vs county median -2.5 percentage points","BLS LAUS 2016 via Plotly public sample dataset"
"50009","Essex County","VT","0.9","0.9","Essex County, VT","2016 unemployment 5.9%; gap vs county median 0.9 percentage points","BLS LAUS 2016 via Plotly public sample dataset"
"50011","Franklin County","VT","-1.8","1.8","Franklin County, VT","2016 unemployment 3.2%; gap vs county median -1.8 percentage points","BLS LAUS 2016 via Plotly public sample dataset"
"50013","Grand Isle County","VT","-1","1","Grand Isle County, VT","2016 unemployment 4%; gap vs county median -1 percentage points","BLS LAUS 2016 via Plotly public sample dataset"
"50015","Lamoille County","VT","-0.7","0.7","Lamoille County, VT","2016 unemployment 4.3%; gap vs county median -0.7 percentage points","BLS LAUS 2016 via Plotly public sample dataset"
"50017","Orange County","VT","-1.9","1.9","Orange County, VT","2016 unemployment 3.1%; gap vs county median -1.9 percentage points","BLS LAUS 2016 via Plotly public sample dataset"
"50019","Orleans County","VT","0.2","0.2","Orleans County, VT","2016 unemployment 5.2%; gap vs county median 0.2 percentage points","BLS LAUS 2016 via Plotly public sample dataset"
"50021","Rutland County","VT","-1.1","1.1","Rutland County, VT","2016 unemployment 3.9%; gap vs county median -1.1 percentage points","BLS LAUS 2016 via Plotly public sample dataset"
"50023","Washington County","VT","-1.8","1.8","Washington County, VT","2016 unemployment 3.2%; gap vs county median -1.8 percentage points","BLS LAUS 2016 via Plotly public sample dataset"
"50025","Windham County","VT","-1.7","1.7","Windham County, VT","2016 unemployment 3.3%; gap vs county median -1.7 percentage points","BLS LAUS 2016 via Plotly public sample dataset"
"50027","Windsor County","VT","-2.1","2.1","Windsor County, VT","2016 unemployment 2.9%; gap vs county median -2.1 percentage points","BLS LAUS 2016 via Plotly public sample dataset"
"51001","Accomack County","VA","-0.2","0.2","Accomack County, VA","2016 unemployment 4.8%; gap vs county median -0.2 percentage points","BLS LAUS 2016 via Plotly public sample dataset"
"51003","Albemarle County","VA","-1.5","1.5","Albemarle County, VA","2016 unemployment 3.5%; gap vs county median -1.5 percentage points","BLS LAUS 2016 via Plotly public sample dataset"
"51005","Alleghany County","VA","0.1","0.1","Alleghany County, VA","2016 unemployment 5.1%; gap vs county median 0.1 percentage points","BLS LAUS 2016 via Plotly public sample dataset"
"51007","Amelia County","VA","-0.8","0.8","Amelia County, VA","2016 unemployment 4.2%; gap vs county median -0.8 percentage points","BLS LAUS 2016 via Plotly public sample dataset"
"51009","Amherst County","VA","-0.7","0.7","Amherst County, VA","2016 unemployment 4.3%; gap vs county median -0.7 percentage points","BLS LAUS 2016 via Plotly public sample dataset"
"51011","Appomattox County","VA","-0.4","0.4","Appomattox County, VA","2016 unemployment 4.6%; gap vs county median -0.4 percentage points","BLS LAUS 2016 via Plotly public sample dataset"
"51013","Arlington County","VA","-2.4","2.4","Arlington County, VA","2016 unemployment 2.6%; gap vs county median -2.4 percentage points","BLS LAUS 2016 via Plotly public sample dataset"
"51015","Augusta County","VA","-1.4","1.4","Augusta County, VA","2016 unemployment 3.6%; gap vs county median -1.4 percentage points","BLS LAUS 2016 via Plotly public sample dataset"
"51017","Bath County","VA","-1.3","1.3","Bath County, VA","2016 unemployment 3.7%; gap vs county median -1.3 percentage points","BLS LAUS 2016 via Plotly public sample dataset"
"51019","Bedford County","VA","-0.9","0.9","Bedford County, VA","2016 unemployment 4.1%; gap vs county median -0.9 percentage points","BLS LAUS 2016 via Plotly public sample dataset"
"51021","Bland County","VA","0.2","0.2","Bland County, VA","2016 unemployment 5.2%; gap vs county median 0.2 percentage points","BLS LAUS 2016 via Plotly public sample dataset"
"51023","Botetourt County","VA","-1.4","1.4","Botetourt County, VA","2016 unemployment 3.6%; gap vs county median -1.4 percentage points","BLS LAUS 2016 via Plotly public sample dataset"
"51025","Brunswick County","VA","1","1","Brunswick County, VA","2016 unemployment 6%; gap vs county median 1 percentage points","BLS LAUS 2016 via Plotly public sample dataset"
"51027","Buchanan County","VA","5.8","5.8","Buchanan County, VA","2016 unemployment 10.8%; gap vs county median 5.8 percentage points","BLS LAUS 2016 via Plotly public sample dataset"
"51029","Buckingham County","VA","0.3","0.3","Buckingham County, VA","2016 unemployment 5.3%; gap vs county median 0.3 percentage points","BLS LAUS 2016 via Plotly public sample dataset"
"51031","Campbell County","VA","-0.6","0.6","Campbell County, VA","2016 unemployment 4.4%; gap vs county median -0.6 percentage points","BLS LAUS 2016 via Plotly public sample dataset"
"51033","Caroline County","VA","-0.6","0.6","Caroline County, VA","2016 unemployment 4.4%; gap vs county median -0.6 percentage points","BLS LAUS 2016 via Plotly public sample dataset"
"51035","Carroll County","VA","0.1","0.1","Carroll County, VA","2016 unemployment 5.1%; gap vs county median 0.1 percentage points","BLS LAUS 2016 via Plotly public sample dataset"
"51036","Charles City County","VA","-0.5","0.5","Charles City County, VA","2016 unemployment 4.5%; gap vs county median -0.5 percentage points","BLS LAUS 2016 via Plotly public sample dataset"
"51037","Charlotte County","VA","0","0","Charlotte County, VA","2016 unemployment 5%; gap vs county median 0 percentage points","BLS LAUS 2016 via Plotly public sample dataset"
"51041","Chesterfield County","VA","-1.2","1.2","Chesterfield County, VA","2016 unemployment 3.8%; gap vs county median -1.2 percentage points","BLS LAUS 2016 via Plotly public sample dataset"
"51043","Clarke County","VA","-1.5","1.5","Clarke County, VA","2016 unemployment 3.5%; gap vs county median -1.5 percentage points","BLS LAUS 2016 via Plotly public sample dataset"
"51045","Craig County","VA","-0.3","0.3","Craig County, VA","2016 unemployment 4.7%; gap vs county median -0.3 percentage points","BLS LAUS 2016 via Plotly public sample dataset"
"51047","Culpeper County","VA","-1.2","1.2","Culpeper County, VA","2016 unemployment 3.8%; gap vs county median -1.2 percentage points","BLS LAUS 2016 via Plotly public sample dataset"
"51049","Cumberland County","VA","-0.4","0.4","Cumberland County, VA","2016 unemployment 4.6%; gap vs county median -0.4 percentage points","BLS LAUS 2016 via Plotly public sample dataset"
"51051","Dickenson County","VA","4.9","4.9","Dickenson County, VA","2016 unemployment 9.9%; gap vs county median 4.9 percentage points","BLS LAUS 2016 via Plotly public sample dataset"
"51053","Dinwiddie County","VA","-0.2","0.2","Dinwiddie County, VA","2016 unemployment 4.8%; gap vs county median -0.2 percentage points","BLS LAUS 2016 via Plotly public sample dataset"
"51057","Essex County","VA","-0.2","0.2","Essex County, VA","2016 unemployment 4.8%; gap vs county median -0.2 percentage points","BLS LAUS 2016 via Plotly public sample dataset"
"51059","Fairfax County","VA","-1.8","1.8","Fairfax County, VA","2016 unemployment 3.2%; gap vs county median -1.8 percentage points","BLS LAUS 2016 via Plotly public sample dataset"
"51061","Fauquier County","VA","-1.6","1.6","Fauquier County, VA","2016 unemployment 3.4%; gap vs county median -1.6 percentage points","BLS LAUS 2016 via Plotly public sample dataset"
"51063","Floyd County","VA","-1","1","Floyd County, VA","2016 unemployment 4%; gap vs county median -1 percentage points","BLS LAUS 2016 via Plotly public sample dataset"
"51065","Fluvanna County","VA","-1.7","1.7","Fluvanna County, VA","2016 unemployment 3.3%; gap vs county median -1.7 percentage points","BLS LAUS 2016 via Plotly public sample dataset"
"51067","Franklin County","VA","-0.7","0.7","Franklin County, VA","2016 unemployment 4.3%; gap vs county median -0.7 percentage points","BLS LAUS 2016 via Plotly public sample dataset"
"51069","Frederick County","VA","-1.5","1.5","Frederick County, VA","2016 unemployment 3.5%; gap vs county median -1.5 percentage points","BLS LAUS 2016 via Plotly public sample dataset"
"51071","Giles County","VA","0.3","0.3","Giles County, VA","2016 unemployment 5.3%; gap vs county median 0.3 percentage points","BLS LAUS 2016 via Plotly public sample dataset"
"51073","Gloucester County","VA","-1.3","1.3","Gloucester County, VA","2016 unemployment 3.7%; gap vs county median -1.3 percentage points","BLS LAUS 2016 via Plotly public sample dataset"
"51075","Goochland County","VA","-1.3","1.3","Goochland County, VA","2016 unemployment 3.7%; gap vs county median -1.3 percentage points","BLS LAUS 2016 via Plotly public sample dataset"
"51077","Grayson County","VA","0.2","0.2","Grayson County, VA","2016 unemployment 5.2%; gap vs county median 0.2 percentage points","BLS LAUS 2016 via Plotly public sample dataset"
"51079","Greene County","VA","-1.8","1.8","Greene County, VA","2016 unemployment 3.2%; gap vs county median -1.8 percentage points","BLS LAUS 2016 via Plotly public sample dataset"
"51081","Greensville County","VA","0.1","0.1","Greensville County, VA","2016 unemployment 5.1%; gap vs county median 0.1 percentage points","BLS LAUS 2016 via Plotly public sample dataset"
"51083","Halifax County","VA","0.8","0.8","Halifax County, VA","2016 unemployment 5.8%; gap vs county median 0.8 percentage points","BLS LAUS 2016 via Plotly public sample dataset"
"51085","Hanover County","VA","-1.5","1.5","Hanover County, VA","2016 unemployment 3.5%; gap vs county median -1.5 percentage points","BLS LAUS 2016 via Plotly public sample dataset"
"51087","Henrico County","VA","-1.2","1.2","Henrico County, VA","2016 unemployment 3.8%; gap vs county median -1.2 percentage points","BLS LAUS 2016 via Plotly public sample dataset"
"51089","Henry County","VA","0.6","0.6","Henry County, VA","2016 unemployment 5.6%; gap vs county median 0.6 percentage points","BLS LAUS 2016 via Plotly public sample dataset"
"51091","Highland County","VA","-1.8","1.8","Highland County, VA","2016 unemployment 3.2%; gap vs county median -1.8 percentage points","BLS LAUS 2016 via Plotly public sample dataset"
"51093","Isle of Wight County","VA","-0.7","0.7","Isle of Wight County, VA","2016 unemployment 4.3%; gap vs county median -0.7 percentage points","BLS LAUS 2016 via Plotly public sample dataset"
"51095","James City County","VA","-1.1","1.1","James City County, VA","2016 unemployment 3.9%; gap vs county median -1.1 percentage points","BLS LAUS 2016 via Plotly public sample dataset"
"51097","King and Queen County","VA","-0.8","0.8","King and Queen County, VA","2016 unemployment 4.2%; gap vs county median -0.8 percentage points","BLS LAUS 2016 via Plotly public sample dataset"
"51099","King George County","VA","-0.8","0.8","King George County, VA","2016 unemployment 4.2%; gap vs county median -0.8 percentage points","BLS LAUS 2016 via Plotly public sample dataset"
"51101","King William County","VA","-1.3","1.3","King William County, VA","2016 unemployment 3.7%; gap vs county median -1.3 percentage points","BLS LAUS 2016 via Plotly public sample dataset"
"51103","Lancaster County","VA","0.6","0.6","Lancaster County, VA","2016 unemployment 5.6%; gap vs county median 0.6 percentage points","BLS LAUS 2016 via Plotly public sample dataset"
"51105","Lee County","VA","1.8","1.8","Lee County, VA","2016 unemployment 6.8%; gap vs county median 1.8 percentage points","BLS LAUS 2016 via Plotly public sample dataset"
"51107","Loudoun County","VA","-1.8","1.8","Loudoun County, VA","2016 unemployment 3.2%; gap vs county median -1.8 percentage points","BLS LAUS 2016 via Plotly public sample dataset"
"51109","Louisa County","VA","-1.2","1.2","Louisa County, VA","2016 unemployment 3.8%; gap vs county median -1.2 percentage points","BLS LAUS 2016 via Plotly public sample dataset"
"51111","Lunenburg County","VA","-0.4","0.4","Lunenburg County, VA","2016 unemployment 4.6%; gap vs county median -0.4 percentage points","BLS LAUS 2016 via Plotly public sample dataset"
"51113","Madison County","VA","-1.9","1.9","Madison County, VA","2016 unemployment 3.1%; gap vs county median -1.9 percentage points","BLS LAUS 2016 via Plotly public sample dataset"
"51115","Mathews County","VA","-1","1","Mathews County, VA","2016 unemployment 4%; gap vs county median -1 percentage points","BLS LAUS 2016 via Plotly public sample dataset"
"51117","Mecklenburg County","VA","0.6","0.6","Mecklenburg County, VA","2016 unemployment 5.6%; gap vs county median 0.6 percentage points","BLS LAUS 2016 via Plotly public sample dataset"
"51119","Middlesex County","VA","-1.2","1.2","Middlesex County, VA","2016 unemployment 3.8%; gap vs county median -1.2 percentage points","BLS LAUS 2016 via Plotly public sample dataset"
"51121","Montgomery County","VA","-1","1","Montgomery County, VA","2016 unemployment 4%; gap vs county median -1 percentage points","BLS LAUS 2016 via Plotly public sample dataset"
"51125","Nelson County","VA","-1.4","1.4","Nelson County, VA","2016 unemployment 3.6%; gap vs county median -1.4 percentage points","BLS LAUS 2016 via Plotly public sample dataset"
"51127","New Kent County","VA","-1.6","1.6","New Kent County, VA","2016 unemployment 3.4%; gap vs county median -1.6 percentage points","BLS LAUS 2016 via Plotly public sample dataset"
"51131","Northampton County","VA","0.7","0.7","Northampton County, VA","2016 unemployment 5.7%; gap vs county median 0.7 percentage points","BLS LAUS 2016 via Plotly public sample dataset"
"51133","Northumberland County","VA","0.4","0.4","Northumberland County, VA","2016 unemployment 5.4%; gap vs county median 0.4 percentage points","BLS LAUS 2016 via Plotly public sample dataset"
"51135","Nottoway County","VA","-1.1","1.1","Nottoway County, VA","2016 unemployment 3.9%; gap vs county median -1.1 percentage points","BLS LAUS 2016 via Plotly public sample dataset"
"51137","Orange County","VA","-1","1","Orange County, VA","2016 unemployment 4%; gap vs county median -1 percentage points","BLS LAUS 2016 via Plotly public sample dataset"
"51139","Page County","VA","0.6","0.6","Page County, VA","2016 unemployment 5.6%; gap vs county median 0.6 percentage points","BLS LAUS 2016 via Plotly public sample dataset"
"51141","Patrick County","VA","-0.2","0.2","Patrick County, VA","2016 unemployment 4.8%; gap vs county median -0.2 percentage points","BLS LAUS 2016 via Plotly public sample dataset"
"51143","Pittsylvania County","VA","-0.3","0.3","Pittsylvania County, VA","2016 unemployment 4.7%; gap vs county median -0.3 percentage points","BLS LAUS 2016 via Plotly public sample dataset"
"51145","Powhatan County","VA","-1.5","1.5","Powhatan County, VA","2016 unemployment 3.5%; gap vs county median -1.5 percentage points","BLS LAUS 2016 via Plotly public sample dataset"
"51147","Prince Edward County","VA","0.3","0.3","Prince Edward County, VA","2016 unemployment 5.3%; gap vs county median 0.3 percentage points","BLS LAUS 2016 via Plotly public sample dataset"
"51149","Prince George County","VA","-0.2","0.2","Prince George County, VA","2016 unemployment 4.8%; gap vs county median -0.2 percentage points","BLS LAUS 2016 via Plotly public sample dataset"
"51153","Prince William County","VA","-1.4","1.4","Prince William County, VA","2016 unemployment 3.6%; gap vs county median -1.4 percentage points","BLS LAUS 2016 via Plotly public sample dataset"
"51155","Pulaski County","VA","0.8","0.8","Pulaski County, VA","2016 unemployment 5.8%; gap vs county median 0.8 percentage points","BLS LAUS 2016 via Plotly public sample dataset"
"51157","Rappahannock County","VA","-1.5","1.5","Rappahannock County, VA","2016 unemployment 3.5%; gap vs county median -1.5 percentage points","BLS LAUS 2016 via Plotly public sample dataset"
"51159","Richmond County","VA","-1.3","1.3","Richmond County, VA","2016 unemployment 3.7%; gap vs county median -1.3 percentage points","BLS LAUS 2016 via Plotly public sample dataset"
"51161","Roanoke County","VA","-1.5","1.5","Roanoke County, VA","2016 unemployment 3.5%; gap vs county median -1.5 percentage points","BLS LAUS 2016 via Plotly public sample dataset"
"51163","Rockbridge County","VA","-0.6","0.6","Rockbridge County, VA","2016 unemployment 4.4%; gap vs county median -0.6 percentage points","BLS LAUS 2016 via Plotly public sample dataset"
"51165","Rockingham County","VA","-1.5","1.5","Rockingham County, VA","2016 unemployment 3.5%; gap vs county median -1.5 percentage points","BLS LAUS 2016 via Plotly public sample dataset"
"51167","Russell County","VA","1.5","1.5","Russell County, VA","2016 unemployment 6.5%; gap vs county median 1.5 percentage points","BLS LAUS 2016 via Plotly public sample dataset"
"51169","Scott County","VA","-0.2","0.2","Scott County, VA","2016 unemployment 4.8%; gap vs county median -0.2 percentage points","BLS LAUS 2016 via Plotly public sample dataset"
"51171","Shenandoah County","VA","-1.3","1.3","Shenandoah County, VA","2016 unemployment 3.7%; gap vs county median -1.3 percentage points","BLS LAUS 2016 via Plotly public sample dataset"
"51173","Smyth County","VA","0.8","0.8","Smyth County, VA","2016 unemployment 5.8%; gap vs county median 0.8 percentage points","BLS LAUS 2016 via Plotly public sample dataset"
"51175","Southampton County","VA","-1.1","1.1","Southampton County, VA","2016 unemployment 3.9%; gap vs county median -1.1 percentage points","BLS LAUS 2016 via Plotly public sample dataset"
"51177","Spotsylvania County","VA","-0.9","0.9","Spotsylvania County, VA","2016 unemployment 4.1%; gap vs county median -0.9 percentage points","BLS LAUS 2016 via Plotly public sample dataset"
"51179","Stafford County","VA","-1.1","1.1","Stafford County, VA","2016 unemployment 3.9%; gap vs county median -1.1 percentage points","BLS LAUS 2016 via Plotly public sample dataset"
"51181","Surry County","VA","0.3","0.3","Surry County, VA","2016 unemployment 5.3%; gap vs county median 0.3 percentage points","BLS LAUS 2016 via Plotly public sample dataset"
"51183","Sussex County","VA","1.1","1.1","Sussex County, VA","2016 unemployment 6.1%; gap vs county median 1.1 percentage points","BLS LAUS 2016 via Plotly public sample dataset"
"51185","Tazewell County","VA","2.5","2.5","Tazewell County, VA","2016 unemployment 7.5%; gap vs county median 2.5 percentage points","BLS LAUS 2016 via Plotly public sample dataset"
"51187","Warren County","VA","-1","1","Warren County, VA","2016 unemployment 4%; gap vs county median -1 percentage points","BLS LAUS 2016 via Plotly public sample dataset"
"51191","Washington County","VA","-0.5","0.5","Washington County, VA","2016 unemployment 4.5%; gap vs county median -0.5 percentage points","BLS LAUS 2016 via Plotly public sample dataset"
"51193","Westmoreland County","VA","-0.4","0.4","Westmoreland County, VA","2016 unemployment 4.6%; gap vs county median -0.4 percentage points","BLS LAUS 2016 via Plotly public sample dataset"
"51195","Wise County","VA","3.5","3.5","Wise County, VA","2016 unemployment 8.5%; gap vs county median 3.5 percentage points","BLS LAUS 2016 via Plotly public sample dataset"
"51197","Wythe County","VA","0.7","0.7","Wythe County, VA","2016 unemployment 5.7%; gap vs county median 0.7 percentage points","BLS LAUS 2016 via Plotly public sample dataset"
"51199","York County","VA","-1.1","1.1","York County, VA","2016 unemployment 3.9%; gap vs county median -1.1 percentage points","BLS LAUS 2016 via Plotly public sample dataset"
"51510","Alexandria city","VA","-2.1","2.1","Alexandria city, VA","2016 unemployment 2.9%; gap vs county median -2.1 percentage points","BLS LAUS 2016 via Plotly public sample dataset"
"51520","Bristol city","VA","0.1","0.1","Bristol city, VA","2016 unemployment 5.1%; gap vs county median 0.1 percentage points","BLS LAUS 2016 via Plotly public sample dataset"
"51530","Buena Vista city","VA","0.1","0.1","Buena Vista city, VA","2016 unemployment 5.1%; gap vs county median 0.1 percentage points","BLS LAUS 2016 via Plotly public sample dataset"
"51540","Charlottesville city","VA","-1.7","1.7","Charlottesville city, VA","2016 unemployment 3.3%; gap vs county median -1.7 percentage points","BLS LAUS 2016 via Plotly public sample dataset"
"51550","Chesapeake city","VA","-0.7","0.7","Chesapeake city, VA","2016 unemployment 4.3%; gap vs county median -0.7 percentage points","BLS LAUS 2016 via Plotly public sample dataset"
"51570","Colonial Heights city","VA","-0.6","0.6","Colonial Heights city, VA","2016 unemployment 4.4%; gap vs county median -0.6 percentage points","BLS LAUS 2016 via Plotly public sample dataset"
"51580","Covington city","VA","0.8","0.8","Covington city, VA","2016 unemployment 5.8%; gap vs county median 0.8 percentage points","BLS LAUS 2016 via Plotly public sample dataset"
"51590","Danville city","VA","1","1","Danville city, VA","2016 unemployment 6%; gap vs county median 1 percentage points","BLS LAUS 2016 via Plotly public sample dataset"
"51595","Emporia city","VA","1.5","1.5","Emporia city, VA","2016 unemployment 6.5%; gap vs county median 1.5 percentage points","BLS LAUS 2016 via Plotly public sample dataset"
"51600","Fairfax city","VA","-2","2","Fairfax city, VA","2016 unemployment 3%; gap vs county median -2 percentage points","BLS LAUS 2016 via Plotly public sample dataset"
"51610","Falls Church city","VA","-2.3","2.3","Falls Church city, VA","2016 unemployment 2.7%; gap vs county median -2.3 percentage points","BLS LAUS 2016 via Plotly public sample dataset"
"51620","Franklin city","VA","0.9","0.9","Franklin city, VA","2016 unemployment 5.9%; gap vs county median 0.9 percentage points","BLS LAUS 2016 via Plotly public sample dataset"
"51630","Fredericksburg city","VA","-0.3","0.3","Fredericksburg city, VA","2016 unemployment 4.7%; gap vs county median -0.3 percentage points","BLS LAUS 2016 via Plotly public sample dataset"
"51640","Galax city","VA","0","0","Galax city, VA","2016 unemployment 5%; gap vs county median 0 percentage points","BLS LAUS 2016 via Plotly public sample dataset"
"51650","Hampton city","VA","0.6","0.6","Hampton city, VA","2016 unemployment 5.6%; gap vs county median 0.6 percentage points","BLS LAUS 2016 via Plotly public sample dataset"
"51660","Harrisonburg city","VA","-0.3","0.3","Harrisonburg city, VA","2016 unemployment 4.7%; gap vs county median -0.3 percentage points","BLS LAUS 2016 via Plotly public sample dataset"
"51670","Hopewell city","VA","1.5","1.5","Hopewell city, VA","2016 unemployment 6.5%; gap vs county median 1.5 percentage points","BLS LAUS 2016 via Plotly public sample dataset"
"51678","Lexington city","VA","1.3","1.3","Lexington city, VA","2016 unemployment 6.3%; gap vs county median 1.3 percentage points","BLS LAUS 2016 via Plotly public sample dataset"
"51680","Lynchburg city","VA","0.2","0.2","Lynchburg city, VA","2016 unemployment 5.2%; gap vs county median 0.2 percentage points","BLS LAUS 2016 via Plotly public sample dataset"
"51683","Manassas city","VA","-1.4","1.4","Manassas city, VA","2016 unemployment 3.6%; gap vs county median -1.4 percentage points","BLS LAUS 2016 via Plotly public sample dataset"
"51685","Manassas Park city","VA","-1.5","1.5","Manassas Park city, VA","2016 unemployment 3.5%; gap vs county median -1.5 percentage points","BLS LAUS 2016 via Plotly public sample dataset"
"51690","Martinsville city","VA","2.1","2.1","Martinsville city, VA","2016 unemployment 7.1%; gap vs county median 2.1 percentage points","BLS LAUS 2016 via Plotly public sample dataset"
"51700","Newport News city","VA","0.1","0.1","Newport News city, VA","2016 unemployment 5.1%; gap vs county median 0.1 percentage points","BLS LAUS 2016 via Plotly public sample dataset"
"51710","Norfolk city","VA","0.2","0.2","Norfolk city, VA","2016 unemployment 5.2%; gap vs county median 0.2 percentage points","BLS LAUS 2016 via Plotly public sample dataset"
"51720","Norton city","VA","1.8","1.8","Norton city, VA","2016 unemployment 6.8%; gap vs county median 1.8 percentage points","BLS LAUS 2016 via Plotly public sample dataset"
"51730","Petersburg city","VA","2.6","2.6","Petersburg city, VA","2016 unemployment 7.6%; gap vs county median 2.6 percentage points","BLS LAUS 2016 via Plotly public sample dataset"
"51735","Poquoson city","VA","-1.5","1.5","Poquoson city, VA","2016 unemployment 3.5%; gap vs county median -1.5 percentage points","BLS LAUS 2016 via Plotly public sample dataset"
"51740","Portsmouth city","VA","1.1","1.1","Portsmouth city, VA","2016 unemployment 6.1%; gap vs county median 1.1 percentage points","BLS LAUS 2016 via Plotly public sample dataset"
"51750","Radford city","VA","0.4","0.4","Radford city, VA","2016 unemployment 5.4%; gap vs county median 0.4 percentage points","BLS LAUS 2016 via Plotly public sample dataset"
"51760","Richmond city","VA","-0.4","0.4","Richmond city, VA","2016 unemployment 4.6%; gap vs county median -0.4 percentage points","BLS LAUS 2016 via Plotly public sample dataset"
"51770","Roanoke city","VA","-0.7","0.7","Roanoke city, VA","2016 unemployment 4.3%; gap vs county median -0.7 percentage points","BLS LAUS 2016 via Plotly public sample dataset"
"51775","Salem city","VA","-1.1","1.1","Salem city, VA","2016 unemployment 3.9%; gap vs county median -1.1 percentage points","BLS LAUS 2016 via Plotly public sample dataset"
"51790","Staunton city","VA","-1.1","1.1","Staunton city, VA","2016 unemployment 3.9%; gap vs county median -1.1 percentage points","BLS LAUS 2016 via Plotly public sample dataset"
"51800","Suffolk city","VA","-0.3","0.3","Suffolk city, VA","2016 unemployment 4.7%; gap vs county median -0.3 percentage points","BLS LAUS 2016 via Plotly public sample dataset"
"51810","Virginia Beach city","VA","-1.1","1.1","Virginia Beach city, VA","2016 unemployment 3.9%; gap vs county median -1.1 percentage points","BLS LAUS 2016 via Plotly public sample dataset"
"51820","Waynesboro city","VA","-0.9","0.9","Waynesboro city, VA","2016 unemployment 4.1%; gap vs county median -0.9 percentage points","BLS LAUS 2016 via Plotly public sample dataset"
"51830","Williamsburg city","VA","0.6","0.6","Williamsburg city, VA","2016 unemployment 5.6%; gap vs county median 0.6 percentage points","BLS LAUS 2016 via Plotly public sample dataset"
"51840","Winchester city","VA","-1.1","1.1","Winchester city, VA","2016 unemployment 3.9%; gap vs county median -1.1 percentage points","BLS LAUS 2016 via Plotly public sample dataset"
"53001","Adams County","WA","1.8","1.8","Adams County, WA","2016 unemployment 6.8%; gap vs county median 1.8 percentage points","BLS LAUS 2016 via Plotly public sample dataset"
"53003","Asotin County","WA","0.1","0.1","Asotin County, WA","2016 unemployment 5.1%; gap vs county median 0.1 percentage points","BLS LAUS 2016 via Plotly public sample dataset"
"53005","Benton County","WA","1.5","1.5","Benton County, WA","2016 unemployment 6.5%; gap vs county median 1.5 percentage points","BLS LAUS 2016 via Plotly public sample dataset"
"53007","Chelan County","WA","0.9","0.9","Chelan County, WA","2016 unemployment 5.9%; gap vs county median 0.9 percentage points","BLS LAUS 2016 via Plotly public sample dataset"
"53009","Clallam County","WA","2.9","2.9","Clallam County, WA","2016 unemployment 7.9%; gap vs county median 2.9 percentage points","BLS LAUS 2016 via Plotly public sample dataset"
"53011","Clark County","WA","1.3","1.3","Clark County, WA","2016 unemployment 6.3%; gap vs county median 1.3 percentage points","BLS LAUS 2016 via Plotly public sample dataset"
"53013","Columbia County","WA","1.8","1.8","Columbia County, WA","2016 unemployment 6.8%; gap vs county median 1.8 percentage points","BLS LAUS 2016 via Plotly public sample dataset"
"53015","Cowlitz County","WA","2.5","2.5","Cowlitz County, WA","2016 unemployment 7.5%; gap vs county median 2.5 percentage points","BLS LAUS 2016 via Plotly public sample dataset"
"53017","Douglas County","WA","2.1","2.1","Douglas County, WA","2016 unemployment 7.1%; gap vs county median 2.1 percentage points","BLS LAUS 2016 via Plotly public sample dataset"
"53019","Ferry County","WA","5.8","5.8","Ferry County, WA","2016 unemployment 10.8%; gap vs county median 5.8 percentage points","BLS LAUS 2016 via Plotly public sample dataset"
"53021","Franklin County","WA","2.6","2.6","Franklin County, WA","2016 unemployment 7.6%; gap vs county median 2.6 percentage points","BLS LAUS 2016 via Plotly public sample dataset"
"53023","Garfield County","WA","1","1","Garfield County, WA","2016 unemployment 6%; gap vs county median 1 percentage points","BLS LAUS 2016 via Plotly public sample dataset"
"53025","Grant County","WA","2.4","2.4","Grant County, WA","2016 unemployment 7.4%; gap vs county median 2.4 percentage points","BLS LAUS 2016 via Plotly public sample dataset"
"53027","Grays Harbor County","WA","3.7","3.7","Grays Harbor County, WA","2016 unemployment 8.7%; gap vs county median 3.7 percentage points","BLS LAUS 2016 via Plotly public sample dataset"
"53029","Island County","WA","1","1","Island County, WA","2016 unemployment 6%; gap vs county median 1 percentage points","BLS LAUS 2016 via Plotly public sample dataset"
"53031","Jefferson County","WA","2.3","2.3","Jefferson County, WA","2016 unemployment 7.3%; gap vs county median 2.3 percentage points","BLS LAUS 2016 via Plotly public sample dataset"
"53033","King County","WA","-1.1","1.1","King County, WA","2016 unemployment 3.9%; gap vs county median -1.1 percentage points","BLS LAUS 2016 via Plotly public sample dataset"
"53035","Kitsap County","WA","0.8","0.8","Kitsap County, WA","2016 unemployment 5.8%; gap vs county median 0.8 percentage points","BLS LAUS 2016 via Plotly public sample dataset"
"53037","Kittitas County","WA","1","1","Kittitas County, WA","2016 unemployment 6%; gap vs county median 1 percentage points","BLS LAUS 2016 via Plotly public sample dataset"
"53039","Klickitat County","WA","2.1","2.1","Klickitat County, WA","2016 unemployment 7.1%; gap vs county median 2.1 percentage points","BLS LAUS 2016 via Plotly public sample dataset"
"53041","Lewis County","WA","3.1","3.1","Lewis County, WA","2016 unemployment 8.1%; gap vs county median 3.1 percentage points","BLS LAUS 2016 via Plotly public sample dataset"
"53043","Lincoln County","WA","0.7","0.7","Lincoln County, WA","2016 unemployment 5.7%; gap vs county median 0.7 percentage points","BLS LAUS 2016 via Plotly public sample dataset"
"53045","Mason County","WA","2.8","2.8","Mason County, WA","2016 unemployment 7.8%; gap vs county median 2.8 percentage points","BLS LAUS 2016 via Plotly public sample dataset"
"53047","Okanogan County","WA","1.9","1.9","Okanogan County, WA","2016 unemployment 6.9%; gap vs county median 1.9 percentage points","BLS LAUS 2016 via Plotly public sample dataset"
"53049","Pacific County","WA","3.3","3.3","Pacific County, WA","2016 unemployment 8.3%; gap vs county median 3.3 percentage points","BLS LAUS 2016 via Plotly public sample dataset"
"53051","Pend Oreille County","WA","4.1","4.1","Pend Oreille County, WA","2016 unemployment 9.1%; gap vs county median 4.1 percentage points","BLS LAUS 2016 via Plotly public sample dataset"
"53053","Pierce County","WA","1.3","1.3","Pierce County, WA","2016 unemployment 6.3%; gap vs county median 1.3 percentage points","BLS LAUS 2016 via Plotly public sample dataset"
"53055","San Juan County","WA","-0.2","0.2","San Juan County, WA","2016 unemployment 4.8%; gap vs county median -0.2 percentage points","BLS LAUS 2016 via Plotly public sample dataset"
"53057","Skagit County","WA","1.8","1.8","Skagit County, WA","2016 unemployment 6.8%; gap vs county median 1.8 percentage points","BLS LAUS 2016 via Plotly public sample dataset"
"53059","Skamania County","WA","2.2","2.2","Skamania County, WA","2016 unemployment 7.2%; gap vs county median 2.2 percentage points","BLS LAUS 2016 via Plotly public sample dataset"
"53061","Snohomish County","WA","-0.6","0.6","Snohomish County, WA","2016 unemployment 4.4%; gap vs county median -0.6 percentage points","BLS LAUS 2016 via Plotly public sample dataset"
"53063","Spokane County","WA","1.3","1.3","Spokane County, WA","2016 unemployment 6.3%; gap vs county median 1.3 percentage points","BLS LAUS 2016 via Plotly public sample dataset"
"53065","Stevens County","WA","3.6","3.6","Stevens County, WA","2016 unemployment 8.6%; gap vs county median 3.6 percentage points","BLS LAUS 2016 via Plotly public sample dataset"
"53067","Thurston County","WA","0.8","0.8","Thurston County, WA","2016 unemployment 5.8%; gap vs county median 0.8 percentage points","BLS LAUS 2016 via Plotly public sample dataset"
"53069","Wahkiakum County","WA","4","4","Wahkiakum County, WA","2016 unemployment 9%; gap vs county median 4 percentage points","BLS LAUS 2016 via Plotly public sample dataset"
"53071","Walla Walla County","WA","0.6","0.6","Walla Walla County, WA","2016 unemployment 5.6%; gap vs county median 0.6 percentage points","BLS LAUS 2016 via Plotly public sample dataset"
"53073","Whatcom County","WA","1","1","Whatcom County, WA","2016 unemployment 6%; gap vs county median 1 percentage points","BLS LAUS 2016 via Plotly public sample dataset"
"53075","Whitman County","WA","0.1","0.1","Whitman County, WA","2016 unemployment 5.1%; gap vs county median 0.1 percentage points","BLS LAUS 2016 via Plotly public sample dataset"
"53077","Yakima County","WA","3","3","Yakima County, WA","2016 unemployment 8%; gap vs county median 3 percentage points","BLS LAUS 2016 via Plotly public sample dataset"
"54001","Barbour County","WV","1.7","1.7","Barbour County, WV","2016 unemployment 6.7%; gap vs county median 1.7 percentage points","BLS LAUS 2016 via Plotly public sample dataset"
"54003","Berkeley County","WV","-1.2","1.2","Berkeley County, WV","2016 unemployment 3.8%; gap vs county median -1.2 percentage points","BLS LAUS 2016 via Plotly public sample dataset"
"54005","Boone County","WV","3.9","3.9","Boone County, WV","2016 unemployment 8.9%; gap vs county median 3.9 percentage points","BLS LAUS 2016 via Plotly public sample dataset"
"54007","Braxton County","WV","3.6","3.6","Braxton County, WV","2016 unemployment 8.6%; gap vs county median 3.6 percentage points","BLS LAUS 2016 via Plotly public sample dataset"
"54009","Brooke County","WV","1.9","1.9","Brooke County, WV","2016 unemployment 6.9%; gap vs county median 1.9 percentage points","BLS LAUS 2016 via Plotly public sample dataset"
"54011","Cabell County","WV","-0.3","0.3","Cabell County, WV","2016 unemployment 4.7%; gap vs county median -0.3 percentage points","BLS LAUS 2016 via Plotly public sample dataset"
"54013","Calhoun County","WV","7.6","7.6","Calhoun County, WV","2016 unemployment 12.6%; gap vs county median 7.6 percentage points","BLS LAUS 2016 via Plotly public sample dataset"
"54015","Clay County","WV","5.2","5.2","Clay County, WV","2016 unemployment 10.2%; gap vs county median 5.2 percentage points","BLS LAUS 2016 via Plotly public sample dataset"
"54017","Doddridge County","WV","-0.1","0.1","Doddridge County, WV","2016 unemployment 4.9%; gap vs county median -0.1 percentage points","BLS LAUS 2016 via Plotly public sample dataset"
"54019","Fayette County","WV","2.9","2.9","Fayette County, WV","2016 unemployment 7.9%; gap vs county median 2.9 percentage points","BLS LAUS 2016 via Plotly public sample dataset"
"54021","Gilmer County","WV","3.2","3.2","Gilmer County, WV","2016 unemployment 8.2%; gap vs county median 3.2 percentage points","BLS LAUS 2016 via Plotly public sample dataset"
"54023","Grant County","WV","0.8","0.8","Grant County, WV","2016 unemployment 5.8%; gap vs county median 0.8 percentage points","BLS LAUS 2016 via Plotly public sample dataset"
"54025","Greenbrier County","WV","0.3","0.3","Greenbrier County, WV","2016 unemployment 5.3%; gap vs county median 0.3 percentage points","BLS LAUS 2016 via Plotly public sample dataset"
"54027","Hampshire County","WV","-0.8","0.8","Hampshire County, WV","2016 unemployment 4.2%; gap vs county median -0.8 percentage points","BLS LAUS 2016 via Plotly public sample dataset"
"54029","Hancock County","WV","1.9","1.9","Hancock County, WV","2016 unemployment 6.9%; gap vs county median 1.9 percentage points","BLS LAUS 2016 via Plotly public sample dataset"
"54031","Hardy County","WV","0.6","0.6","Hardy County, WV","2016 unemployment 5.6%; gap vs county median 0.6 percentage points","BLS LAUS 2016 via Plotly public sample dataset"
"54033","Harrison County","WV","0.8","0.8","Harrison County, WV","2016 unemployment 5.8%; gap vs county median 0.8 percentage points","BLS LAUS 2016 via Plotly public sample dataset"
"54035","Jackson County","WV","1.4","1.4","Jackson County, WV","2016 unemployment 6.4%; gap vs county median 1.4 percentage points","BLS LAUS 2016 via Plotly public sample dataset"
"54037","Jefferson County","WV","-1.7","1.7","Jefferson County, WV","2016 unemployment 3.3%; gap vs county median -1.7 percentage points","BLS LAUS 2016 via Plotly public sample dataset"
"54039","Kanawha County","WV","0.4","0.4","Kanawha County, WV","2016 unemployment 5.4%; gap vs county median 0.4 percentage points","BLS LAUS 2016 via Plotly public sample dataset"
"54041","Lewis County","WV","3.4","3.4","Lewis County, WV","2016 unemployment 8.4%; gap vs county median 3.4 percentage points","BLS LAUS 2016 via Plotly public sample dataset"
"54043","Lincoln County","WV","3.4","3.4","Lincoln County, WV","2016 unemployment 8.4%; gap vs county median 3.4 percentage points","BLS LAUS 2016 via Plotly public sample dataset"
"54045","Logan County","WV","5.1","5.1","Logan County, WV","2016 unemployment 10.1%; gap vs county median 5.1 percentage points","BLS LAUS 2016 via Plotly public sample dataset"
"54047","McDowell County","WV","7.1","7.1","McDowell County, WV","2016 unemployment 12.1%; gap vs county median 7.1 percentage points","BLS LAUS 2016 via Plotly public sample dataset"
"54049","Marion County","WV","1.4","1.4","Marion County, WV","2016 unemployment 6.4%; gap vs county median 1.4 percentage points","BLS LAUS 2016 via Plotly public sample dataset"
"54051","Marshall County","WV","2.9","2.9","Marshall County, WV","2016 unemployment 7.9%; gap vs county median 2.9 percentage points","BLS LAUS 2016 via Plotly public sample dataset"
"54053","Mason County","WV","2.1","2.1","Mason County, WV","2016 unemployment 7.1%; gap vs county median 2.1 percentage points","BLS LAUS 2016 via Plotly public sample dataset"
"54055","Mercer County","WV","1.5","1.5","Mercer County, WV","2016 unemployment 6.5%; gap vs county median 1.5 percentage points","BLS LAUS 2016 via Plotly public sample dataset"
"54057","Mineral County","WV","0.9","0.9","Mineral County, WV","2016 unemployment 5.9%; gap vs county median 0.9 percentage points","BLS LAUS 2016 via Plotly public sample dataset"
"54059","Mingo County","WV","7.5","7.5","Mingo County, WV","2016 unemployment 12.5%; gap vs county median 7.5 percentage points","BLS LAUS 2016 via Plotly public sample dataset"
"54061","Monongalia County","WV","-0.7","0.7","Monongalia County, WV","2016 unemployment 4.3%; gap vs county median -0.7 percentage points","BLS LAUS 2016 via Plotly public sample dataset"
"54063","Monroe County","WV","-0.5","0.5","Monroe County, WV","2016 unemployment 4.5%; gap vs county median -0.5 percentage points","BLS LAUS 2016 via Plotly public sample dataset"
"54065","Morgan County","WV","-0.7","0.7","Morgan County, WV","2016 unemployment 4.3%; gap vs county median -0.7 percentage points","BLS LAUS 2016 via Plotly public sample dataset"
"54067","Nicholas County","WV","3.8","3.8","Nicholas County, WV","2016 unemployment 8.8%; gap vs county median 3.8 percentage points","BLS LAUS 2016 via Plotly public sample dataset"
"54069","Ohio County","WV","0.5","0.5","Ohio County, WV","2016 unemployment 5.5%; gap vs county median 0.5 percentage points","BLS LAUS 2016 via Plotly public sample dataset"
"54071","Pendleton County","WV","-1.1","1.1","Pendleton County, WV","2016 unemployment 3.9%; gap vs county median -1.1 percentage points","BLS LAUS 2016 via Plotly public sample dataset"
"54073","Pleasants County","WV","3.1","3.1","Pleasants County, WV","2016 unemployment 8.1%; gap vs county median 3.1 percentage points","BLS LAUS 2016 via Plotly public sample dataset"
"54075","Pocahontas County","WV","1.6","1.6","Pocahontas County, WV","2016 unemployment 6.6%; gap vs county median 1.6 percentage points","BLS LAUS 2016 via Plotly public sample dataset"
"54077","Preston County","WV","0.6","0.6","Preston County, WV","2016 unemployment 5.6%; gap vs county median 0.6 percentage points","BLS LAUS 2016 via Plotly public sample dataset"
"54079","Putnam County","WV","-0.2","0.2","Putnam County, WV","2016 unemployment 4.8%; gap vs county median -0.2 percentage points","BLS LAUS 2016 via Plotly public sample dataset"
"54081","Raleigh County","WV","1.9","1.9","Raleigh County, WV","2016 unemployment 6.9%; gap vs county median 1.9 percentage points","BLS LAUS 2016 via Plotly public sample dataset"
"54083","Randolph County","WV","0.9","0.9","Randolph County, WV","2016 unemployment 5.9%; gap vs county median 0.9 percentage points","BLS LAUS 2016 via Plotly public sample dataset"
"54085","Ritchie County","WV","1.5","1.5","Ritchie County, WV","2016 unemployment 6.5%; gap vs county median 1.5 percentage points","BLS LAUS 2016 via Plotly public sample dataset"
"54087","Roane County","WV","5.1","5.1","Roane County, WV","2016 unemployment 10.1%; gap vs county median 5.1 percentage points","BLS LAUS 2016 via Plotly public sample dataset"
"54089","Summers County","WV","1.1","1.1","Summers County, WV","2016 unemployment 6.1%; gap vs county median 1.1 percentage points","BLS LAUS 2016 via Plotly public sample dataset"
"54091","Taylor County","WV","0.5","0.5","Taylor County, WV","2016 unemployment 5.5%; gap vs county median 0.5 percentage points","BLS LAUS 2016 via Plotly public sample dataset"
"54093","Tucker County","WV","0.3","0.3","Tucker County, WV","2016 unemployment 5.3%; gap vs county median 0.3 percentage points","BLS LAUS 2016 via Plotly public sample dataset"
"54095","Tyler County","WV","3.7","3.7","Tyler County, WV","2016 unemployment 8.7%; gap vs county median 3.7 percentage points","BLS LAUS 2016 via Plotly public sample dataset"
"54097","Upshur County","WV","2.4","2.4","Upshur County, WV","2016 unemployment 7.4%; gap vs county median 2.4 percentage points","BLS LAUS 2016 via Plotly public sample dataset"
"54099","Wayne County","WV","1.5","1.5","Wayne County, WV","2016 unemployment 6.5%; gap vs county median 1.5 percentage points","BLS LAUS 2016 via Plotly public sample dataset"
"54101","Webster County","WV","3.3","3.3","Webster County, WV","2016 unemployment 8.3%; gap vs county median 3.3 percentage points","BLS LAUS 2016 via Plotly public sample dataset"
"54103","Wetzel County","WV","4.2","4.2","Wetzel County, WV","2016 unemployment 9.2%; gap vs county median 4.2 percentage points","BLS LAUS 2016 via Plotly public sample dataset"
"54105","Wirt County","WV","3.7","3.7","Wirt County, WV","2016 unemployment 8.7%; gap vs county median 3.7 percentage points","BLS LAUS 2016 via Plotly public sample dataset"
"54107","Wood County","WV","0.7","0.7","Wood County, WV","2016 unemployment 5.7%; gap vs county median 0.7 percentage points","BLS LAUS 2016 via Plotly public sample dataset"
"54109","Wyoming County","WV","5.1","5.1","Wyoming County, WV","2016 unemployment 10.1%; gap vs county median 5.1 percentage points","BLS LAUS 2016 via Plotly public sample dataset"
"55001","Adams County","WI","1.2","1.2","Adams County, WI","2016 unemployment 6.2%; gap vs county median 1.2 percentage points","BLS LAUS 2016 via Plotly public sample dataset"
"55003","Ashland County","WI","0.6","0.6","Ashland County, WI","2016 unemployment 5.6%; gap vs county median 0.6 percentage points","BLS LAUS 2016 via Plotly public sample dataset"
"55005","Barron County","WI","-0.3","0.3","Barron County, WI","2016 unemployment 4.7%; gap vs county median -0.3 percentage points","BLS LAUS 2016 via Plotly public sample dataset"
"55007","Bayfield County","WI","2.1","2.1","Bayfield County, WI","2016 unemployment 7.1%; gap vs county median 2.1 percentage points","BLS LAUS 2016 via Plotly public sample dataset"
"55009","Brown County","WI","-1.3","1.3","Brown County, WI","2016 unemployment 3.7%; gap vs county median -1.3 percentage points","BLS LAUS 2016 via Plotly public sample dataset"
"55011","Buffalo County","WI","-0.4","0.4","Buffalo County, WI","2016 unemployment 4.6%; gap vs county median -0.4 percentage points","BLS LAUS 2016 via Plotly public sample dataset"
"55013","Burnett County","WI","1.2","1.2","Burnett County, WI","2016 unemployment 6.2%; gap vs county median 1.2 percentage points","BLS LAUS 2016 via Plotly public sample dataset"
"55015","Calumet County","WI","-1.7","1.7","Calumet County, WI","2016 unemployment 3.3%; gap vs county median -1.7 percentage points","BLS LAUS 2016 via Plotly public sample dataset"
"55017","Chippewa County","WI","-0.6","0.6","Chippewa County, WI","2016 unemployment 4.4%; gap vs county median -0.6 percentage points","BLS LAUS 2016 via Plotly public sample dataset"
"55019","Clark County","WI","-1","1","Clark County, WI","2016 unemployment 4%; gap vs county median -1 percentage points","BLS LAUS 2016 via Plotly public sample dataset"
"55021","Columbia County","WI","-1.3","1.3","Columbia County, WI","2016 unemployment 3.7%; gap vs county median -1.3 percentage points","BLS LAUS 2016 via Plotly public sample dataset"
"55023","Crawford County","WI","0","0","Crawford County, WI","2016 unemployment 5%; gap vs county median 0 percentage points","BLS LAUS 2016 via Plotly public sample dataset"
"55025","Dane County","WI","-2.1","2.1","Dane County, WI","2016 unemployment 2.9%; gap vs county median -2.1 percentage points","BLS LAUS 2016 via Plotly public sample dataset"
"55027","Dodge County","WI","-1.2","1.2","Dodge County, WI","2016 unemployment 3.8%; gap vs county median -1.2 percentage points","BLS LAUS 2016 via Plotly public sample dataset"
"55029","Door County","WI","0.1","0.1","Door County, WI","2016 unemployment 5.1%; gap vs county median 0.1 percentage points","BLS LAUS 2016 via Plotly public sample dataset"
"55031","Douglas County","WI","0.5","0.5","Douglas County, WI","2016 unemployment 5.5%; gap vs county median 0.5 percentage points","BLS LAUS 2016 via Plotly public sample dataset"
"55033","Dunn County","WI","-0.8","0.8","Dunn County, WI","2016 unemployment 4.2%; gap vs county median -0.8 percentage points","BLS LAUS 2016 via Plotly public sample dataset"
"55035","Eau Claire County","WI","-1.5","1.5","Eau Claire County, WI","2016 unemployment 3.5%; gap vs county median -1.5 percentage points","BLS LAUS 2016 via Plotly public sample dataset"
"55037","Florence County","WI","1.2","1.2","Florence County, WI","2016 unemployment 6.2%; gap vs county median 1.2 percentage points","BLS LAUS 2016 via Plotly public sample dataset"
"55039","Fond du Lac County","WI","-1.4","1.4","Fond du Lac County, WI","2016 unemployment 3.6%; gap vs county median -1.4 percentage points","BLS LAUS 2016 via Plotly public sample dataset"
"55041","Forest County","WI","1.4","1.4","Forest County, WI","2016 unemployment 6.4%; gap vs county median 1.4 percentage points","BLS LAUS 2016 via Plotly public sample dataset"
"55043","Grant County","WI","-0.9","0.9","Grant County, WI","2016 unemployment 4.1%; gap vs county median -0.9 percentage points","BLS LAUS 2016 via Plotly public sample dataset"
"55045","Green County","WI","-1.6","1.6","Green County, WI","2016 unemployment 3.4%; gap vs county median -1.6 percentage points","BLS LAUS 2016 via Plotly public sample dataset"
"55047","Green Lake County","WI","0","0","Green Lake County, WI","2016 unemployment 5%; gap vs county median 0 percentage points","BLS LAUS 2016 via Plotly public sample dataset"
"55049","Iowa County","WI","-1.4","1.4","Iowa County, WI","2016 unemployment 3.6%; gap vs county median -1.4 percentage points","BLS LAUS 2016 via Plotly public sample dataset"
"55051","Iron County","WI","2.7","2.7","Iron County, WI","2016 unemployment 7.7%; gap vs county median 2.7 percentage points","BLS LAUS 2016 via Plotly public sample dataset"
"55053","Jackson County","WI","-0.5","0.5","Jackson County, WI","2016 unemployment 4.5%; gap vs county median -0.5 percentage points","BLS LAUS 2016 via Plotly public sample dataset"
"55055","Jefferson County","WI","-1","1","Jefferson County, WI","2016 unemployment 4%; gap vs county median -1 percentage points","BLS LAUS 2016 via Plotly public sample dataset"
"55057","Juneau County","WI","-0.4","0.4","Juneau County, WI","2016 unemployment 4.6%; gap vs county median -0.4 percentage points","BLS LAUS 2016 via Plotly public sample dataset"
"55059","Kenosha County","WI","-0.2","0.2","Kenosha County, WI","2016 unemployment 4.8%; gap vs county median -0.2 percentage points","BLS LAUS 2016 via Plotly public sample dataset"
"55061","Kewaunee County","WI","-1.2","1.2","Kewaunee County, WI","2016 unemployment 3.8%; gap vs county median -1.2 percentage points","BLS LAUS 2016 via Plotly public sample dataset"
"55063","La Crosse County","WI","-1.3","1.3","La Crosse County, WI","2016 unemployment 3.7%; gap vs county median -1.3 percentage points","BLS LAUS 2016 via Plotly public sample dataset"
"55065","Lafayette County","WI","-1.7","1.7","Lafayette County, WI","2016 unemployment 3.3%; gap vs county median -1.7 percentage points","BLS LAUS 2016 via Plotly public sample dataset"
"55067","Langlade County","WI","0.3","0.3","Langlade County, WI","2016 unemployment 5.3%; gap vs county median 0.3 percentage points","BLS LAUS 2016 via Plotly public sample dataset"
"55069","Lincoln County","WI","-0.5","0.5","Lincoln County, WI","2016 unemployment 4.5%; gap vs county median -0.5 percentage points","BLS LAUS 2016 via Plotly public sample dataset"
"55071","Manitowoc County","WI","-0.5","0.5","Manitowoc County, WI","2016 unemployment 4.5%; gap vs county median -0.5 percentage points","BLS LAUS 2016 via Plotly public sample dataset"
"55073","Marathon County","WI","-1.3","1.3","Marathon County, WI","2016 unemployment 3.7%; gap vs county median -1.3 percentage points","BLS LAUS 2016 via Plotly public sample dataset"
"55075","Marinette County","WI","0.6","0.6","Marinette County, WI","2016 unemployment 5.6%; gap vs county median 0.6 percentage points","BLS LAUS 2016 via Plotly public sample dataset"
"55077","Marquette County","WI","0.2","0.2","Marquette County, WI","2016 unemployment 5.2%; gap vs county median 0.2 percentage points","BLS LAUS 2016 via Plotly public sample dataset"
"55078","Menominee County","WI","2.8","2.8","Menominee County, WI","2016 unemployment 7.8%; gap vs county median 2.8 percentage points","BLS LAUS 2016 via Plotly public sample dataset"
"55079","Milwaukee County","WI","0.1","0.1","Milwaukee County, WI","2016 unemployment 5.1%; gap vs county median 0.1 percentage points","BLS LAUS 2016 via Plotly public sample dataset"
"55081","Monroe County","WI","-1","1","Monroe County, WI","2016 unemployment 4%; gap vs county median -1 percentage points","BLS LAUS 2016 via Plotly public sample dataset"
"55083","Oconto County","WI","-0.4","0.4","Oconto County, WI","2016 unemployment 4.6%; gap vs county median -0.4 percentage points","BLS LAUS 2016 via Plotly public sample dataset"
"55085","Oneida County","WI","0","0","Oneida County, WI","2016 unemployment 5%; gap vs county median 0 percentage points","BLS LAUS 2016 via Plotly public sample dataset"
"55087","Outagamie County","WI","-1.4","1.4","Outagamie County, WI","2016 unemployment 3.6%; gap vs county median -1.4 percentage points","BLS LAUS 2016 via Plotly public sample dataset"
"55089","Ozaukee County","WI","-1.5","1.5","Ozaukee County, WI","2016 unemployment 3.5%; gap vs county median -1.5 percentage points","BLS LAUS 2016 via Plotly public sample dataset"
"55091","Pepin County","WI","-1.1","1.1","Pepin County, WI","2016 unemployment 3.9%; gap vs county median -1.1 percentage points","BLS LAUS 2016 via Plotly public sample dataset"
"55093","Pierce County","WI","-0.8","0.8","Pierce County, WI","2016 unemployment 4.2%; gap vs county median -0.8 percentage points","BLS LAUS 2016 via Plotly public sample dataset"
"55095","Polk County","WI","-0.3","0.3","Polk County, WI","2016 unemployment 4.7%; gap vs county median -0.3 percentage points","BLS LAUS 2016 via Plotly public sample dataset"
"55097","Portage County","WI","-1.1","1.1","Portage County, WI","2016 unemployment 3.9%; gap vs county median -1.1 percentage points","BLS LAUS 2016 via Plotly public sample dataset"
"55099","Price County","WI","-0.6","0.6","Price County, WI","2016 unemployment 4.4%; gap vs county median -0.6 percentage points","BLS LAUS 2016 via Plotly public sample dataset"
"55101","Racine County","WI","0.1","0.1","Racine County, WI","2016 unemployment 5.1%; gap vs county median 0.1 percentage points","BLS LAUS 2016 via Plotly public sample dataset"
"55103","Richland County","WI","-1.2","1.2","Richland County, WI","2016 unemployment 3.8%; gap vs county median -1.2 percentage points","BLS LAUS 2016 via Plotly public sample dataset"
"55105","Rock County","WI","-0.4","0.4","Rock County, WI","2016 unemployment 4.6%; gap vs county median -0.4 percentage points","BLS LAUS 2016 via Plotly public sample dataset"
"55107","Rusk County","WI","0.3","0.3","Rusk County, WI","2016 unemployment 5.3%; gap vs county median 0.3 percentage points","BLS LAUS 2016 via Plotly public sample dataset"
"55109","St. Croix County","WI","-1.1","1.1","St. Croix County, WI","2016 unemployment 3.9%; gap vs county median -1.1 percentage points","BLS LAUS 2016 via Plotly public sample dataset"
"55111","Sauk County","WI","-1.3","1.3","Sauk County, WI","2016 unemployment 3.7%; gap vs county median -1.3 percentage points","BLS LAUS 2016 via Plotly public sample dataset"
"55113","Sawyer County","WI","1.5","1.5","Sawyer County, WI","2016 unemployment 6.5%; gap vs county median 1.5 percentage points","BLS LAUS 2016 via Plotly public sample dataset"
"55115","Shawano County","WI","-0.7","0.7","Shawano County, WI","2016 unemployment 4.3%; gap vs county median -0.7 percentage points","BLS LAUS 2016 via Plotly public sample dataset"
"55117","Sheboygan County","WI","-1.5","1.5","Sheboygan County, WI","2016 unemployment 3.5%; gap vs county median -1.5 percentage points","BLS LAUS 2016 via Plotly public sample dataset"
"55119","Taylor County","WI","-0.7","0.7","Taylor County, WI","2016 unemployment 4.3%; gap vs county median -0.7 percentage points","BLS LAUS 2016 via Plotly public sample dataset"
"55121","Trempealeau County","WI","-1.2","1.2","Trempealeau County, WI","2016 unemployment 3.8%; gap vs county median -1.2 percentage points","BLS LAUS 2016 via Plotly public sample dataset"
"55123","Vernon County","WI","-1.3","1.3","Vernon County, WI","2016 unemployment 3.7%; gap vs county median -1.3 percentage points","BLS LAUS 2016 via Plotly public sample dataset"
"55125","Vilas County","WI","0.8","0.8","Vilas County, WI","2016 unemployment 5.8%; gap vs county median 0.8 percentage points","BLS LAUS 2016 via Plotly public sample dataset"
"55127","Walworth County","WI","-0.9","0.9","Walworth County, WI","2016 unemployment 4.1%; gap vs county median -0.9 percentage points","BLS LAUS 2016 via Plotly public sample dataset"
"55129","Washburn County","WI","0.2","0.2","Washburn County, WI","2016 unemployment 5.2%; gap vs county median 0.2 percentage points","BLS LAUS 2016 via Plotly public sample dataset"
"55131","Washington County","WI","-1.5","1.5","Washington County, WI","2016 unemployment 3.5%; gap vs county median -1.5 percentage points","BLS LAUS 2016 via Plotly public sample dataset"
"55133","Waukesha County","WI","-1.4","1.4","Waukesha County, WI","2016 unemployment 3.6%; gap vs county median -1.4 percentage points","BLS LAUS 2016 via Plotly public sample dataset"
"55135","Waupaca County","WI","-0.9","0.9","Waupaca County, WI","2016 unemployment 4.1%; gap vs county median -0.9 percentage points","BLS LAUS 2016 via Plotly public sample dataset"
"55137","Waushara County","WI","0.2","0.2","Waushara County, WI","2016 unemployment 5.2%; gap vs county median 0.2 percentage points","BLS LAUS 2016 via Plotly public sample dataset"
"55139","Winnebago County","WI","-1.3","1.3","Winnebago County, WI","2016 unemployment 3.7%; gap vs county median -1.3 percentage points","BLS LAUS 2016 via Plotly public sample dataset"
"55141","Wood County","WI","0","0","Wood County, WI","2016 unemployment 5%; gap vs county median 0 percentage points","BLS LAUS 2016 via Plotly public sample dataset"
"56001","Albany County","WY","-1.8","1.8","Albany County, WY","2016 unemployment 3.2%; gap vs county median -1.8 percentage points","BLS LAUS 2016 via Plotly public sample dataset"
"56003","Big Horn County","WY","-0.1","0.1","Big Horn County, WY","2016 unemployment 4.9%; gap vs county median -0.1 percentage points","BLS LAUS 2016 via Plotly public sample dataset"
"56005","Campbell County","WY","2.1","2.1","Campbell County, WY","2016 unemployment 7.1%; gap vs county median 2.1 percentage points","BLS LAUS 2016 via Plotly public sample dataset"
"56007","Carbon County","WY","-0.4","0.4","Carbon County, WY","2016 unemployment 4.6%; gap vs county median -0.4 percentage points","BLS LAUS 2016 via Plotly public sample dataset"
"56009","Converse County","WY","1.2","1.2","Converse County, WY","2016 unemployment 6.2%; gap vs county median 1.2 percentage points","BLS LAUS 2016 via Plotly public sample dataset"
"56011","Crook County","WY","-0.5","0.5","Crook County, WY","2016 unemployment 4.5%; gap vs county median -0.5 percentage points","BLS LAUS 2016 via Plotly public sample dataset"
"56013","Fremont County","WY","2.1","2.1","Fremont County, WY","2016 unemployment 7.1%; gap vs county median 2.1 percentage points","BLS LAUS 2016 via Plotly public sample dataset"
"56015","Goshen County","WY","-1.6","1.6","Goshen County, WY","2016 unemployment 3.4%; gap vs county median -1.6 percentage points","BLS LAUS 2016 via Plotly public sample dataset"
"56017","Hot Springs County","WY","-0.2","0.2","Hot Springs County, WY","2016 unemployment 4.8%; gap vs county median -0.2 percentage points","BLS LAUS 2016 via Plotly public sample dataset"
"56019","Johnson County","WY","0.3","0.3","Johnson County, WY","2016 unemployment 5.3%; gap vs county median 0.3 percentage points","BLS LAUS 2016 via Plotly public sample dataset"
"56021","Laramie County","WY","-0.9","0.9","Laramie County, WY","2016 unemployment 4.1%; gap vs county median -0.9 percentage points","BLS LAUS 2016 via Plotly public sample dataset"
"56023","Lincoln County","WY","-0.4","0.4","Lincoln County, WY","2016 unemployment 4.6%; gap vs county median -0.4 percentage points","BLS LAUS 2016 via Plotly public sample dataset"
"56025","Natrona County","WY","2.1","2.1","Natrona County, WY","2016 unemployment 7.1%; gap vs county median 2.1 percentage points","BLS LAUS 2016 via Plotly public sample dataset"
"56027","Niobrara County","WY","-1.8","1.8","Niobrara County, WY","2016 unemployment 3.2%; gap vs county median -1.8 percentage points","BLS LAUS 2016 via Plotly public sample dataset"
"56029","Park County","WY","-0.3","0.3","Park County, WY","2016 unemployment 4.7%; gap vs county median -0.3 percentage points","BLS LAUS 2016 via Plotly public sample dataset"
"56031","Platte County","WY","-0.2","0.2","Platte County, WY","2016 unemployment 4.8%; gap vs county median -0.2 percentage points","BLS LAUS 2016 via Plotly public sample dataset"
"56033","Sheridan County","WY","-0.4","0.4","Sheridan County, WY","2016 unemployment 4.6%; gap vs county median -0.4 percentage points","BLS LAUS 2016 via Plotly public sample dataset"
"56035","Sublette County","WY","1.4","1.4","Sublette County, WY","2016 unemployment 6.4%; gap vs county median 1.4 percentage points","BLS LAUS 2016 via Plotly public sample dataset"
"56037","Sweetwater County","WY","1","1","Sweetwater County, WY","2016 unemployment 6%; gap vs county median 1 percentage points","BLS LAUS 2016 via Plotly public sample dataset"
"56039","Teton County","WY","-1.6","1.6","Teton County, WY","2016 unemployment 3.4%; gap vs county median -1.6 percentage points","BLS LAUS 2016 via Plotly public sample dataset"
"56041","Uinta County","WY","0.8","0.8","Uinta County, WY","2016 unemployment 5.8%; gap vs county median 0.8 percentage points","BLS LAUS 2016 via Plotly public sample dataset"
"56043","Washakie County","WY","-0.3","0.3","Washakie County, WY","2016 unemployment 4.7%; gap vs county median -0.3 percentage points","BLS LAUS 2016 via Plotly public sample dataset"
"56045","Weston County","WY","-0.1","0.1","Weston County, WY","2016 unemployment 4.9%; gap vs county median -0.1 percentage points","BLS LAUS 2016 via Plotly public sample dataset"
"72001","Adjuntas Municipio","PR","11.9","11.9","Adjuntas Municipio, PR","2016 unemployment 16.9%; gap vs county median 11.9 percentage points","BLS LAUS 2016 via Plotly public sample dataset"
"72003","Aguada Municipio","PR","9","9","Aguada Municipio, PR","2016 unemployment 14%; gap vs county median 9 percentage points","BLS LAUS 2016 via Plotly public sample dataset"
"72005","Aguadilla Municipio","PR","9.8","9.8","Aguadilla Municipio, PR","2016 unemployment 14.8%; gap vs county median 9.8 percentage points","BLS LAUS 2016 via Plotly public sample dataset"
"72007","Aguas Buenas Municipio","PR","9.3","9.3","Aguas Buenas Municipio, PR","2016 unemployment 14.3%; gap vs county median 9.3 percentage points","BLS LAUS 2016 via Plotly public sample dataset"
"72009","Aibonito Municipio","PR","10","10","Aibonito Municipio, PR","2016 unemployment 15%; gap vs county median 10 percentage points","BLS LAUS 2016 via Plotly public sample dataset"
"72011","Anasco Municipio","PR","7.9","7.9","Anasco Municipio, PR","2016 unemployment 12.9%; gap vs county median 7.9 percentage points","BLS LAUS 2016 via Plotly public sample dataset"
"72013","Arecibo Municipio","PR","8.2","8.2","Arecibo Municipio, PR","2016 unemployment 13.2%; gap vs county median 8.2 percentage points","BLS LAUS 2016 via Plotly public sample dataset"
"72015","Arroyo Municipio","PR","13.4","13.4","Arroyo Municipio, PR","2016 unemployment 18.4%; gap vs county median 13.4 percentage points","BLS LAUS 2016 via Plotly public sample dataset"
"72017","Barceloneta Municipio","PR","9.2","9.2","Barceloneta Municipio, PR","2016 unemployment 14.2%; gap vs county median 9.2 percentage points","BLS LAUS 2016 via Plotly public sample dataset"
"72019","Barranquitas Municipio","PR","8","8","Barranquitas Municipio, PR","2016 unemployment 13%; gap vs county median 8 percentage points","BLS LAUS 2016 via Plotly public sample dataset"
"72021","Bayamon Municipio","PR","3.9","3.9","Bayamon Municipio, PR","2016 unemployment 8.9%; gap vs county median 3.9 percentage points","BLS LAUS 2016 via Plotly public sample dataset"
"72023","Cabo Rojo Municipio","PR","7.5","7.5","Cabo Rojo Municipio, PR","2016 unemployment 12.5%; gap vs county median 7.5 percentage points","BLS LAUS 2016 via Plotly public sample dataset"
"72025","Caguas Municipio","PR","5.3","5.3","Caguas Municipio, PR","2016 unemployment 10.3%; gap vs county median 5.3 percentage points","BLS LAUS 2016 via Plotly public sample dataset"
"72027","Camuy Municipio","PR","7.4","7.4","Camuy Municipio, PR","2016 unemployment 12.4%; gap vs county median 7.4 percentage points","BLS LAUS 2016 via Plotly public sample dataset"
"72029","Canovanas Municipio","PR","6.6","6.6","Canovanas Municipio, PR","2016 unemployment 11.6%; gap vs county median 6.6 percentage points","BLS LAUS 2016 via Plotly public sample dataset"
"72031","Carolina Municipio","PR","3.6","3.6","Carolina Municipio, PR","2016 unemployment 8.6%; gap vs county median 3.6 percentage points","BLS LAUS 2016 via Plotly public sample dataset"
"72033","Catano Municipio","PR","5","5","Catano Municipio, PR","2016 unemployment 10%; gap vs county median 5 percentage points","BLS LAUS 2016 via Plotly public sample dataset"
"72035","Cayey Municipio","PR","5.7","5.7","Cayey Municipio, PR","2016 unemployment 10.7%; gap vs county median 5.7 percentage points","BLS LAUS 2016 via Plotly public sample dataset"
"72037","Ceiba Municipio","PR","8","8","Ceiba Municipio, PR","2016 unemployment 13%; gap vs county median 8 percentage points","BLS LAUS 2016 via Plotly public sample dataset"
"72039","Ciales Municipio","PR","11.2","11.2","Ciales Municipio, PR","2016 unemployment 16.2%; gap vs county median 11.2 percentage points","BLS LAUS 2016 via Plotly public sample dataset"
"72041","Cidra Municipio","PR","5.3","5.3","Cidra Municipio, PR","2016 unemployment 10.3%; gap vs county median 5.3 percentage points","BLS LAUS 2016 via Plotly public sample dataset"
"72043","Coamo Municipio","PR","13.2","13.2","Coamo Municipio, PR","2016 unemployment 18.2%; gap vs county median 13.2 percentage points","BLS LAUS 2016 via Plotly public sample dataset"
"72045","Comerio Municipio","PR","8.7","8.7","Comerio Municipio, PR","2016 unemployment 13.7%; gap vs county median 8.7 percentage points","BLS LAUS 2016 via Plotly public sample dataset"
"72047","Corozal Municipio","PR","7.4","7.4","Corozal Municipio, PR","2016 unemployment 12.4%; gap vs county median 7.4 percentage points","BLS LAUS 2016 via Plotly public sample dataset"
"72049","Culebra Municipio","PR","-1.7","1.7","Culebra Municipio, PR","2016 unemployment 3.3%; gap vs county median -1.7 percentage points","BLS LAUS 2016 via Plotly public sample dataset"
"72051","Dorado Municipio","PR","3","3","Dorado Municipio, PR","2016 unemployment 8%; gap vs county median 3 percentage points","BLS LAUS 2016 via Plotly public sample dataset"
"72053","Fajardo Municipio","PR","8.7","8.7","Fajardo Municipio, PR","2016 unemployment 13.7%; gap vs county median 8.7 percentage points","BLS LAUS 2016 via Plotly public sample dataset"
"72054","Florida Municipio","PR","9.5","9.5","Florida Municipio, PR","2016 unemployment 14.5%; gap vs county median 9.5 percentage points","BLS LAUS 2016 via Plotly public sample dataset"
"72055","Guanica Municipio","PR","13.2","13.2","Guanica Municipio, PR","2016 unemployment 18.2%; gap vs county median 13.2 percentage points","BLS LAUS 2016 via Plotly public sample dataset"
"72057","Guayama Municipio","PR","11.4","11.4","Guayama Municipio, PR","2016 unemployment 16.4%; gap vs county median 11.4 percentage points","BLS LAUS 2016 via Plotly public sample dataset"
"72059","Guayanilla Municipio","PR","13.7","13.7","Guayanilla Municipio, PR","2016 unemployment 18.7%; gap vs county median 13.7 percentage points","BLS LAUS 2016 via Plotly public sample dataset"
"72061","Guaynabo Municipio","PR","1","1","Guaynabo Municipio, PR","2016 unemployment 6%; gap vs county median 1 percentage points","BLS LAUS 2016 via Plotly public sample dataset"
"72063","Gurabo Municipio","PR","3.6","3.6","Gurabo Municipio, PR","2016 unemployment 8.6%; gap vs county median 3.6 percentage points","BLS LAUS 2016 via Plotly public sample dataset"
"72065","Hatillo Municipio","PR","10.6","10.6","Hatillo Municipio, PR","2016 unemployment 15.6%; gap vs county median 10.6 percentage points","BLS LAUS 2016 via Plotly public sample dataset"
"72067","Hormigueros Municipio","PR","7.3","7.3","Hormigueros Municipio, PR","2016 unemployment 12.3%; gap vs county median 7.3 percentage points","BLS LAUS 2016 via Plotly public sample dataset"
"72069","Humacao Municipio","PR","9.1","9.1","Humacao Municipio, PR","2016 unemployment 14.1%; gap vs county median 9.1 percentage points","BLS LAUS 2016 via Plotly public sample dataset"
"72071","Isabela Municipio","PR","9.1","9.1","Isabela Municipio, PR","2016 unemployment 14.1%; gap vs county median 9.1 percentage points","BLS LAUS 2016 via Plotly public sample dataset"
"72073","Jayuya Municipio","PR","8.1","8.1","Jayuya Municipio, PR","2016 unemployment 13.1%; gap vs county median 8.1 percentage points","BLS LAUS 2016 via Plotly public sample dataset"
"72075","Juana Diaz Municipio","PR","9.7","9.7","Juana Diaz Municipio, PR","2016 unemployment 14.7%; gap vs county median 9.7 percentage points","BLS LAUS 2016 via Plotly public sample dataset"
"72077","Juncos Municipio","PR","8.3","8.3","Juncos Municipio, PR","2016 unemployment 13.3%; gap vs county median 8.3 percentage points","BLS LAUS 2016 via Plotly public sample dataset"
"72079","Lajas Municipio","PR","13.5","13.5","Lajas Municipio, PR","2016 unemployment 18.5%; gap vs county median 13.5 percentage points","BLS LAUS 2016 via Plotly public sample dataset"
"72081","Lares Municipio","PR","14.2","14.2","Lares Municipio, PR","2016 unemployment 19.2%; gap vs county median 14.2 percentage points","BLS LAUS 2016 via Plotly public sample dataset"
"72083","Las Marias Municipio","PR","9.9","9.9","Las Marias Municipio, PR","2016 unemployment 14.9%; gap vs county median 9.9 percentage points","BLS LAUS 2016 via Plotly public sample dataset"
"72085","Las Piedras Municipio","PR","8.6","8.6","Las Piedras Municipio, PR","2016 unemployment 13.6%; gap vs county median 8.6 percentage points","BLS LAUS 2016 via Plotly public sample dataset"
"72087","Loiza Municipio","PR","6.4","6.4","Loiza Municipio, PR","2016 unemployment 11.4%; gap vs county median 6.4 percentage points","BLS LAUS 2016 via Plotly public sample dataset"
"72089","Luquillo Municipio","PR","9.2","9.2","Luquillo Municipio, PR","2016 unemployment 14.2%; gap vs county median 9.2 percentage points","BLS LAUS 2016 via Plotly public sample dataset"
"72091","Manati Municipio","PR","6.6","6.6","Manati Municipio, PR","2016 unemployment 11.6%; gap vs county median 6.6 percentage points","BLS LAUS 2016 via Plotly public sample dataset"
"72093","Maricao Municipio","PR","10.2","10.2","Maricao Municipio, PR","2016 unemployment 15.2%; gap vs county median 10.2 percentage points","BLS LAUS 2016 via Plotly public sample dataset"
"72095","Maunabo Municipio","PR","13.5","13.5","Maunabo Municipio, PR","2016 unemployment 18.5%; gap vs county median 13.5 percentage points","BLS LAUS 2016 via Plotly public sample dataset"
"72097","Mayaguez Municipio","PR","8.7","8.7","Mayaguez Municipio, PR","2016 unemployment 13.7%; gap vs county median 8.7 percentage points","BLS LAUS 2016 via Plotly public sample dataset"
"72099","Moca Municipio","PR","10.5","10.5","Moca Municipio, PR","2016 unemployment 15.5%; gap vs county median 10.5 percentage points","BLS LAUS 2016 via Plotly public sample dataset"
"72101","Morovis Municipio","PR","8.5","8.5","Morovis Municipio, PR","2016 unemployment 13.5%; gap vs county median 8.5 percentage points","BLS LAUS 2016 via Plotly public sample dataset"
"72103","Naguabo Municipio","PR","7.4","7.4","Naguabo Municipio, PR","2016 unemployment 12.4%; gap vs county median 7.4 percentage points","BLS LAUS 2016 via Plotly public sample dataset"
"72105","Naranjito Municipio","PR","8","8","Naranjito Municipio, PR","2016 unemployment 13%; gap vs county median 8 percentage points","BLS LAUS 2016 via Plotly public sample dataset"
"72107","Orocovis Municipio","PR","10.5","10.5","Orocovis Municipio, PR","2016 unemployment 15.5%; gap vs county median 10.5 percentage points","BLS LAUS 2016 via Plotly public sample dataset"
"72109","Patillas Municipio","PR","15.6","15.6","Patillas Municipio, PR","2016 unemployment 20.6%; gap vs county median 15.6 percentage points","BLS LAUS 2016 via Plotly public sample dataset"
"72111","Penuelas Municipio","PR","11.6","11.6","Penuelas Municipio, PR","2016 unemployment 16.6%; gap vs county median 11.6 percentage points","BLS LAUS 2016 via Plotly public sample dataset"
"72113","Ponce Municipio","PR","8.4","8.4","Ponce Municipio, PR","2016 unemployment 13.4%; gap vs county median 8.4 percentage points","BLS LAUS 2016 via Plotly public sample dataset"
"72115","Quebradillas Municipio","PR","11","11","Quebradillas Municipio, PR","2016 unemployment 16%; gap vs county median 11 percentage points","BLS LAUS 2016 via Plotly public sample dataset"
"72117","Rincon Municipio","PR","10.7","10.7","Rincon Municipio, PR","2016 unemployment 15.7%; gap vs county median 10.7 percentage points","BLS LAUS 2016 via Plotly public sample dataset"
"72119","Rio Grande Municipio","PR","5.5","5.5","Rio Grande Municipio, PR","2016 unemployment 10.5%; gap vs county median 5.5 percentage points","BLS LAUS 2016 via Plotly public sample dataset"
"72121","Sabana Grande Municipio","PR","10.9","10.9","Sabana Grande Municipio, PR","2016 unemployment 15.9%; gap vs county median 10.9 percentage points","BLS LAUS 2016 via Plotly public sample dataset"
"72123","Salinas Municipio","PR","16.7","16.7","Salinas Municipio, PR","2016 unemployment 21.7%; gap vs county median 16.7 percentage points","BLS LAUS 2016 via Plotly public sample dataset"
"72125","San German Municipio","PR","10.1","10.1","San German Municipio, PR","2016 unemployment 15.1%; gap vs county median 10.1 percentage points","BLS LAUS 2016 via Plotly public sample dataset"
"72127","San Juan Municipio","PR","2.9","2.9","San Juan Municipio, PR","2016 unemployment 7.9%; gap vs county median 2.9 percentage points","BLS LAUS 2016 via Plotly public sample dataset"
"72129","San Lorenzo Municipio","PR","7.6","7.6","San Lorenzo Municipio, PR","2016 unemployment 12.6%; gap vs county median 7.6 percentage points","BLS LAUS 2016 via Plotly public sample dataset"
"72131","San Sebastian Municipio","PR","13.9","13.9","San Sebastian Municipio, PR","2016 unemployment 18.9%; gap vs county median 13.9 percentage points","BLS LAUS 2016 via Plotly public sample dataset"
"72133","Santa Isabel Municipio","PR","11.8","11.8","Santa Isabel Municipio, PR","2016 unemployment 16.8%; gap vs county median 11.8 percentage points","BLS LAUS 2016 via Plotly public sample dataset"
"72135","Toa Alta Municipio","PR","3.4","3.4","Toa Alta Municipio, PR","2016 unemployment 8.4%; gap vs county median 3.4 percentage points","BLS LAUS 2016 via Plotly public sample dataset"
"72137","Toa Baja Municipio","PR","3.9","3.9","Toa Baja Municipio, PR","2016 unemployment 8.9%; gap vs county median 3.9 percentage points","BLS LAUS 2016 via Plotly public sample dataset"
"72139","Trujillo Alto Municipio","PR","2.2","2.2","Trujillo Alto Municipio, PR","2016 unemployment 7.2%; gap vs county median 2.2 percentage points","BLS LAUS 2016 via Plotly public sample dataset"
"72141","Utuado Municipio","PR","10.5","10.5","Utuado Municipio, PR","2016 unemployment 15.5%; gap vs county median 10.5 percentage points","BLS LAUS 2016 via Plotly public sample dataset"
"72143","Vega Alta Municipio","PR","6.6","6.6","Vega Alta Municipio, PR","2016 unemployment 11.6%; gap vs county median 6.6 percentage points","BLS LAUS 2016 via Plotly public sample dataset"
"72145","Vega Baja Municipio","PR","8.9","8.9","Vega Baja Municipio, PR","2016 unemployment 13.9%; gap vs county median 8.9 percentage points","BLS LAUS 2016 via Plotly public sample dataset"
"72147","Vieques Municipio","PR","5.6","5.6","Vieques Municipio, PR","2016 unemployment 10.6%; gap vs county median 5.6 percentage points","BLS LAUS 2016 via Plotly public sample dataset"
"72149","Villalba Municipio","PR","15.2","15.2","Villalba Municipio, PR","2016 unemployment 20.2%; gap vs county median 15.2 percentage points","BLS LAUS 2016 via Plotly public sample dataset"
"72151","Yabucoa Municipio","PR","11.9","11.9","Yabucoa Municipio, PR","2016 unemployment 16.9%; gap vs county median 11.9 percentage points","BLS LAUS 2016 via Plotly public sample dataset"
"72153","Yauco Municipio","PR","13.8","13.8","Yauco Municipio, PR","2016 unemployment 18.8%; gap vs county median 13.8 percentage points","BLS LAUS 2016 via Plotly public sample dataset"
